run,feature_set,model,operating_point,threshold,attribute,group_a,group_b,selection_rate,degenerate_operating_point,demographic_parity_difference,disparate_impact_ratio,passes_four_fifths_rule,fpr_difference,fnr_difference,equal_opportunity_difference,equalized_odds_difference,ppv_difference,base_rate_difference
X1+X2_to_X3,age_blind,TabPFN,0.5,0.5,race,African-American,Caucasian,0.36194331983805667,False,0.23270440251572327,1.930817610062893,True,0.16893564356435642,-0.25003662198784155,0.2500366219878415,0.2500366219878415,0.10535132619823173,0.13310871518418693
X1+X2_to_X3,age_blind,TabPFN,0.5,0.5,sex,Female,Male,0.36194331983805667,False,-0.18292818292818294,0.538762944304506,False,-0.09460919525619355,0.24834337349397584,-0.2483433734939759,0.2483433734939759,-0.16987405541561718,-0.12481962481962483
X1+X2_to_X3,age_blind,TabPFN,break_even,0.2523364485981308,race,African-American,Caucasian,0.8663967611336032,False,0.2122192273135669,1.2811737396583536,True,0.2584828795379538,-0.13141800336922288,0.13141800336922294,0.2584828795379538,0.0915954963966043,0.13310871518418693
X1+X2_to_X3,age_blind,TabPFN,break_even,0.2523364485981308,sex,Female,Male,0.8663967611336032,False,-0.24114774114774118,0.7356091030789825,False,-0.23458453559761538,0.21759538152610441,-0.21759538152610447,0.23458453559761538,-0.11221492803873279,-0.12481962481962483
X1+X2_to_X3,age_blind,COMPAS tool,tool,,race,African-American,Caucasian,0.46639676113360323,False,0.2434860736747529,1.681761006289308,True,0.15681724422442245,-0.2627627627627628,0.2627627627627628,0.2627627627627628,0.11825479930191973,0.13310871518418693
X1+X2_to_X3,age_blind,COMPAS tool,tool,,sex,Female,Male,0.46639676113360323,False,-0.021811521811521795,0.9536447275300779,True,0.003101524068589434,-0.04716365461847388,0.04716365461847394,0.04716365461847394,-0.10894752805580832,-0.12481962481962483
X1+X2_to_X3,protected_blind,TabPFN,0.5,0.5,race,African-American,Caucasian,0.3319838056680162,False,0.15476190476190477,1.5909090909090908,True,0.08730404290429045,-0.1778729949461657,0.1778729949461657,0.1778729949461657,0.14065180102915953,0.13310871518418693
X1+X2_to_X3,protected_blind,TabPFN,0.5,0.5,sex,Female,Male,0.3319838056680162,False,-0.11433011433011434,0.6767106089139987,False,-0.021189510747289364,0.1904618473895583,-0.19046184738955818,0.19046184738955818,-0.22023809523809518,-0.12481962481962483
X1+X2_to_X3,protected_blind,TabPFN,break_even,0.2523364485981308,race,African-American,Caucasian,0.8388663967611336,False,0.08607367475292005,1.1085613915802595,True,0.09730816831683164,-0.03777558045850729,0.03777558045850726,0.09730816831683164,0.11375955562002077,0.13310871518418693
X1+X2_to_X3,protected_blind,TabPFN,break_even,0.2523364485981308,sex,Female,Male,0.8388663967611336,False,-0.09118659118659123,0.8934915078438999,True,-0.05760699622478427,0.10572289156626506,-0.10572289156626513,0.10572289156626513,-0.13819807956819624,-0.12481962481962483
X1+X2_to_X3,protected_blind,COMPAS tool,tool,,race,African-American,Caucasian,0.46639676113360323,False,0.2434860736747529,1.681761006289308,True,0.15681724422442245,-0.2627627627627628,0.2627627627627628,0.2627627627627628,0.11825479930191973,0.13310871518418693
X1+X2_to_X3,protected_blind,COMPAS tool,tool,,sex,Female,Male,0.46639676113360323,False,-0.021811521811521795,0.9536447275300779,True,0.003101524068589434,-0.04716365461847388,0.04716365461847394,0.04716365461847394,-0.10894752805580832,-0.12481962481962483
X1+X2_to_X3,race_aware,TabPFN,0.5,0.5,race,African-American,Caucasian,0.39838056680161943,False,0.21266846361185981,1.7321373337457469,True,0.11458333333333331,-0.25521863326741373,0.2552186332674138,0.2552186332674138,0.14339139344262286,0.13310871518418693
X1+X2_to_X3,race_aware,TabPFN,0.5,0.5,sex,Female,Male,0.39838056680161943,False,-0.2015207015207015,0.5383930841596746,False,-0.09096109112633627,0.2851154618473895,-0.2851154618473896,0.2851154618473896,-0.1795714582899937,-0.12481962481962483
X1+X2_to_X3,race_aware,TabPFN,break_even,0.2523364485981308,race,African-American,Caucasian,0.7959514170040486,False,0.23814016172506736,1.3534235615707713,True,0.2748427186468647,-0.15007690617446717,0.15007690617446712,0.2748427186468647,0.0818447666626051,0.13310871518418693
X1+X2_to_X3,race_aware,TabPFN,break_even,0.2523364485981308,sex,Female,Male,0.7959514170040486,False,-0.206959706959707,0.7521929824561403,False,-0.17240152025524025,0.20627510040160643,-0.20627510040160646,0.20627510040160646,-0.12532955766038467,-0.12481962481962483
X1+X2_to_X3,race_aware,COMPAS tool,tool,,race,African-American,Caucasian,0.46639676113360323,False,0.2434860736747529,1.681761006289308,True,0.15681724422442245,-0.2627627627627628,0.2627627627627628,0.2627627627627628,0.11825479930191973,0.13310871518418693
X1+X2_to_X3,race_aware,COMPAS tool,tool,,sex,Female,Male,0.46639676113360323,False,-0.021811521811521795,0.9536447275300779,True,0.003101524068589434,-0.04716365461847388,0.04716365461847394,0.04716365461847394,-0.10894752805580832,-0.12481962481962483
X1+X2_to_X3,race_blind,TabPFN,0.5,0.5,race,African-American,Caucasian,0.3821862348178138,False,0.2175651392632525,1.8015557762330356,True,0.11761293316831684,-0.261499304182231,0.261499304182231,0.261499304182231,0.13868674902690803,0.13310871518418693
X1+X2_to_X3,race_blind,TabPFN,0.5,0.5,sex,Female,Male,0.3821862348178138,False,-0.18154068154068154,0.5642152944311217,False,-0.06792846156779497,0.26844879518072284,-0.2684487951807229,0.2684487951807229,-0.192544146500981,-0.12481962481962483
X1+X2_to_X3,race_blind,TabPFN,break_even,0.2523364485981308,race,African-American,Caucasian,0.7773279352226721,False,0.18544474393530996,1.2742492692001062,True,0.20614170792079212,-0.1078517541932176,0.10785175419321769,0.20614170792079212,0.090212809704945,0.13310871518418693
X1+X2_to_X3,race_blind,TabPFN,break_even,0.2523364485981308,sex,Female,Male,0.7773279352226721,False,-0.16816516816516813,0.7921810699588477,False,-0.13593319012088323,0.15554718875502008,-0.15554718875502005,0.15554718875502005,-0.12197530864197531,-0.12481962481962483
X1+X2_to_X3,race_blind,COMPAS tool,tool,,race,African-American,Caucasian,0.46639676113360323,False,0.2434860736747529,1.681761006289308,True,0.15681724422442245,-0.2627627627627628,0.2627627627627628,0.2627627627627628,0.11825479930191973,0.13310871518418693
X1+X2_to_X3,race_blind,COMPAS tool,tool,,sex,Female,Male,0.46639676113360323,False,-0.021811521811521795,0.9536447275300779,True,0.003101524068589434,-0.04716365461847388,0.04716365461847394,0.04716365461847394,-0.10894752805580832,-0.12481962481962483
X1+X2_to_X3,race_priors_blind,TabPFN,0.5,0.5,race,African-American,Caucasian,0.4631578947368421,False,0.13867924528301884,1.3617719442165708,True,0.11923731435643564,-0.11279572255182013,0.11279572255182013,0.11923731435643564,0.10551522861632873,0.13310871518418693
X1+X2_to_X3,race_priors_blind,TabPFN,0.5,0.5,sex,Female,Male,0.4631578947368421,False,-0.5714285714285714,0.0,False,-0.4856046065259117,0.6645833333333333,-0.6645833333333333,0.6645833333333333,,-0.12481962481962483
X1+X2_to_X3,race_priors_blind,TabPFN,break_even,0.2523364485981308,race,African-American,Caucasian,0.9805668016194332,False,0.03656783468104219,1.038205200413029,True,0.04088025990099009,-0.027484801875045775,0.02748480187504576,0.04088025990099009,0.1297940676365011,0.13310871518418693
X1+X2_to_X3,race_priors_blind,TabPFN,break_even,0.2523364485981308,sex,Female,Male,0.9805668016194332,False,-0.10256410256410253,0.8974358974358975,True,-0.11920529801324509,0.07228915662650602,-0.07228915662650603,0.11920529801324509,-0.11285381285381291,-0.12481962481962483
X1+X2_to_X3,race_priors_blind,COMPAS tool,tool,,race,African-American,Caucasian,0.46639676113360323,False,0.2434860736747529,1.681761006289308,True,0.15681724422442245,-0.2627627627627628,0.2627627627627628,0.2627627627627628,0.11825479930191973,0.13310871518418693
X1+X2_to_X3,race_priors_blind,COMPAS tool,tool,,sex,Female,Male,0.46639676113360323,False,-0.021811521811521795,0.9536447275300779,True,0.003101524068589434,-0.04716365461847388,0.04716365461847394,0.04716365461847394,-0.10894752805580832,-0.12481962481962483
X1+X2_to_X3,race_proxy_blind,TabPFN,0.5,0.5,race,African-American,Caucasian,0.17894736842105263,False,0.07816711590296496,1.5969125214408233,True,0.053553011551155105,-0.08142898996557524,0.08142898996557535,0.08142898996557535,0.1193438140806562,0.13310871518418693
X1+X2_to_X3,race_proxy_blind,TabPFN,0.5,0.5,sex,Female,Male,0.17894736842105263,False,-0.22077922077922077,0.0,False,-0.1689059500959693,0.27708333333333335,-0.27708333333333335,0.27708333333333335,,-0.12481962481962483
X1+X2_to_X3,race_proxy_blind,TabPFN,break_even,0.2523364485981308,race,African-American,Caucasian,1.0,True,0.0,1.0,True,0.0,0.0,0.0,0.0,0.13310871518418693,0.13310871518418693
X1+X2_to_X3,race_proxy_blind,TabPFN,break_even,0.2523364485981308,sex,Female,Male,1.0,True,0.0,1.0,True,0.0,0.0,0.0,0.0,-0.12481962481962483,-0.12481962481962483
X1+X2_to_X3,race_proxy_blind,COMPAS tool,tool,,race,African-American,Caucasian,0.46639676113360323,False,0.2434860736747529,1.681761006289308,True,0.15681724422442245,-0.2627627627627628,0.2627627627627628,0.2627627627627628,0.11825479930191973,0.13310871518418693
X1+X2_to_X3,race_proxy_blind,COMPAS tool,tool,,sex,Female,Male,0.46639676113360323,False,-0.021811521811521795,0.9536447275300779,True,0.003101524068589434,-0.04716365461847388,0.04716365461847394,0.04716365461847394,-0.10894752805580832,-0.12481962481962483
X1+X2_to_X3,sex_blind,TabPFN,0.5,0.5,race,African-American,Caucasian,0.3894736842105263,False,0.22776280323450138,1.8318293683347007,True,0.13081425330033003,-0.26741375521863325,0.2674137552186333,0.2674137552186333,0.12999863704511383,0.13310871518418693
X1+X2_to_X3,sex_blind,TabPFN,0.5,0.5,sex,Female,Male,0.3894736842105263,False,-0.12726162726162726,0.6922973698336017,False,-0.017732074080665045,0.20612449799196786,-0.20612449799196786,0.20612449799196786,-0.2083783978657438,-0.12481962481962483
X1+X2_to_X3,sex_blind,TabPFN,break_even,0.2523364485981308,race,African-American,Caucasian,0.7716599190283401,False,0.1893081761006289,1.277036355269213,True,0.21543677805280526,-0.10466564125100712,0.10466564125100719,0.21543677805280526,0.08649276454154509,0.13310871518418693
X1+X2_to_X3,sex_blind,TabPFN,break_even,0.2523364485981308,sex,Female,Male,0.7716599190283401,False,-0.08208458208458203,0.8957275803722505,True,-0.04562036836953898,0.07075803212851405,-0.07075803212851406,0.07075803212851406,-0.13131056760498389,-0.12481962481962483
X1+X2_to_X3,sex_blind,COMPAS tool,tool,,race,African-American,Caucasian,0.46639676113360323,False,0.2434860736747529,1.681761006289308,True,0.15681724422442245,-0.2627627627627628,0.2627627627627628,0.2627627627627628,0.11825479930191973,0.13310871518418693
X1+X2_to_X3,sex_blind,COMPAS tool,tool,,sex,Female,Male,0.46639676113360323,False,-0.021811521811521795,0.9536447275300779,True,0.003101524068589434,-0.04716365461847388,0.04716365461847394,0.04716365461847394,-0.10894752805580832,-0.12481962481962483
X1_to_X3,age_blind,TabPFN,0.5,0.5,race,African-American,Caucasian,0.38866396761133604,False,0.22057502246181493,1.7720125786163523,True,0.15236953382838286,-0.2466673991064235,0.24666739910642355,0.24666739910642355,0.13141821946169774,0.13310871518418693
X1_to_X3,age_blind,TabPFN,0.5,0.5,sex,Female,Male,0.38866396761133604,False,-0.18426018426018423,0.5649895178197065,False,-0.09220678521945824,0.25921184738955827,-0.2592118473895582,0.2592118473895582,-0.1880053908355795,-0.12481962481962483
X1_to_X3,age_blind,TabPFN,break_even,0.2523364485981308,race,African-American,Caucasian,0.8048582995951417,False,0.3550763701707097,1.5802804493062181,True,0.4186391295379538,-0.24727166190580827,0.2472716619058083,0.4186391295379538,0.06315523077409757,0.13310871518418693
X1_to_X3,age_blind,TabPFN,break_even,0.2523364485981308,sex,Female,Male,0.8048582995951417,False,-0.16522366522366527,0.8024027611841231,True,-0.13669585997381506,0.16551204819277107,-0.1655120481927711,0.1655120481927711,-0.12839303244070044,-0.12481962481962483
X1_to_X3,age_blind,COMPAS tool,tool,,race,African-American,Caucasian,0.46639676113360323,False,0.2434860736747529,1.681761006289308,True,0.15681724422442245,-0.2627627627627628,0.2627627627627628,0.2627627627627628,0.11825479930191973,0.13310871518418693
X1_to_X3,age_blind,COMPAS tool,tool,,sex,Female,Male,0.46639676113360323,False,-0.021811521811521795,0.9536447275300779,True,0.003101524068589434,-0.04716365461847388,0.04716365461847394,0.04716365461847394,-0.10894752805580832,-0.12481962481962483
X1_to_X3,protected_blind,TabPFN,0.5,0.5,race,African-American,Caucasian,0.42186234817813767,False,0.13890386343216532,1.3863551168311883,True,0.08266295379537952,-0.14928953343587492,0.14928953343587487,0.14928953343587487,0.1405352330415527,0.13310871518418693
X1_to_X3,protected_blind,TabPFN,0.5,0.5,sex,Female,Male,0.42186234817813767,False,-0.11449661449661452,0.7418668668668669,False,-0.03384983030595773,0.1695281124497992,-0.16952811244979926,0.16952811244979926,-0.18456768456768463,-0.12481962481962483
X1_to_X3,protected_blind,TabPFN,break_even,0.2523364485981308,race,African-American,Caucasian,0.8388663967611336,False,0.08607367475292005,1.1085613915802595,True,0.09730816831683164,-0.03777558045850729,0.03777558045850726,0.09730816831683164,0.11375955562002077,0.13310871518418693
X1_to_X3,protected_blind,TabPFN,break_even,0.2523364485981308,sex,Female,Male,0.8388663967611336,False,-0.09118659118659123,0.8934915078438999,True,-0.05760699622478427,0.10572289156626506,-0.10572289156626513,0.10572289156626513,-0.13819807956819624,-0.12481962481962483
X1_to_X3,protected_blind,COMPAS tool,tool,,race,African-American,Caucasian,0.46639676113360323,False,0.2434860736747529,1.681761006289308,True,0.15681724422442245,-0.2627627627627628,0.2627627627627628,0.2627627627627628,0.11825479930191973,0.13310871518418693
X1_to_X3,protected_blind,COMPAS tool,tool,,sex,Female,Male,0.46639676113360323,False,-0.021811521811521795,0.9536447275300779,True,0.003101524068589434,-0.04716365461847388,0.04716365461847394,0.04716365461847394,-0.10894752805580832,-0.12481962481962483
X1_to_X3,race_aware,TabPFN,0.5,0.5,race,African-American,Caucasian,0.4040485829959514,False,0.22367475292003597,1.7700278379214351,True,0.12448432343234322,-0.26723064527942575,0.26723064527942575,0.26723064527942575,0.14097357998696536,0.13310871518418693
X1_to_X3,race_aware,TabPFN,0.5,0.5,sex,Female,Male,0.4040485829959514,False,-0.17687867687867687,0.5957635717909691,False,-0.0710935414574621,0.2510542168674698,-0.2510542168674699,0.2510542168674699,-0.1794295980238042,-0.12481962481962483
X1_to_X3,race_aware,TabPFN,break_even,0.2523364485981308,race,African-American,Caucasian,0.7441295546558705,False,0.2449685534591195,1.3972463029066802,True,0.2764542079207921,-0.1505346810224859,0.1505346810224859,0.2764542079207921,0.07169630527294757,0.13310871518418693
X1_to_X3,race_aware,TabPFN,break_even,0.2523364485981308,sex,Female,Male,0.7441295546558705,False,-0.12720612720612712,0.834416991764196,True,-0.08027100202107518,0.13054718875502008,-0.13054718875502003,0.13054718875502003,-0.13526657997399222,-0.12481962481962483
X1_to_X3,race_aware,COMPAS tool,tool,,race,African-American,Caucasian,0.46639676113360323,False,0.2434860736747529,1.681761006289308,True,0.15681724422442245,-0.2627627627627628,0.2627627627627628,0.2627627627627628,0.11825479930191973,0.13310871518418693
X1_to_X3,race_aware,COMPAS tool,tool,,sex,Female,Male,0.46639676113360323,False,-0.021811521811521795,0.9536447275300779,True,0.003101524068589434,-0.04716365461847388,0.04716365461847394,0.04716365461847394,-0.10894752805580832,-0.12481962481962483
X1_to_X3,race_blind,TabPFN,0.5,0.5,race,African-American,Caucasian,0.40566801619433196,False,0.22053009883198565,1.7592019795855243,True,0.11397741336633666,-0.2733282062550355,0.2733282062550355,0.2733282062550355,0.15336696090794444,0.13310871518418693
X1_to_X3,race_blind,TabPFN,0.5,0.5,sex,Female,Male,0.40566801619433196,False,-0.16305916305916301,0.6264937706585305,False,-0.04930660599204281,0.2510542168674698,-0.2510542168674699,0.2510542168674699,-0.20401887871853552,-0.12481962481962483
X1_to_X3,race_blind,TabPFN,break_even,0.2523364485981308,race,African-American,Caucasian,0.7182186234817813,False,0.18122192273135673,1.2905084257525565,True,0.1861334570957096,-0.1114040870138431,0.11140408701384308,0.1861334570957096,0.09152850667938933,0.13310871518418693
X1_to_X3,race_blind,TabPFN,break_even,0.2523364485981308,sex,Female,Male,0.7182186234817813,False,-0.07414807414807412,0.8987418523571321,True,-0.012418807438573265,0.09558232931726907,-0.09558232931726907,0.09558232931726907,-0.15194628018638934,-0.12481962481962483
X1_to_X3,race_blind,COMPAS tool,tool,,race,African-American,Caucasian,0.46639676113360323,False,0.2434860736747529,1.681761006289308,True,0.15681724422442245,-0.2627627627627628,0.2627627627627628,0.2627627627627628,0.11825479930191973,0.13310871518418693
X1_to_X3,race_blind,COMPAS tool,tool,,sex,Female,Male,0.46639676113360323,False,-0.021811521811521795,0.9536447275300779,True,0.003101524068589434,-0.04716365461847388,0.04716365461847394,0.04716365461847394,-0.10894752805580832,-0.12481962481962483
X1_to_X3,race_priors_blind,TabPFN,0.5,0.5,race,African-American,Caucasian,0.4631578947368421,False,0.13867924528301884,1.3617719442165708,True,0.11923731435643564,-0.11279572255182013,0.11279572255182013,0.11923731435643564,0.10551522861632873,0.13310871518418693
X1_to_X3,race_priors_blind,TabPFN,0.5,0.5,sex,Female,Male,0.4631578947368421,False,-0.5714285714285714,0.0,False,-0.4856046065259117,0.6645833333333333,-0.6645833333333333,0.6645833333333333,,-0.12481962481962483
X1_to_X3,race_priors_blind,TabPFN,break_even,0.2523364485981308,race,African-American,Caucasian,0.9805668016194332,False,0.03656783468104219,1.038205200413029,True,0.04088025990099009,-0.027484801875045775,0.02748480187504576,0.04088025990099009,0.1297940676365011,0.13310871518418693
X1_to_X3,race_priors_blind,TabPFN,break_even,0.2523364485981308,sex,Female,Male,0.9805668016194332,False,-0.10256410256410253,0.8974358974358975,True,-0.11920529801324509,0.07228915662650602,-0.07228915662650603,0.11920529801324509,-0.11285381285381291,-0.12481962481962483
X1_to_X3,race_priors_blind,COMPAS tool,tool,,race,African-American,Caucasian,0.46639676113360323,False,0.2434860736747529,1.681761006289308,True,0.15681724422442245,-0.2627627627627628,0.2627627627627628,0.2627627627627628,0.11825479930191973,0.13310871518418693
X1_to_X3,race_priors_blind,COMPAS tool,tool,,sex,Female,Male,0.46639676113360323,False,-0.021811521811521795,0.9536447275300779,True,0.003101524068589434,-0.04716365461847388,0.04716365461847394,0.04716365461847394,-0.10894752805580832,-0.12481962481962483
X1_to_X3,race_proxy_blind,TabPFN,0.5,0.5,race,African-American,Caucasian,0.17894736842105263,False,0.07816711590296496,1.5969125214408233,True,0.053553011551155105,-0.08142898996557524,0.08142898996557535,0.08142898996557535,0.1193438140806562,0.13310871518418693
X1_to_X3,race_proxy_blind,TabPFN,0.5,0.5,sex,Female,Male,0.17894736842105263,False,-0.22077922077922077,0.0,False,-0.1689059500959693,0.27708333333333335,-0.27708333333333335,0.27708333333333335,,-0.12481962481962483
X1_to_X3,race_proxy_blind,TabPFN,break_even,0.2523364485981308,race,African-American,Caucasian,1.0,True,0.0,1.0,True,0.0,0.0,0.0,0.0,0.13310871518418693,0.13310871518418693
X1_to_X3,race_proxy_blind,TabPFN,break_even,0.2523364485981308,sex,Female,Male,1.0,True,0.0,1.0,True,0.0,0.0,0.0,0.0,-0.12481962481962483,-0.12481962481962483
X1_to_X3,race_proxy_blind,COMPAS tool,tool,,race,African-American,Caucasian,0.46639676113360323,False,0.2434860736747529,1.681761006289308,True,0.15681724422442245,-0.2627627627627628,0.2627627627627628,0.2627627627627628,0.11825479930191973,0.13310871518418693
X1_to_X3,race_proxy_blind,COMPAS tool,tool,,sex,Female,Male,0.46639676113360323,False,-0.021811521811521795,0.9536447275300779,True,0.003101524068589434,-0.04716365461847388,0.04716365461847394,0.04716365461847394,-0.10894752805580832,-0.12481962481962483
X1_to_X3,sex_blind,TabPFN,0.5,0.5,race,African-American,Caucasian,0.40566801619433196,False,0.226010781671159,1.7717441325356649,True,0.11215965346534651,-0.291529334212261,0.291529334212261,0.291529334212261,0.16962305986696224,0.13310871518418693
X1_to_X3,sex_blind,TabPFN,0.5,0.5,sex,Female,Male,0.40566801619433196,False,-0.12087912087912084,0.7179487179487181,False,-0.001893963468114046,0.21862449799196787,-0.21862449799196781,0.21862449799196781,-0.23154623154623155,-0.12481962481962483
X1_to_X3,sex_blind,TabPFN,break_even,0.2523364485981308,race,African-American,Caucasian,0.7182186234817813,False,0.18122192273135673,1.2905084257525565,True,0.1861334570957096,-0.1114040870138431,0.11140408701384308,0.1861334570957096,0.09152850667938933,0.13310871518418693
X1_to_X3,sex_blind,TabPFN,break_even,0.2523364485981308,sex,Female,Male,0.7182186234817813,False,-0.07414807414807412,0.8987418523571321,True,-0.012418807438573265,0.09558232931726907,-0.09558232931726907,0.09558232931726907,-0.15194628018638934,-0.12481962481962483
X1_to_X3,sex_blind,COMPAS tool,tool,,race,African-American,Caucasian,0.46639676113360323,False,0.2434860736747529,1.681761006289308,True,0.15681724422442245,-0.2627627627627628,0.2627627627627628,0.2627627627627628,0.11825479930191973,0.13310871518418693
X1_to_X3,sex_blind,COMPAS tool,tool,,sex,Female,Male,0.46639676113360323,False,-0.021811521811521795,0.9536447275300779,True,0.003101524068589434,-0.04716365461847388,0.04716365461847394,0.04716365461847394,-0.10894752805580832,-0.12481962481962483
X2_to_X3,age_blind,TabPFN,0.5,0.5,race,African-American,Caucasian,0.31659919028340083,False,0.26792452830188684,2.4614065180102918,True,0.20173267326732675,-0.2901743206621255,0.29017432066212556,0.29017432066212556,0.07063668039277793,0.13310871518418693
X2_to_X3,age_blind,TabPFN,0.5,0.5,sex,Female,Male,0.31659919028340083,False,-0.1797091797091797,0.4874960430515986,False,-0.09787596445958485,0.2402861445783132,-0.24028614457831327,0.24028614457831327,-0.1581196581196581,-0.12481962481962483
X2_to_X3,age_blind,TabPFN,break_even,0.2523364485981308,race,African-American,Caucasian,0.9157894736842105,False,0.06698113207547163,1.0744234800838575,True,0.07098287953795379,-0.05214971068629605,0.052149710686296036,0.07098287953795379,0.127964898696606,0.13310871518418693
X2_to_X3,age_blind,TabPFN,break_even,0.2523364485981308,sex,Female,Male,0.9157894736842105,False,-0.30208680208680216,0.6895391284508327,False,-0.32671505383178046,0.24467871485943773,-0.24467871485943782,0.32671505383178046,-0.09380190690435397,-0.12481962481962483
X2_to_X3,age_blind,COMPAS tool,tool,,race,African-American,Caucasian,0.46639676113360323,False,0.2434860736747529,1.681761006289308,True,0.15681724422442245,-0.2627627627627628,0.2627627627627628,0.2627627627627628,0.11825479930191973,0.13310871518418693
X2_to_X3,age_blind,COMPAS tool,tool,,sex,Female,Male,0.46639676113360323,False,-0.021811521811521795,0.9536447275300779,True,0.003101524068589434,-0.04716365461847388,0.04716365461847394,0.04716365461847394,-0.10894752805580832,-0.12481962481962483
X2_to_X3,protected_blind,TabPFN,0.5,0.5,race,African-American,Caucasian,0.3319838056680162,False,0.15476190476190477,1.5909090909090908,True,0.08730404290429045,-0.1778729949461657,0.1778729949461657,0.1778729949461657,0.14065180102915953,0.13310871518418693
X2_to_X3,protected_blind,TabPFN,0.5,0.5,sex,Female,Male,0.3319838056680162,False,-0.11433011433011434,0.6767106089139987,False,-0.021189510747289364,0.1904618473895583,-0.19046184738955818,0.19046184738955818,-0.22023809523809518,-0.12481962481962483
X2_to_X3,protected_blind,TabPFN,break_even,0.2523364485981308,race,African-American,Caucasian,0.8388663967611336,False,0.08607367475292005,1.1085613915802595,True,0.09730816831683164,-0.03777558045850729,0.03777558045850726,0.09730816831683164,0.11375955562002077,0.13310871518418693
X2_to_X3,protected_blind,TabPFN,break_even,0.2523364485981308,sex,Female,Male,0.8388663967611336,False,-0.09118659118659123,0.8934915078438999,True,-0.05760699622478427,0.10572289156626506,-0.10572289156626513,0.10572289156626513,-0.13819807956819624,-0.12481962481962483
X2_to_X3,protected_blind,COMPAS tool,tool,,race,African-American,Caucasian,0.46639676113360323,False,0.2434860736747529,1.681761006289308,True,0.15681724422442245,-0.2627627627627628,0.2627627627627628,0.2627627627627628,0.11825479930191973,0.13310871518418693
X2_to_X3,protected_blind,COMPAS tool,tool,,sex,Female,Male,0.46639676113360323,False,-0.021811521811521795,0.9536447275300779,True,0.003101524068589434,-0.04716365461847388,0.04716365461847394,0.04716365461847394,-0.10894752805580832,-0.12481962481962483
X2_to_X3,race_aware,TabPFN,0.5,0.5,race,African-American,Caucasian,0.3708502024291498,False,0.24847259658580415,2.0131892287964828,True,0.1554635932343234,-0.28279499011206327,0.2827949901120633,0.2827949901120633,0.10537381732731432,0.13310871518418693
X2_to_X3,race_aware,TabPFN,0.5,0.5,sex,Female,Male,0.3708502024291498,False,-0.1780996780996781,0.5598079561042524,False,-0.08203785384703383,0.2376506024096386,-0.23765060240963853,0.23765060240963853,-0.15317959468902864,-0.12481962481962483
X2_to_X3,race_aware,TabPFN,break_even,0.2523364485981308,race,African-American,Caucasian,0.7967611336032389,False,0.12353998203054806,1.1673767498478393,True,0.12411045792079212,-0.07736394931516882,0.07736394931516888,0.12411045792079212,0.11365669884624441,0.13310871518418693
X2_to_X3,race_aware,TabPFN,break_even,0.2523364485981308,sex,Female,Male,0.7967611336032389,False,-0.19214119214119207,0.7693844924060752,False,-0.17240152025524025,0.16596385542168673,-0.1659638554216868,0.17240152025524025,-0.1123741007194245,-0.12481962481962483
X2_to_X3,race_aware,COMPAS tool,tool,,race,African-American,Caucasian,0.46639676113360323,False,0.2434860736747529,1.681761006289308,True,0.15681724422442245,-0.2627627627627628,0.2627627627627628,0.2627627627627628,0.11825479930191973,0.13310871518418693
X2_to_X3,race_aware,COMPAS tool,tool,,sex,Female,Male,0.46639676113360323,False,-0.021811521811521795,0.9536447275300779,True,0.003101524068589434,-0.04716365461847388,0.04716365461847394,0.04716365461847394,-0.10894752805580832,-0.12481962481962483
X2_to_X3,race_blind,TabPFN,0.5,0.5,race,African-American,Caucasian,0.37327935222672065,False,0.22003593890386342,1.8478449021983727,True,0.12724319306930693,-0.25249029517322197,0.25249029517322197,0.25249029517322197,0.117100315836968,0.13310871518418693
X2_to_X3,race_blind,TabPFN,0.5,0.5,sex,Female,Male,0.37327935222672065,False,-0.22854922854922854,0.4513722355448974,False,-0.12090859401812609,0.30459337349397586,-0.3045933734939759,0.3045933734939759,-0.1379986919555265,-0.12481962481962483
X2_to_X3,race_blind,TabPFN,break_even,0.2523364485981308,race,African-American,Caucasian,0.8323886639676114,False,0.16913746630727755,1.22915398660986,True,0.19011705858085803,-0.10439097634219585,0.10439097634219585,0.19011705858085803,0.10100631743724497,0.13310871518418693
X2_to_X3,race_blind,TabPFN,break_even,0.2523364485981308,sex,Female,Male,0.8323886639676114,False,-0.2360972360972361,0.7308276385725133,False,-0.23766063733777387,0.18679718875502008,-0.18679718875502005,0.23766063733777387,-0.09708428246013673,-0.12481962481962483
X2_to_X3,race_blind,COMPAS tool,tool,,race,African-American,Caucasian,0.46639676113360323,False,0.2434860736747529,1.681761006289308,True,0.15681724422442245,-0.2627627627627628,0.2627627627627628,0.2627627627627628,0.11825479930191973,0.13310871518418693
X2_to_X3,race_blind,COMPAS tool,tool,,sex,Female,Male,0.46639676113360323,False,-0.021811521811521795,0.9536447275300779,True,0.003101524068589434,-0.04716365461847388,0.04716365461847394,0.04716365461847394,-0.10894752805580832,-0.12481962481962483
X2_to_X3,race_priors_blind,TabPFN,0.5,0.5,race,African-American,Caucasian,0.4631578947368421,False,0.13867924528301884,1.3617719442165708,True,0.11923731435643564,-0.11279572255182013,0.11279572255182013,0.11923731435643564,0.10551522861632873,0.13310871518418693
X2_to_X3,race_priors_blind,TabPFN,0.5,0.5,sex,Female,Male,0.4631578947368421,False,-0.5714285714285714,0.0,False,-0.4856046065259117,0.6645833333333333,-0.6645833333333333,0.6645833333333333,,-0.12481962481962483
X2_to_X3,race_priors_blind,TabPFN,break_even,0.2523364485981308,race,African-American,Caucasian,0.9805668016194332,False,0.03656783468104219,1.038205200413029,True,0.04088025990099009,-0.027484801875045775,0.02748480187504576,0.04088025990099009,0.1297940676365011,0.13310871518418693
X2_to_X3,race_priors_blind,TabPFN,break_even,0.2523364485981308,sex,Female,Male,0.9805668016194332,False,-0.10256410256410253,0.8974358974358975,True,-0.11920529801324509,0.07228915662650602,-0.07228915662650603,0.11920529801324509,-0.11285381285381291,-0.12481962481962483
X2_to_X3,race_priors_blind,COMPAS tool,tool,,race,African-American,Caucasian,0.46639676113360323,False,0.2434860736747529,1.681761006289308,True,0.15681724422442245,-0.2627627627627628,0.2627627627627628,0.2627627627627628,0.11825479930191973,0.13310871518418693
X2_to_X3,race_priors_blind,COMPAS tool,tool,,sex,Female,Male,0.46639676113360323,False,-0.021811521811521795,0.9536447275300779,True,0.003101524068589434,-0.04716365461847388,0.04716365461847394,0.04716365461847394,-0.10894752805580832,-0.12481962481962483
X2_to_X3,race_proxy_blind,TabPFN,0.5,0.5,race,African-American,Caucasian,0.17894736842105263,False,0.07816711590296496,1.5969125214408233,True,0.053553011551155105,-0.08142898996557524,0.08142898996557535,0.08142898996557535,0.1193438140806562,0.13310871518418693
X2_to_X3,race_proxy_blind,TabPFN,0.5,0.5,sex,Female,Male,0.17894736842105263,False,-0.22077922077922077,0.0,False,-0.1689059500959693,0.27708333333333335,-0.27708333333333335,0.27708333333333335,,-0.12481962481962483
X2_to_X3,race_proxy_blind,TabPFN,break_even,0.2523364485981308,race,African-American,Caucasian,1.0,True,0.0,1.0,True,0.0,0.0,0.0,0.0,0.13310871518418693,0.13310871518418693
X2_to_X3,race_proxy_blind,TabPFN,break_even,0.2523364485981308,sex,Female,Male,1.0,True,0.0,1.0,True,0.0,0.0,0.0,0.0,-0.12481962481962483,-0.12481962481962483
X2_to_X3,race_proxy_blind,COMPAS tool,tool,,race,African-American,Caucasian,0.46639676113360323,False,0.2434860736747529,1.681761006289308,True,0.15681724422442245,-0.2627627627627628,0.2627627627627628,0.2627627627627628,0.11825479930191973,0.13310871518418693
X2_to_X3,race_proxy_blind,COMPAS tool,tool,,sex,Female,Male,0.46639676113360323,False,-0.021811521811521795,0.9536447275300779,True,0.003101524068589434,-0.04716365461847388,0.04716365461847394,0.04716365461847394,-0.10894752805580832,-0.12481962481962483
X2_to_X3,sex_blind,TabPFN,0.5,0.5,race,African-American,Caucasian,0.37732793522267205,False,0.2539532794249776,2.025580551523948,True,0.15815800330033003,-0.2918039991210723,0.29180399912107235,0.29180399912107235,0.10959729925247175,0.13310871518418693
X2_to_X3,sex_blind,TabPFN,0.5,0.5,sex,Female,Male,0.37732793522267205,False,-0.1333666333666334,0.6687344913151364,False,-0.029922080563358794,0.2035893574297189,-0.20358935742971884,0.20358935742971884,-0.19528142108787278,-0.12481962481962483
X2_to_X3,sex_blind,TabPFN,break_even,0.2523364485981308,race,African-American,Caucasian,0.7408906882591093,False,0.11698113207547167,1.1711919005982512,True,0.11312654702970293,-0.05962059620596208,0.05962059620596205,0.11312654702970293,0.10766482068413163,0.13310871518418693
X2_to_X3,sex_blind,TabPFN,break_even,0.2523364485981308,sex,Female,Male,0.7408906882591093,False,-0.07575757575757569,0.8996913580246915,True,-0.023261430514420756,0.08606927710843373,-0.0860692771084337,0.0860692771084337,-0.144429469901168,-0.12481962481962483
X2_to_X3,sex_blind,COMPAS tool,tool,,race,African-American,Caucasian,0.46639676113360323,False,0.2434860736747529,1.681761006289308,True,0.15681724422442245,-0.2627627627627628,0.2627627627627628,0.2627627627627628,0.11825479930191973,0.13310871518418693
X2_to_X3,sex_blind,COMPAS tool,tool,,sex,Female,Male,0.46639676113360323,False,-0.021811521811521795,0.9536447275300779,True,0.003101524068589434,-0.04716365461847388,0.04716365461847394,0.04716365461847394,-0.10894752805580832,-0.12481962481962483
holdout,age_blind,TabPFN,0.5,0.5,race,African-American,Caucasian,0.3461123110151188,False,0.2713648600434628,2.2869877553531874,True,0.17455957830489668,-0.3125244618395303,0.31252446183953037,0.31252446183953037,0.14954702054357538,0.16242580519606886
holdout,age_blind,TabPFN,0.5,0.5,sex,Female,Male,0.3461123110151188,False,-0.21584748287161154,0.4437919785070044,False,-0.164174151586213,0.21665640258654817,-0.21665640258654817,0.21665640258654817,-0.018636135717867264,-0.12711498361632406
holdout,age_blind,TabPFN,break_even,0.2523364485981308,race,African-American,Caucasian,0.8434125269978402,False,0.23889105121468657,1.3278398468797294,True,0.2650298238313219,-0.17354859752120025,0.17354859752120022,0.2650298238313219,0.13000575043128232,0.16242580519606886
holdout,age_blind,TabPFN,break_even,0.2523364485981308,sex,Female,Male,0.8434125269978402,False,-0.3055927911826035,0.6615111771013775,False,-0.3505209946462545,0.1887344389213918,-0.18873443892139186,0.3505209946462545,-0.05514752853023952,-0.12711498361632406
holdout,age_blind,COMPAS tool,tool,,race,African-American,Caucasian,0.44168466522678185,False,0.23826343615192497,1.7249052656509039,True,0.18407546122901927,-0.20254403131115462,0.20254403131115462,0.20254403131115462,0.0963238877671796,0.16242580519606886
holdout,age_blind,COMPAS tool,tool,,sex,Female,Male,0.44168466522678185,False,-0.0724307417336908,0.841078431372549,True,-0.04189527012079114,0.01749659085910349,-0.01749659085910349,0.04189527012079114,-0.09780477408354649,-0.12711498361632406
holdout,protected_blind,TabPFN,0.5,0.5,race,African-American,Caucasian,0.32397408207343414,False,0.20925691673964517,1.9438511279515462,True,0.1134415314190595,-0.2447243966079583,0.24472439660795825,0.24472439660795825,0.16299477221807324,0.16242580519606886
holdout,protected_blind,TabPFN,0.5,0.5,sex,Female,Male,0.32397408207343414,False,-0.1263032469466786,0.6376068376068376,False,-0.09117959382328217,0.09741345181014383,-0.09741345181014388,0.09741345181014388,-0.05288461538461531,-0.12711498361632406
holdout,protected_blind,TabPFN,break_even,0.2523364485981308,race,African-American,Caucasian,0.8369330453563715,False,0.11043430313645353,1.13994130751083,True,0.12151477320016646,-0.06730267449445532,0.06730267449445537,0.12151477320016646,0.1452848722986248,0.16242580519606886
holdout,protected_blind,TabPFN,break_even,0.2523364485981308,sex,Female,Male,0.8369330453563715,False,-0.11480488531426869,0.8663893222395562,True,-0.129026370514579,0.05603088021818503,-0.05603088021818492,0.129026370514579,-0.1032551749831187,-0.12711498361632406
holdout,protected_blind,COMPAS tool,tool,,race,African-American,Caucasian,0.44168466522678185,False,0.23826343615192497,1.7249052656509039,True,0.18407546122901927,-0.20254403131115462,0.20254403131115462,0.20254403131115462,0.0963238877671796,0.16242580519606886
holdout,protected_blind,COMPAS tool,tool,,sex,Female,Male,0.44168466522678185,False,-0.0724307417336908,0.841078431372549,True,-0.04189527012079114,0.01749659085910349,-0.01749659085910349,0.04189527012079114,-0.09780477408354649,-0.12711498361632406
holdout,race_aware,TabPFN,0.5,0.5,race,African-American,Caucasian,0.3747300215982721,False,0.24728682170542637,1.9785276073619633,True,0.12356776251907337,-0.2918134377038487,0.29181343770384865,0.29181343770384865,0.1573401442616218,0.16242580519606886
holdout,race_aware,TabPFN,0.5,0.5,sex,Female,Male,0.3747300215982721,False,-0.22378611855823652,0.46492165242165245,False,-0.16631454360426529,0.20774864734087012,-0.20774864734087017,0.20774864734087017,0.018910256410256343,-0.12711498361632406
holdout,race_aware,TabPFN,break_even,0.2523364485981308,race,African-American,Caucasian,0.765658747300216,False,0.2238558593623301,1.3429620648187717,True,0.23456790123456794,-0.1432485322896282,0.14324853228962808,0.23456790123456794,0.11912199048747435,0.16242580519606886
holdout,race_aware,TabPFN,break_even,0.2523364485981308,sex,Female,Male,0.765658747300216,False,-0.25390229371462614,0.688468567251462,False,-0.2649993363125525,0.16537632516605816,-0.16537632516605816,0.2649993363125525,-0.06753191766545075,-0.12711498361632406
holdout,race_aware,COMPAS tool,tool,,race,African-American,Caucasian,0.44168466522678185,False,0.23826343615192497,1.7249052656509039,True,0.18407546122901927,-0.20254403131115462,0.20254403131115462,0.20254403131115462,0.0963238877671796,0.16242580519606886
holdout,race_aware,COMPAS tool,tool,,sex,Female,Male,0.44168466522678185,False,-0.0724307417336908,0.841078431372549,True,-0.04189527012079114,0.01749659085910349,-0.01749659085910349,0.04189527012079114,-0.09780477408354649,-0.12711498361632406
holdout,race_blind,TabPFN,0.5,0.5,race,African-American,Caucasian,0.3741900647948164,False,0.25507605980993153,2.0282753661087867,True,0.13300041614648359,-0.297937051532942,0.2979370515329419,0.2979370515329419,0.1505847193347194,0.16242580519606886
holdout,race_blind,TabPFN,0.5,0.5,sex,Female,Male,0.3741900647948164,False,-0.2334599344652964,0.44357472488462907,False,-0.16931772930401306,0.22768662297101128,-0.22768662297101128,0.22768662297101128,0.017786467025892927,-0.12711498361632406
holdout,race_blind,TabPFN,break_even,0.2523364485981308,race,African-American,Caucasian,0.7721382289416847,False,0.21505789627323146,1.3256158288643998,True,0.22716049382716053,-0.13295825179386825,0.13295825179386822,0.22716049382716053,0.11927238460632372,0.16242580519606886
holdout,race_blind,TabPFN,break_even,0.2523364485981308,sex,Female,Male,0.7721382289416847,False,-0.23436103663985697,0.7133879781420766,False,-0.24440290252643687,0.14962829366999514,-0.1496282936699952,0.24440290252643687,-0.07416081186572987,-0.12711498361632406
holdout,race_blind,COMPAS tool,tool,,race,African-American,Caucasian,0.44168466522678185,False,0.23826343615192497,1.7249052656509039,True,0.18407546122901927,-0.20254403131115462,0.20254403131115462,0.20254403131115462,0.0963238877671796,0.16242580519606886
holdout,race_blind,COMPAS tool,tool,,sex,Female,Male,0.44168466522678185,False,-0.0724307417336908,0.841078431372549,True,-0.04189527012079114,0.01749659085910349,-0.01749659085910349,0.04189527012079114,-0.09780477408354649,-0.12711498361632406
holdout,race_priors_blind,TabPFN,0.5,0.5,race,African-American,Caucasian,0.4703023758099352,False,0.15370244234698843,1.3981448807783434,True,0.14756554307116104,-0.11599804305283762,0.11599804305283756,0.14756554307116104,0.1274399925282526,0.16242580519606886
holdout,race_priors_blind,TabPFN,0.5,0.5,sex,Female,Male,0.4703023758099352,False,-0.5837801608579088,0.0,False,-0.5141752577319587,0.6592178770949721,-0.659217877094972,0.659217877094972,,-0.12711498361632406
holdout,race_priors_blind,TabPFN,break_even,0.2523364485981308,race,African-American,Caucasian,0.9816414686825053,False,0.03143751419026297,1.0327051558914833,True,0.03814676099320291,-0.016919439008480103,0.01691943900848014,0.03814676099320291,0.15732179883748598,0.16242580519606886
holdout,race_priors_blind,TabPFN,break_even,0.2523364485981308,sex,Female,Male,0.9816414686825053,False,-0.09444444444444444,0.9055555555555556,True,-0.11158798283261806,0.06299212598425197,-0.06299212598425197,0.11158798283261806,-0.1148620865474761,-0.12711498361632406
holdout,race_priors_blind,COMPAS tool,tool,,race,African-American,Caucasian,0.44168466522678185,False,0.23826343615192497,1.7249052656509039,True,0.18407546122901927,-0.20254403131115462,0.20254403131115462,0.20254403131115462,0.0963238877671796,0.16242580519606886
holdout,race_priors_blind,COMPAS tool,tool,,sex,Female,Male,0.44168466522678185,False,-0.0724307417336908,0.841078431372549,True,-0.04189527012079114,0.01749659085910349,-0.01749659085910349,0.04189527012079114,-0.09780477408354649,-0.12711498361632406
holdout,race_proxy_blind,TabPFN,0.5,0.5,race,African-American,Caucasian,0.18844492440604751,False,0.054166261230579604,1.3493723849372385,True,0.05720626994035234,-0.017661448140900204,0.017661448140900177,0.05720626994035234,0.07999999999999996,0.16242580519606886
holdout,race_proxy_blind,TabPFN,0.5,0.5,sex,Female,Male,0.18844492440604751,False,-0.2339142091152815,0.0,False,-0.18427835051546393,0.2877094972067039,-0.2877094972067039,0.2877094972067039,,-0.12711498361632406
holdout,race_proxy_blind,TabPFN,break_even,0.2523364485981308,race,African-American,Caucasian,1.0,True,0.0,1.0,True,0.0,0.0,0.0,0.0,0.16242580519606886,0.16242580519606886
holdout,race_proxy_blind,TabPFN,break_even,0.2523364485981308,sex,Female,Male,1.0,True,0.0,1.0,True,0.0,0.0,0.0,0.0,-0.12711498361632406,-0.12711498361632406
holdout,race_proxy_blind,COMPAS tool,tool,,race,African-American,Caucasian,0.44168466522678185,False,0.23826343615192497,1.7249052656509039,True,0.18407546122901927,-0.20254403131115462,0.20254403131115462,0.20254403131115462,0.0963238877671796,0.16242580519606886
holdout,race_proxy_blind,COMPAS tool,tool,,sex,Female,Male,0.44168466522678185,False,-0.0724307417336908,0.841078431372549,True,-0.04189527012079114,0.01749659085910349,-0.01749659085910349,0.04189527012079114,-0.09780477408354649,-0.12711498361632406
holdout,sex_blind,TabPFN,0.5,0.5,race,African-American,Caucasian,0.38228941684665224,False,0.2759592617819727,2.126542556008686,True,0.1581634068525454,-0.3135926288323549,0.31359262883235484,0.31359262883235484,0.1348940064053683,0.16242580519606886
holdout,sex_blind,TabPFN,0.5,0.5,sex,Female,Male,0.38228941684665224,False,-0.15041703902293713,0.6344914947520811,False,-0.10278859342506969,0.11554788193375265,-0.1155478819337527,0.1155478819337527,-0.04736988010257115,-0.12711498361632406
holdout,sex_blind,TabPFN,break_even,0.2523364485981308,race,African-American,Caucasian,0.7856371490280778,False,0.20287859621809223,1.2934006604499315,True,0.22383132195866284,-0.11799575994781475,0.11799575994781464,0.22383132195866284,0.11989353053785429,0.16242580519606886
holdout,sex_blind,TabPFN,break_even,0.2523364485981308,sex,Female,Male,0.7856371490280778,False,-0.12354036341971997,0.8474153789551141,True,-0.10276093978142564,0.09171688734438922,-0.09171688734438921,0.10276093978142564,-0.11868246775880098,-0.12711498361632406
holdout,sex_blind,COMPAS tool,tool,,race,African-American,Caucasian,0.44168466522678185,False,0.23826343615192497,1.7249052656509039,True,0.18407546122901927,-0.20254403131115462,0.20254403131115462,0.20254403131115462,0.0963238877671796,0.16242580519606886
holdout,sex_blind,COMPAS tool,tool,,sex,Female,Male,0.44168466522678185,False,-0.0724307417336908,0.841078431372549,True,-0.04189527012079114,0.01749659085910349,-0.01749659085910349,0.04189527012079114,-0.09780477408354649,-0.12711498361632406
temporal_1,age_blind,TabPFN,0.5,0.5,race,African-American,Caucasian,0.15992970123022848,False,0.20907660991857882,4.668344155844156,True,0.1222222222222222,-0.34426378417658277,0.3442637841765828,0.3442637841765828,0.3178767541183649,0.1276276831976314
temporal_1,age_blind,TabPFN,0.5,0.5,sex,Female,Male,0.15992970123022848,False,-0.162296494924344,0.15791304347826088,False,-0.10852611450639271,0.2520739064856712,-0.2520739064856712,0.2520739064856712,-0.12571428571428572,-0.12187320436697952
temporal_1,age_blind,TabPFN,break_even,0.2523364485981308,race,African-American,Caucasian,0.6265377855887522,False,0.26089008142116954,1.5164285714285715,True,0.25614035087719295,-0.19370515033154692,0.1937051503315469,0.25614035087719295,0.09184149184149187,0.1276276831976314
temporal_1,age_blind,TabPFN,break_even,0.2523364485981308,sex,Female,Male,0.6265377855887522,False,-0.33296303390155135,0.5201104209799863,False,-0.3308743579168385,0.24226998491704377,-0.24226998491704377,0.3308743579168385,-0.052189711225855806,-0.12187320436697952
temporal_1,age_blind,COMPAS tool,tool,,race,African-American,Caucasian,0.4200351493848858,False,0.2629626202812731,1.8675518925518924,True,0.23333333333333334,-0.24180216186756293,0.24180216186756293,0.24180216186756293,0.08633287497640812,0.1276276831976314
temporal_1,age_blind,COMPAS tool,tool,,sex,Female,Male,0.4200351493848858,False,-0.06325416586860755,0.8538555149905963,True,-0.021615237523902375,0.06994720965309198,-0.06994720965309198,0.06994720965309198,-0.1581799131866487,-0.12187320436697952
temporal_1,protected_blind,TabPFN,0.5,0.5,race,African-American,Caucasian,0.17311072056239016,False,0.17896928201332346,2.9737755102040815,True,0.09064327485380116,-0.3138341357071487,0.3138341357071487,0.3138341357071487,0.3103122043519395,0.1276276831976314
temporal_1,protected_blind,TabPFN,0.5,0.5,sex,Female,Male,0.17311072056239016,False,-0.15157058034859222,0.256075205640423,False,-0.10909789659180383,0.20286576168929105,-0.20286576168929113,0.20286576168929113,-0.04054054054054057,-0.12187320436697952
temporal_1,protected_blind,TabPFN,break_even,0.2523364485981308,race,African-American,Caucasian,0.6836555360281195,False,0.14805699481865287,1.2361570247933884,True,0.12748538011695898,-0.12898537560178036,0.12898537560178036,0.12898537560178036,0.12787066306127887,0.1276276831976314
temporal_1,protected_blind,TabPFN,break_even,0.2523364485981308,sex,Female,Male,0.6836555360281195,False,-0.19203217774372716,0.7341993637327678,False,-0.17280941846949877,0.16666666666666666,-0.16666666666666674,0.17280941846949877,-0.11765293882447025,-0.12187320436697952
temporal_1,protected_blind,COMPAS tool,tool,,race,African-American,Caucasian,0.4200351493848858,False,0.2629626202812731,1.8675518925518924,True,0.23333333333333334,-0.24180216186756293,0.24180216186756293,0.24180216186756293,0.08633287497640812,0.1276276831976314
temporal_1,protected_blind,COMPAS tool,tool,,sex,Female,Male,0.4200351493848858,False,-0.06325416586860755,0.8538555149905963,True,-0.021615237523902375,0.06994720965309198,-0.06994720965309198,0.06994720965309198,-0.1581799131866487,-0.12187320436697952
temporal_1,race_aware,TabPFN,0.5,0.5,race,African-American,Caucasian,0.18014059753954306,False,0.2177276091783864,3.8980295566502465,True,0.14444444444444443,-0.31769461349804706,0.31769461349804706,0.31769461349804706,0.18776282590412108,0.1276276831976314
temporal_1,race_aware,TabPFN,0.5,0.5,sex,Female,Male,0.18014059753954306,False,-0.1712794483815361,0.20245261984392418,False,-0.13369389974129203,0.20927601809954743,-0.20927601809954752,0.20927601809954752,0.07692307692307687,-0.12187320436697952
temporal_1,race_aware,TabPFN,break_even,0.2523364485981308,race,African-American,Caucasian,0.5878734622144113,False,0.32789600296076976,1.767077922077922,True,0.3140350877192983,-0.2448905441002816,0.24489054410028155,0.3140350877192983,0.062024500322372667,0.1276276831976314
temporal_1,race_aware,TabPFN,break_even,0.2523364485981308,sex,Female,Male,0.5878734622144113,False,-0.29540317946753497,0.5438331854480922,False,-0.2564770724757227,0.2711161387631976,-0.2711161387631976,0.2711161387631976,-0.08755353993449233,-0.12187320436697952
temporal_1,race_aware,COMPAS tool,tool,,race,African-American,Caucasian,0.4200351493848858,False,0.2629626202812731,1.8675518925518924,True,0.23333333333333334,-0.24180216186756293,0.24180216186756293,0.24180216186756293,0.08633287497640812,0.1276276831976314
temporal_1,race_aware,COMPAS tool,tool,,sex,Female,Male,0.4200351493848858,False,-0.06325416586860755,0.8538555149905963,True,-0.021615237523902375,0.06994720965309198,-0.06994720965309198,0.06994720965309198,-0.1581799131866487,-0.12187320436697952
temporal_1,race_blind,TabPFN,0.5,0.5,race,African-American,Caucasian,0.18980667838312829,False,0.22504626202812733,3.8021889400921665,True,0.1286549707602339,-0.36356617313107464,0.3635661731310746,0.3635661731310746,0.24750047160913036,0.1276276831976314
temporal_1,race_blind,TabPFN,0.5,0.5,sex,Female,Male,0.18980667838312829,False,-0.17794483815361042,0.21183457051961824,False,-0.13369389974129203,0.22171945701357465,-0.22171945701357465,0.22171945701357465,0.09002217294900217,-0.12187320436697952
temporal_1,race_blind,TabPFN,break_even,0.2523364485981308,race,African-American,Caucasian,0.5694200351493849,False,0.24502220577350114,1.5343422114608556,True,0.22280701754385962,-0.18453083840494142,0.18453083840494133,0.22280701754385962,0.09043849837964951,0.1276276831976314
temporal_1,race_blind,TabPFN,break_even,0.2523364485981308,sex,Female,Male,0.5694200351493849,False,-0.23413139245355297,0.6203726708074534,False,-0.18940047242323121,0.22586726998491702,-0.22586726998491702,0.22586726998491702,-0.11266233766233769,-0.12187320436697952
temporal_1,race_blind,COMPAS tool,tool,,race,African-American,Caucasian,0.4200351493848858,False,0.2629626202812731,1.8675518925518924,True,0.23333333333333334,-0.24180216186756293,0.24180216186756293,0.24180216186756293,0.08633287497640812,0.1276276831976314
temporal_1,race_blind,COMPAS tool,tool,,sex,Female,Male,0.4200351493848858,False,-0.06325416586860755,0.8538555149905963,True,-0.021615237523902375,0.06994720965309198,-0.06994720965309198,0.06994720965309198,-0.1581799131866487,-0.12187320436697952
temporal_1,race_priors_blind,TabPFN,0.5,0.5,race,African-American,Caucasian,0.0,True,0.0,,False,0.0,0.0,0.0,0.0,,0.1276276831976314
temporal_1,race_priors_blind,TabPFN,0.5,0.5,sex,Female,Male,0.0,True,0.0,,False,0.0,0.0,0.0,0.0,,-0.12187320436697952
temporal_1,race_priors_blind,TabPFN,break_even,0.2523364485981308,race,African-American,Caucasian,0.867311072056239,False,0.14020170244263508,1.1774355971896955,True,0.14736842105263148,-0.09732945771641385,0.09732945771641388,0.14736842105263148,0.11590572983858277,0.1276276831976314
temporal_1,race_priors_blind,TabPFN,break_even,0.2523364485981308,sex,Female,Male,0.867311072056239,False,-0.19334418693736832,0.7866870938771198,False,-0.19316861010085862,0.16119909502262444,-0.16119909502262442,0.19316861010085862,-0.11454227543490503,-0.12187320436697952
temporal_1,race_priors_blind,COMPAS tool,tool,,race,African-American,Caucasian,0.4200351493848858,False,0.2629626202812731,1.8675518925518924,True,0.23333333333333334,-0.24180216186756293,0.24180216186756293,0.24180216186756293,0.08633287497640812,0.1276276831976314
temporal_1,race_priors_blind,COMPAS tool,tool,,sex,Female,Male,0.4200351493848858,False,-0.06325416586860755,0.8538555149905963,True,-0.021615237523902375,0.06994720965309198,-0.06994720965309198,0.06994720965309198,-0.1581799131866487,-0.12187320436697952
temporal_1,race_proxy_blind,TabPFN,0.5,0.5,race,African-American,Caucasian,0.0,True,0.0,,False,0.0,0.0,0.0,0.0,,0.1276276831976314
temporal_1,race_proxy_blind,TabPFN,0.5,0.5,sex,Female,Male,0.0,True,0.0,,False,0.0,0.0,0.0,0.0,,-0.12187320436697952
temporal_1,race_proxy_blind,TabPFN,break_even,0.2523364485981308,race,African-American,Caucasian,1.0,True,0.0,1.0,True,0.0,0.0,0.0,0.0,0.1276276831976314,0.1276276831976314
temporal_1,race_proxy_blind,TabPFN,break_even,0.2523364485981308,sex,Female,Male,1.0,True,0.0,1.0,True,0.0,0.0,0.0,0.0,-0.12187320436697952,-0.12187320436697952
temporal_1,race_proxy_blind,COMPAS tool,tool,,race,African-American,Caucasian,0.4200351493848858,False,0.2629626202812731,1.8675518925518924,True,0.23333333333333334,-0.24180216186756293,0.24180216186756293,0.24180216186756293,0.08633287497640812,0.1276276831976314
temporal_1,race_proxy_blind,COMPAS tool,tool,,sex,Female,Male,0.4200351493848858,False,-0.06325416586860755,0.8538555149905963,True,-0.021615237523902375,0.06994720965309198,-0.06994720965309198,0.06994720965309198,-0.1581799131866487,-0.12187320436697952
temporal_1,sex_blind,TabPFN,0.5,0.5,race,African-American,Caucasian,0.1704745166959578,False,0.2024611398963731,3.791071428571429,True,0.1216374269005848,-0.31310745753474434,0.31310745753474434,0.31310745753474434,0.20454545454545453,0.1276276831976314
temporal_1,sex_blind,TabPFN,0.5,0.5,sex,Female,Male,0.1704745166959578,False,-0.14826661559088297,0.2602962255136168,False,-0.11691537625135914,0.16044494720965308,-0.16044494720965308,0.16044494720965308,0.12271062271062272,-0.12187320436697952
temporal_1,sex_blind,TabPFN,break_even,0.2523364485981308,race,African-American,Caucasian,0.5641476274165202,False,0.25002775721687637,1.5578654004954582,True,0.2187134502923977,-0.20360614043055683,0.2036061404305568,0.2187134502923977,0.09609272208506425,0.1276276831976314
temporal_1,sex_blind,TabPFN,break_even,0.2523364485981308,sex,Female,Male,0.5641476274165202,False,-0.1730319862095384,0.7111892583120204,False,-0.12625135915413743,0.17062594268476622,-0.17062594268476627,0.17062594268476627,-0.13118997599039617,-0.12187320436697952
temporal_1,sex_blind,COMPAS tool,tool,,race,African-American,Caucasian,0.4200351493848858,False,0.2629626202812731,1.8675518925518924,True,0.23333333333333334,-0.24180216186756293,0.24180216186756293,0.24180216186756293,0.08633287497640812,0.1276276831976314
temporal_1,sex_blind,COMPAS tool,tool,,sex,Female,Male,0.4200351493848858,False,-0.06325416586860755,0.8538555149905963,True,-0.021615237523902375,0.06994720965309198,-0.06994720965309198,0.06994720965309198,-0.1581799131866487,-0.12187320436697952
temporal_2,age_blind,TabPFN,0.5,0.5,race,African-American,Caucasian,0.1283704572098476,False,0.1647898865909078,4.301113534611411,True,0.1250959128344161,-0.2080502593323107,0.20805025933231058,0.20805025933231058,0.0040990910711103945,0.11219993008636053
temporal_2,age_blind,TabPFN,0.5,0.5,sex,Female,Male,0.1283704572098476,False,-0.09683349437447797,0.35024725274725277,False,-0.07886394090923945,0.0857260471338891,-0.08572604713388907,0.08572604713388907,0.08157894736842097,-0.12792944760157873
temporal_2,age_blind,TabPFN,break_even,0.2523364485981308,race,African-American,Caucasian,0.4958968347010551,False,0.28375768620237135,1.7797058545649231,True,0.2523146964039082,-0.2807363576594346,0.2807363576594346,0.2807363576594346,0.089857045609258,0.11219993008636053
temporal_2,age_blind,TabPFN,break_even,0.2523364485981308,sex,Female,Male,0.4958968347010551,False,-0.1728967753557918,0.6754860524091293,False,-0.17022910742883285,0.0552639703612226,-0.05526397036122255,0.17022910742883285,-0.0596380718518123,-0.12792944760157873
temporal_2,age_blind,COMPAS tool,tool,,race,African-American,Caucasian,0.39155920281359907,False,0.21141426123632534,1.713523131672598,True,0.19658720821184375,-0.1570238877931186,0.15702388779311854,0.19658720821184375,0.0395672490857375,0.11219993008636053
temporal_2,age_blind,COMPAS tool,tool,,sex,Female,Male,0.39155920281359907,False,-0.06121337678714728,0.848713901200089,True,-0.043860509200248365,-0.025831017803848888,0.025831017803848888,0.043860509200248365,-0.10707918968692448,-0.12792944760157873
temporal_2,protected_blind,TabPFN,0.5,0.5,race,African-American,Caucasian,0.13716295427901523,False,0.12241763657514856,2.617475581131218,True,0.08284737497229183,-0.16869384177076485,0.16869384177076485,0.16869384177076485,0.1313543126512931,0.11219993008636053
temporal_2,protected_blind,TabPFN,0.5,0.5,sex,Female,Male,0.13716295427901523,False,-0.06610193085602922,0.5630108807448708,False,-0.05749746707193515,0.02475043737779159,-0.024750437377791507,0.05749746707193515,0.006515175591927491,-0.12792944760157873
temporal_2,protected_blind,TabPFN,break_even,0.2523364485981308,race,African-American,Caucasian,0.5480656506447831,False,0.11917410215414237,1.2372022994798795,True,0.09116834620696712,-0.11635254583972532,0.11635254583972532,0.11635254583972532,0.11956840869054608,0.11219993008636053
temporal_2,protected_blind,TabPFN,break_even,0.2523364485981308,sex,Female,Male,0.5480656506447831,False,-0.13095101619691785,0.7726568386335527,False,-0.1333300650390561,0.015385407018627173,-0.015385407018627117,0.1333300650390561,-0.08252279877980612,-0.12792944760157873
temporal_2,protected_blind,COMPAS tool,tool,,race,African-American,Caucasian,0.39155920281359907,False,0.21141426123632534,1.713523131672598,True,0.19658720821184375,-0.1570238877931186,0.15702388779311854,0.19658720821184375,0.0395672490857375,0.11219993008636053
temporal_2,protected_blind,COMPAS tool,tool,,sex,Female,Male,0.39155920281359907,False,-0.06121337678714728,0.848713901200089,True,-0.043860509200248365,-0.025831017803848888,0.025831017803848888,0.043860509200248365,-0.10707918968692448,-0.12792944760157873
temporal_2,race_aware,TabPFN,0.5,0.5,race,African-American,Caucasian,0.16295427901524032,False,0.15622260044355046,2.7965599051008305,True,0.08584411819871433,-0.24687705456936226,0.24687705456936226,0.24687705456936226,0.17018970189701899,0.11219993008636053
temporal_2,race_aware,TabPFN,0.5,0.5,sex,Female,Male,0.16295427901524032,False,-0.1093660437922733,0.41292307692307695,False,-0.07611040298068439,0.11500463105896885,-0.1150046310589688,0.1150046310589688,-0.01657142857142857,-0.12792944760157873
temporal_2,race_aware,TabPFN,break_even,0.2523364485981308,race,African-American,Caucasian,0.5474794841735052,False,0.2573910751227787,1.6077561127423785,True,0.2455325933125309,-0.19943019943019946,0.19943019943019935,0.2455325933125309,0.06449305123143573,0.11219993008636053
temporal_2,race_aware,TabPFN,break_even,0.2523364485981308,sex,Female,Male,0.5474794841735052,False,-0.2664098196885082,0.5591590899852306,False,-0.25495963656567644,0.1602860965318514,-0.16028609653185144,0.25495963656567644,-0.04355758724048403,-0.12792944760157873
temporal_2,race_aware,COMPAS tool,tool,,race,African-American,Caucasian,0.39155920281359907,False,0.21141426123632534,1.713523131672598,True,0.19658720821184375,-0.1570238877931186,0.15702388779311854,0.19658720821184375,0.0395672490857375,0.11219993008636053
temporal_2,race_aware,COMPAS tool,tool,,sex,Female,Male,0.39155920281359907,False,-0.06121337678714728,0.848713901200089,True,-0.043860509200248365,-0.025831017803848888,0.025831017803848888,0.043860509200248365,-0.10707918968692448,-0.12792944760157873
temporal_2,race_blind,TabPFN,0.5,0.5,race,African-American,Caucasian,0.16471277842907386,False,0.14147769926819903,2.514787090440545,True,0.07342660323631217,-0.228614215793703,0.22861421579370297,0.22861421579370297,0.18512713340299547,0.11219993008636053
temporal_2,race_blind,TabPFN,0.5,0.5,sex,Female,Male,0.16471277842907386,False,-0.1046166947806292,0.4406549625673132,False,-0.07956662417884106,0.08639497787382944,-0.08639497787382935,0.08639497787382935,0.02231075697211149,-0.12792944760157873
temporal_2,race_blind,TabPFN,break_even,0.2523364485981308,race,African-American,Caucasian,0.5316529894490035,False,0.21976951421481827,1.5150070502920836,True,0.19871860453220108,-0.1778252611585945,0.17782526115859443,0.19871860453220108,0.07910680283884369,0.11219993008636053
temporal_2,race_blind,TabPFN,break_even,0.2523364485981308,sex,Female,Male,0.5316529894490035,False,-0.23581336696090793,0.5947995666305526,False,-0.2178236428408014,0.14551816404239992,-0.14551816404239992,0.2178236428408014,-0.06156128691339963,-0.12792944760157873
temporal_2,race_blind,COMPAS tool,tool,,race,African-American,Caucasian,0.39155920281359907,False,0.21141426123632534,1.713523131672598,True,0.19658720821184375,-0.1570238877931186,0.15702388779311854,0.19658720821184375,0.0395672490857375,0.11219993008636053
temporal_2,race_blind,COMPAS tool,tool,,sex,Female,Male,0.39155920281359907,False,-0.06121337678714728,0.848713901200089,True,-0.043860509200248365,-0.025831017803848888,0.025831017803848888,0.043860509200248365,-0.10707918968692448,-0.12792944760157873
temporal_2,race_priors_blind,TabPFN,0.5,0.5,race,African-American,Caucasian,0.0,True,0.0,,False,0.0,0.0,0.0,0.0,,0.11219993008636053
temporal_2,race_priors_blind,TabPFN,0.5,0.5,sex,Female,Male,0.0,True,0.0,,False,0.0,0.0,0.0,0.0,,-0.12792944760157873
temporal_2,race_priors_blind,TabPFN,break_even,0.2523364485981308,race,African-American,Caucasian,0.7174677608440797,False,0.15083008120297303,1.2377296457539244,True,0.14118369226047367,-0.12172182043976917,0.12172182043976909,0.14118369226047367,0.10467434477893478,0.11219993008636053
temporal_2,race_priors_blind,TabPFN,break_even,0.2523364485981308,sex,Female,Male,0.7174677608440797,False,-0.31137714744272127,0.6027869468934107,False,-0.30221917181423014,0.27539364001234945,-0.27539364001234956,0.30221917181423014,-0.10876293217791139,-0.12792944760157873
temporal_2,race_priors_blind,COMPAS tool,tool,,race,African-American,Caucasian,0.39155920281359907,False,0.21141426123632534,1.713523131672598,True,0.19658720821184375,-0.1570238877931186,0.15702388779311854,0.19658720821184375,0.0395672490857375,0.11219993008636053
temporal_2,race_priors_blind,COMPAS tool,tool,,sex,Female,Male,0.39155920281359907,False,-0.06121337678714728,0.848713901200089,True,-0.043860509200248365,-0.025831017803848888,0.025831017803848888,0.043860509200248365,-0.10707918968692448,-0.12792944760157873
temporal_2,race_proxy_blind,TabPFN,0.5,0.5,race,African-American,Caucasian,0.0,True,0.0,,False,0.0,0.0,0.0,0.0,,0.11219993008636053
temporal_2,race_proxy_blind,TabPFN,0.5,0.5,sex,Female,Male,0.0,True,0.0,,False,0.0,0.0,0.0,0.0,,-0.12792944760157873
temporal_2,race_proxy_blind,TabPFN,break_even,0.2523364485981308,race,African-American,Caucasian,0.7866354044548651,False,0.027002710586185752,1.0350076895073514,True,0.0011594795982744488,-0.04788516326977865,0.04788516326977865,0.04788516326977865,0.12883142505281248,0.11219993008636053
temporal_2,race_proxy_blind,TabPFN,break_even,0.2523364485981308,sex,Female,Male,0.7866354044548651,False,-1.0,0.0,False,-1.0,1.0,-1.0,1.0,,-0.12792944760157873
temporal_2,race_proxy_blind,COMPAS tool,tool,,race,African-American,Caucasian,0.39155920281359907,False,0.21141426123632534,1.713523131672598,True,0.19658720821184375,-0.1570238877931186,0.15702388779311854,0.19658720821184375,0.0395672490857375,0.11219993008636053
temporal_2,race_proxy_blind,COMPAS tool,tool,,sex,Female,Male,0.39155920281359907,False,-0.06121337678714728,0.848713901200089,True,-0.043860509200248365,-0.025831017803848888,0.025831017803848888,0.043860509200248365,-0.10707918968692448,-0.12792944760157873
temporal_2,sex_blind,TabPFN,0.5,0.5,race,African-American,Caucasian,0.16647127784290738,False,0.16774688970263785,3.0032849712565017,True,0.09633485088751342,-0.2563919935714808,0.2563919935714808,0.2563919935714808,0.13715529753265604,0.11219993008636053
temporal_2,sex_blind,TabPFN,0.5,0.5,sex,Female,Male,0.16647127784290738,False,-0.07891289038830022,0.5695077280443134,False,-0.06440990946824852,0.01744365544921267,-0.017443655449212725,0.06440990946824852,0.034017971758664944,-0.12792944760157873
temporal_2,sex_blind,TabPFN,break_even,0.2523364485981308,race,African-American,Caucasian,0.5638921453692849,False,0.23518489865387593,1.523476064745724,True,0.22447866046004056,-0.17859230038717216,0.17859230038717222,0.22447866046004056,0.0722933477447929,0.11219993008636053
temporal_2,sex_blind,TabPFN,break_even,0.2523364485981308,sex,Female,Male,0.5638921453692849,False,-0.08471446586200682,0.85443429809627,True,-0.05824917475569502,0.023566944530204803,-0.023566944530204803,0.05824917475569502,-0.12689497103161412,-0.12792944760157873
temporal_2,sex_blind,COMPAS tool,tool,,race,African-American,Caucasian,0.39155920281359907,False,0.21141426123632534,1.713523131672598,True,0.19658720821184375,-0.1570238877931186,0.15702388779311854,0.19658720821184375,0.0395672490857375,0.11219993008636053
temporal_2,sex_blind,COMPAS tool,tool,,sex,Female,Male,0.39155920281359907,False,-0.06121337678714728,0.848713901200089,True,-0.043860509200248365,-0.025831017803848888,0.025831017803848888,0.043860509200248365,-0.10707918968692448,-0.12792944760157873
