row,y,tabpfn,compas_tool,race,sex,age_band,charge_degree
0,0,0.14520803,0,Other,Male,Greater than 45,Felony
1,1,0.25770137,0,African-American,Male,25 - 45,Felony
4,1,0.81010747,1,Caucasian,Male,25 - 45,Felony
21,1,0.5514025,0,Hispanic,Male,Less than 25,Felony
22,0,0.2992681,0,Caucasian,Male,25 - 45,Misdemeanor
36,0,0.25673452,0,African-American,Male,Greater than 45,Misdemeanor
37,1,0.38624346,0,Caucasian,Male,25 - 45,Misdemeanor
51,0,0.64860654,0,African-American,Male,25 - 45,Felony
52,1,0.8366199,1,African-American,Male,25 - 45,Felony
57,1,0.68237185,1,African-American,Male,25 - 45,Felony
63,1,0.64860654,1,African-American,Male,25 - 45,Felony
71,1,0.69953346,1,African-American,Male,25 - 45,Misdemeanor
75,1,0.73815435,1,African-American,Male,Less than 25,Felony
79,1,0.55099887,1,Other,Male,Less than 25,Felony
81,0,0.405966,1,Caucasian,Female,Less than 25,Felony
87,1,0.25366214,0,Caucasian,Female,25 - 45,Felony
89,0,0.25366214,0,Caucasian,Male,25 - 45,Felony
91,0,0.3395027,0,Caucasian,Female,25 - 45,Felony
101,1,0.91921127,1,African-American,Male,25 - 45,Felony
102,0,0.30472192,1,African-American,Male,25 - 45,Misdemeanor
108,0,0.6677543,0,Caucasian,Male,25 - 45,Felony
116,1,0.55214214,1,African-American,Male,25 - 45,Felony
120,0,0.61150044,1,African-American,Female,Less than 25,Felony
121,0,0.22415589,0,Caucasian,Female,25 - 45,Misdemeanor
122,1,0.7549768,1,African-American,Male,25 - 45,Felony
124,1,0.69953346,1,African-American,Male,25 - 45,Misdemeanor
137,1,0.534366,1,Caucasian,Female,25 - 45,Felony
143,1,0.30472192,0,African-American,Male,25 - 45,Misdemeanor
145,0,0.64860654,1,African-American,Female,25 - 45,Felony
146,0,0.25035974,0,Hispanic,Male,Greater than 45,Misdemeanor
151,0,0.14642116,0,Hispanic,Male,Greater than 45,Felony
155,1,0.61150044,1,African-American,Male,Less than 25,Felony
163,1,0.7549768,1,African-American,Male,25 - 45,Felony
164,0,0.27429628,0,Caucasian,Male,Greater than 45,Felony
168,1,0.37956357,0,Other,Male,25 - 45,Misdemeanor
171,0,0.5475641,0,Caucasian,Male,25 - 45,Misdemeanor
173,1,0.81679475,1,Other,Male,Less than 25,Felony
174,1,0.45169497,1,African-American,Male,25 - 45,Felony
175,0,0.23319641,0,African-American,Male,25 - 45,Misdemeanor
191,0,0.23319641,0,African-American,Male,25 - 45,Misdemeanor
201,0,0.3395027,1,Caucasian,Male,25 - 45,Felony
207,0,0.8254222,1,African-American,Male,25 - 45,Felony
218,0,0.3563931,1,Hispanic,Male,Less than 25,Misdemeanor
226,0,0.41122684,1,Hispanic,Male,Less than 25,Felony
229,0,0.15572533,0,African-American,Female,Greater than 45,Felony
240,0,0.19074869,0,Caucasian,Male,Greater than 45,Misdemeanor
251,0,0.27429628,0,Caucasian,Male,Greater than 45,Felony
253,1,0.7951534,1,African-American,Male,Less than 25,Misdemeanor
255,0,0.6328899,0,Caucasian,Male,25 - 45,Felony
261,1,0.48093066,0,Caucasian,Male,25 - 45,Misdemeanor
266,0,0.13182072,0,Caucasian,Female,Greater than 45,Misdemeanor
269,1,0.45080304,1,African-American,Male,Less than 25,Felony
278,0,0.3395027,1,Caucasian,Male,25 - 45,Felony
280,0,0.22415589,0,Caucasian,Male,25 - 45,Misdemeanor
284,0,0.22415589,1,Caucasian,Female,25 - 45,Misdemeanor
310,0,0.2992681,0,Caucasian,Male,25 - 45,Misdemeanor
317,0,0.30472192,0,African-American,Male,25 - 45,Misdemeanor
319,1,0.83424294,1,African-American,Male,Less than 25,Felony
320,0,0.7170239,1,Caucasian,Male,Less than 25,Misdemeanor
322,0,0.45169497,1,African-American,Male,25 - 45,Felony
325,1,0.7976278,1,Caucasian,Male,Greater than 45,Felony
327,1,0.80130625,1,African-American,Male,25 - 45,Felony
329,0,0.48093066,0,Caucasian,Male,25 - 45,Misdemeanor
332,0,0.45169497,1,African-American,Male,25 - 45,Felony
335,0,0.44898698,0,African-American,Male,Greater than 45,Felony
371,1,0.61150044,1,African-American,Male,Less than 25,Felony
372,1,0.55117464,0,African-American,Male,Less than 25,Misdemeanor
374,0,0.34678024,0,African-American,Female,Greater than 45,Felony
375,0,0.30472192,0,African-American,Male,25 - 45,Misdemeanor
387,1,0.7721837,1,African-American,Male,25 - 45,Felony
398,0,0.30472192,0,African-American,Male,25 - 45,Misdemeanor
407,1,0.21037392,0,Caucasian,Male,Greater than 45,Felony
415,0,0.22415589,0,Caucasian,Female,25 - 45,Misdemeanor
422,1,0.69041884,1,Hispanic,Male,25 - 45,Felony
423,0,0.7558872,0,Hispanic,Male,Greater than 45,Felony
428,0,0.36099157,0,Caucasian,Male,Greater than 45,Misdemeanor
433,0,0.37956357,0,Other,Male,25 - 45,Misdemeanor
440,1,0.21037392,1,Caucasian,Male,Greater than 45,Felony
443,1,0.5932482,0,Caucasian,Male,25 - 45,Felony
446,0,0.6677543,0,Caucasian,Male,25 - 45,Felony
447,1,0.30472192,0,African-American,Male,25 - 45,Misdemeanor
448,0,0.25770137,0,African-American,Male,25 - 45,Felony
452,0,0.3312502,0,Other,Male,25 - 45,Felony
456,1,0.8254222,1,African-American,Male,25 - 45,Felony
463,0,0.30472192,0,African-American,Male,25 - 45,Misdemeanor
464,0,0.68390524,0,Caucasian,Male,Less than 25,Felony
465,0,0.73406917,1,African-American,Male,25 - 45,Felony
475,0,0.3395027,1,Caucasian,Male,25 - 45,Felony
485,0,0.22415589,0,Caucasian,Male,25 - 45,Misdemeanor
499,0,0.3312502,0,Other,Male,25 - 45,Felony
500,0,0.23319641,0,African-American,Male,25 - 45,Misdemeanor
503,1,0.3563931,0,Hispanic,Male,Less than 25,Misdemeanor
506,0,0.61150044,0,African-American,Male,Less than 25,Felony
507,1,0.49466574,1,African-American,Male,25 - 45,Misdemeanor
508,1,0.49466574,1,African-American,Male,25 - 45,Misdemeanor
511,0,0.34467706,0,African-American,Female,25 - 45,Felony
522,1,0.38624346,0,Caucasian,Male,25 - 45,Misdemeanor
526,0,0.3996438,1,African-American,Female,Less than 25,Misdemeanor
542,1,0.13182072,0,Caucasian,Female,Greater than 45,Misdemeanor
543,0,0.45080304,0,African-American,Male,Less than 25,Felony
549,1,0.43920794,0,Caucasian,Male,25 - 45,Felony
557,1,0.30472192,1,African-American,Male,25 - 45,Misdemeanor
566,1,0.53942335,1,Other,Male,25 - 45,Misdemeanor
570,0,0.23319641,0,African-American,Male,25 - 45,Misdemeanor
571,1,0.23319641,1,African-American,Male,25 - 45,Misdemeanor
587,1,0.77083474,1,African-American,Male,Greater than 45,Felony
592,0,0.68237185,0,African-American,Male,25 - 45,Felony
598,0,0.25770137,0,African-American,Male,25 - 45,Felony
600,0,0.27429628,1,Caucasian,Female,Greater than 45,Felony
613,0,0.33350608,0,Hispanic,Female,25 - 45,Felony
617,1,0.15572533,0,African-American,Male,Greater than 45,Felony
634,0,0.5596693,0,African-American,Male,Greater than 45,Felony
638,0,0.55214214,1,African-American,Female,25 - 45,Felony
647,0,0.15572533,0,African-American,Female,Greater than 45,Felony
649,1,0.64860654,1,African-American,Male,25 - 45,Felony
661,0,0.60931104,1,African-American,Female,25 - 45,Felony
663,1,0.68390524,1,Caucasian,Male,Less than 25,Felony
664,1,0.405966,0,Caucasian,Male,Less than 25,Felony
676,0,0.24315794,0,Other,Male,25 - 45,Felony
681,0,0.43920794,1,Caucasian,Male,25 - 45,Felony
686,1,0.85625577,1,African-American,Male,25 - 45,Felony
695,0,0.84766173,1,African-American,Male,25 - 45,Felony
709,1,0.55117464,1,African-American,Male,Less than 25,Misdemeanor
719,0,0.14673601,0,Caucasian,Male,Greater than 45,Felony
720,1,0.55117464,1,African-American,Male,Less than 25,Misdemeanor
726,1,0.56213945,1,African-American,Male,25 - 45,Misdemeanor
734,0,0.72296995,1,African-American,Male,25 - 45,Misdemeanor
743,0,0.25366214,0,Caucasian,Male,25 - 45,Felony
745,0,0.8018543,1,African-American,Male,Less than 25,Felony
753,0,0.34467706,1,African-American,Male,25 - 45,Felony
758,1,0.3395027,0,Caucasian,Female,25 - 45,Felony
762,1,0.25366214,1,Caucasian,Male,25 - 45,Felony
768,1,0.6041826,0,African-American,Male,25 - 45,Misdemeanor
770,0,0.22415589,0,Caucasian,Female,25 - 45,Misdemeanor
773,0,0.13182072,0,Caucasian,Female,Greater than 45,Misdemeanor
775,0,0.33350608,0,Hispanic,Male,25 - 45,Felony
780,0,0.23319641,0,African-American,Male,25 - 45,Misdemeanor
781,0,0.21037392,1,Caucasian,Male,Greater than 45,Felony
787,0,0.3139895,1,African-American,Male,Greater than 45,Misdemeanor
796,1,0.21873143,0,Hispanic,Female,25 - 45,Misdemeanor
798,0,0.73815435,1,African-American,Male,Less than 25,Felony
799,1,0.64860654,1,African-American,Male,25 - 45,Felony
807,1,0.30472192,1,African-American,Male,25 - 45,Misdemeanor
809,1,0.70954424,1,African-American,Male,25 - 45,Felony
810,0,0.43920794,0,Caucasian,Male,25 - 45,Felony
813,1,0.35728756,1,Caucasian,Female,Less than 25,Misdemeanor
814,0,0.15572533,0,African-American,Male,Greater than 45,Felony
820,1,0.6041826,1,African-American,Male,25 - 45,Misdemeanor
827,0,0.25770137,0,African-American,Male,25 - 45,Felony
847,0,0.68892455,1,African-American,Male,Less than 25,Misdemeanor
850,1,0.5514025,1,Hispanic,Male,Less than 25,Felony
852,0,0.34467706,1,African-American,Male,25 - 45,Felony
854,1,0.48264349,1,Hispanic,Male,Less than 25,Misdemeanor
857,0,0.25770137,1,African-American,Male,25 - 45,Felony
859,1,0.76034784,1,African-American,Male,25 - 45,Misdemeanor
860,0,0.34467706,1,African-American,Male,25 - 45,Felony
866,0,0.7170239,0,Caucasian,Male,Less than 25,Misdemeanor
871,1,0.24315794,0,Other,Male,25 - 45,Felony
875,1,0.49466574,0,African-American,Male,25 - 45,Misdemeanor
876,1,0.7895502,1,African-American,Male,25 - 45,Misdemeanor
877,0,0.25673452,0,African-American,Male,Greater than 45,Misdemeanor
880,0,0.3312502,0,Other,Male,25 - 45,Felony
882,1,0.30472192,1,African-American,Male,25 - 45,Misdemeanor
888,0,0.25770137,0,African-American,Male,25 - 45,Felony
900,0,0.24315794,0,Other,Male,25 - 45,Felony
916,0,0.2992681,1,Caucasian,Male,25 - 45,Misdemeanor
919,0,0.13009295,0,Hispanic,Male,Greater than 45,Misdemeanor
920,0,0.14673601,0,Caucasian,Male,Greater than 45,Felony
924,1,0.55117464,0,African-American,Male,Less than 25,Misdemeanor
934,0,0.45080304,1,African-American,Female,Less than 25,Felony
938,0,0.68390524,1,Caucasian,Female,Less than 25,Felony
956,1,0.788225,1,African-American,Male,25 - 45,Felony
963,0,0.45080304,1,African-American,Female,Less than 25,Felony
966,1,0.2992681,0,Caucasian,Male,25 - 45,Misdemeanor
971,0,0.45080304,1,African-American,Female,Less than 25,Felony
975,0,0.15572533,0,African-American,Male,Greater than 45,Felony
978,0,0.48566112,0,Caucasian,Male,Less than 25,Misdemeanor
982,0,0.41122684,0,Hispanic,Male,Less than 25,Felony
984,0,0.45080304,1,African-American,Male,Less than 25,Felony
985,1,0.6771511,1,Hispanic,Male,Less than 25,Felony
988,0,0.34678024,0,African-American,Male,Greater than 45,Felony
996,1,0.43920794,1,Caucasian,Female,25 - 45,Felony
1003,0,0.34678024,0,African-American,Male,Greater than 45,Felony
1005,1,0.43920794,0,Caucasian,Male,25 - 45,Felony
1019,1,0.70954424,1,African-American,Male,25 - 45,Felony
1021,0,0.55214214,0,African-American,Male,25 - 45,Felony
1034,0,0.23319641,0,African-American,Male,25 - 45,Misdemeanor
1035,0,0.2992681,0,Caucasian,Female,25 - 45,Misdemeanor
1041,0,0.6557467,0,African-American,Male,Greater than 45,Felony
1042,0,0.64166504,1,African-American,Male,25 - 45,Misdemeanor
1048,0,0.21873143,0,Hispanic,Male,25 - 45,Misdemeanor
1056,1,0.34017012,0,Caucasian,Male,Greater than 45,Felony
1058,0,0.45080304,1,African-American,Male,Less than 25,Felony
1059,1,0.60931104,1,African-American,Male,25 - 45,Felony
1065,0,0.40752816,0,Caucasian,Female,Greater than 45,Misdemeanor
1067,0,0.7938162,1,Hispanic,Male,Less than 25,Felony
1069,0,0.19074869,0,Caucasian,Female,Greater than 45,Misdemeanor
1070,0,0.22415589,0,Caucasian,Male,25 - 45,Misdemeanor
1073,0,0.23319641,0,African-American,Male,25 - 45,Misdemeanor
1075,1,0.45080304,0,African-American,Male,Less than 25,Felony
1100,1,0.25366214,1,Caucasian,Male,25 - 45,Felony
1103,0,0.23319641,0,African-American,Male,25 - 45,Misdemeanor
1105,1,0.45080304,1,African-American,Male,Less than 25,Felony
1112,1,0.60931104,0,African-American,Male,25 - 45,Felony
1114,0,0.45169497,0,African-American,Male,25 - 45,Felony
1118,0,0.5861341,0,Other,Male,25 - 45,Felony
1120,0,0.4035418,0,African-American,Female,Greater than 45,Felony
1123,1,0.73815435,1,African-American,Male,Less than 25,Felony
1125,0,0.43920794,0,Caucasian,Male,25 - 45,Felony
1126,0,0.3996438,1,African-American,Male,Less than 25,Misdemeanor
1128,0,0.86607766,1,African-American,Male,Less than 25,Felony
1130,1,0.8366199,1,African-American,Male,25 - 45,Felony
1141,1,0.76034784,1,African-American,Male,25 - 45,Misdemeanor
1142,0,0.12918486,0,Other,Male,Greater than 45,Misdemeanor
1144,1,0.70954424,1,African-American,Male,25 - 45,Felony
1168,0,0.22415589,0,Caucasian,Male,25 - 45,Misdemeanor
1171,1,0.2992681,1,Caucasian,Male,25 - 45,Misdemeanor
1189,0,0.45169497,0,African-American,Female,25 - 45,Felony
1192,1,0.21037392,1,Caucasian,Male,Greater than 45,Felony
1197,0,0.25366214,0,Caucasian,Male,25 - 45,Felony
1203,0,0.61150044,1,African-American,Male,Less than 25,Felony
1212,1,0.3395027,0,Caucasian,Male,25 - 45,Felony
1230,1,0.67437047,0,African-American,Male,Greater than 45,Misdemeanor
1245,0,0.21037392,1,Caucasian,Female,Greater than 45,Felony
1248,0,0.61150044,1,African-American,Female,Less than 25,Felony
1256,0,0.41963902,0,Native American,Male,25 - 45,Felony
1257,0,0.6328899,1,Caucasian,Female,25 - 45,Felony
1262,0,0.39165723,1,African-American,Male,25 - 45,Misdemeanor
1265,0,0.22415589,0,Caucasian,Male,25 - 45,Misdemeanor
1267,0,0.3814927,0,Hispanic,Male,25 - 45,Misdemeanor
1268,1,0.7763854,1,African-American,Male,25 - 45,Misdemeanor
1269,1,0.7170239,1,Caucasian,Female,Less than 25,Misdemeanor
1275,1,0.8276156,1,Caucasian,Male,Less than 25,Felony
1280,0,0.5964201,1,Caucasian,Male,Greater than 45,Misdemeanor
1284,0,0.13182072,0,Caucasian,Male,Greater than 45,Misdemeanor
1286,1,0.405966,1,Caucasian,Male,Less than 25,Felony
1295,0,0.14673601,0,Caucasian,Male,Greater than 45,Felony
1296,1,0.33350608,0,Hispanic,Male,25 - 45,Felony
1297,1,0.60931104,1,African-American,Male,25 - 45,Felony
1298,1,0.73815435,1,African-American,Male,Less than 25,Felony
1299,0,0.13009295,0,Hispanic,Male,Greater than 45,Misdemeanor
1302,1,0.68892455,1,African-American,Female,Less than 25,Misdemeanor
1303,0,0.34678024,1,African-American,Male,Greater than 45,Felony
1304,1,0.6730776,1,African-American,Male,25 - 45,Misdemeanor
1305,0,0.1397138,0,African-American,Male,Greater than 45,Misdemeanor
1310,1,0.2510502,0,Caucasian,Female,Greater than 45,Misdemeanor
1321,0,0.24315794,0,Other,Male,25 - 45,Felony
1328,1,0.7721837,0,African-American,Male,25 - 45,Felony
1332,0,0.21037392,0,Caucasian,Female,Greater than 45,Felony
1333,1,0.3814927,1,Hispanic,Male,25 - 45,Misdemeanor
1335,0,0.39165723,0,African-American,Male,25 - 45,Misdemeanor
1337,0,0.45080304,0,African-American,Female,Less than 25,Felony
1343,0,0.6677543,0,Caucasian,Male,25 - 45,Felony
1344,0,0.19149417,0,Hispanic,Male,Greater than 45,Misdemeanor
1360,1,0.405966,0,Caucasian,Male,Less than 25,Felony
1362,0,0.13182072,0,Caucasian,Male,Greater than 45,Misdemeanor
1370,0,0.45169497,1,African-American,Male,25 - 45,Felony
1371,0,0.68237185,1,African-American,Male,25 - 45,Felony
1372,1,0.5596693,1,African-American,Male,Greater than 45,Felony
1373,0,0.20935218,0,Other,Male,Greater than 45,Felony
1386,1,0.73406917,1,African-American,Male,25 - 45,Felony
1389,0,0.405966,1,Caucasian,Male,Less than 25,Felony
1390,0,0.2741959,0,Other,Male,Greater than 45,Felony
1393,0,0.45080304,0,African-American,Male,Less than 25,Felony
1395,1,0.70954424,1,African-American,Female,25 - 45,Felony
1403,0,0.788225,1,African-American,Male,25 - 45,Felony
1407,0,0.75888383,0,African-American,Male,Greater than 45,Felony
1412,1,0.45080304,1,African-American,Male,Less than 25,Felony
1427,0,0.45080304,1,African-American,Male,Less than 25,Felony
1434,1,0.6916066,1,African-American,Male,Greater than 45,Felony
1439,0,0.68390524,1,Caucasian,Male,Less than 25,Felony
1440,1,0.3395027,1,Caucasian,Female,25 - 45,Felony
1442,1,0.78788614,0,Other,Male,Greater than 45,Felony
1444,0,0.21037392,0,Caucasian,Male,Greater than 45,Felony
1446,0,0.8018543,1,African-American,Male,Less than 25,Felony
1458,0,0.13182072,0,Caucasian,Female,Greater than 45,Misdemeanor
1459,1,0.23319641,0,African-American,Male,25 - 45,Misdemeanor
1462,0,0.30472192,0,African-American,Female,25 - 45,Misdemeanor
1472,1,0.15572533,0,African-American,Male,Greater than 45,Felony
1473,0,0.73406917,1,African-American,Male,25 - 45,Felony
1476,1,0.6972237,1,Caucasian,Male,25 - 45,Felony
1481,0,0.5514025,1,Hispanic,Male,Less than 25,Felony
1484,0,0.21037392,0,Caucasian,Male,Greater than 45,Felony
1488,0,0.45080304,0,African-American,Male,Less than 25,Felony
1491,1,0.25770137,1,African-American,Male,25 - 45,Felony
1494,1,0.70954424,1,African-American,Male,25 - 45,Felony
1499,0,0.3996438,0,African-American,Male,Less than 25,Misdemeanor
1504,0,0.13182072,0,Caucasian,Male,Greater than 45,Misdemeanor
1508,0,0.39165723,0,African-American,Female,25 - 45,Misdemeanor
1510,0,0.1397138,0,African-American,Male,Greater than 45,Misdemeanor
1520,0,0.19149417,1,Hispanic,Male,Greater than 45,Misdemeanor
1526,0,0.7817006,1,Hispanic,Male,25 - 45,Felony
1527,1,0.60931104,1,African-American,Male,25 - 45,Felony
1529,0,0.3377241,0,Asian,Male,Less than 25,Misdemeanor
1531,1,0.8021862,1,African-American,Male,Greater than 45,Felony
1537,0,0.22415589,0,Caucasian,Male,25 - 45,Misdemeanor
1538,0,0.6730776,1,African-American,Male,25 - 45,Misdemeanor
1548,0,0.38624346,0,Caucasian,Male,25 - 45,Misdemeanor
1555,1,0.6586229,1,African-American,Female,Greater than 45,Misdemeanor
1558,0,0.30472192,0,African-American,Male,25 - 45,Misdemeanor
1562,1,0.25770137,1,African-American,Female,25 - 45,Felony
1564,0,0.22415589,0,Caucasian,Male,25 - 45,Misdemeanor
1568,1,0.23319641,0,African-American,Male,25 - 45,Misdemeanor
1580,1,0.5518571,0,Caucasian,Male,Less than 25,Felony
1582,0,0.33350608,0,Hispanic,Male,25 - 45,Felony
1588,0,0.22415589,0,Caucasian,Male,25 - 45,Misdemeanor
1602,1,0.7547306,0,Other,Male,Less than 25,Felony
1608,1,0.45080304,1,African-American,Male,Less than 25,Felony
1620,0,0.60931104,1,African-American,Male,25 - 45,Felony
1629,0,0.8430365,1,African-American,Male,25 - 45,Misdemeanor
1634,0,0.2162236,0,Other,Male,25 - 45,Misdemeanor
1635,0,0.13009295,0,Hispanic,Male,Greater than 45,Misdemeanor
1648,0,0.34467706,0,African-American,Male,25 - 45,Felony
1650,0,0.25366214,0,Caucasian,Male,25 - 45,Felony
1656,0,0.5495533,1,Caucasian,Male,Greater than 45,Misdemeanor
1661,1,0.5518571,0,Caucasian,Male,Less than 25,Felony
1662,0,0.47250283,1,Hispanic,Male,25 - 45,Misdemeanor
1663,1,0.56213945,0,African-American,Male,25 - 45,Misdemeanor
1671,0,0.25366214,0,Caucasian,Female,25 - 45,Felony
1677,0,0.25770137,0,African-American,Female,25 - 45,Felony
1679,0,0.4060643,0,Other,Male,Less than 25,Felony
1683,1,0.73406917,1,African-American,Male,25 - 45,Felony
1684,0,0.61150044,1,African-American,Male,Less than 25,Felony
1685,0,0.13182072,0,Caucasian,Male,Greater than 45,Misdemeanor
1688,1,0.13182072,0,Caucasian,Male,Greater than 45,Misdemeanor
1690,1,0.788225,1,African-American,Female,25 - 45,Felony
1691,0,0.56213945,1,African-American,Male,25 - 45,Misdemeanor
1694,1,0.44898698,0,African-American,Male,Greater than 45,Felony
1701,0,0.23319641,0,African-American,Female,25 - 45,Misdemeanor
1703,1,0.3395027,0,Caucasian,Male,25 - 45,Felony
1704,0,0.21689408,0,African-American,Male,Greater than 45,Felony
1708,0,0.1397138,0,African-American,Male,Greater than 45,Misdemeanor
1724,1,0.8258938,1,Hispanic,Male,25 - 45,Felony
1733,0,0.13182072,0,Caucasian,Male,Greater than 45,Misdemeanor
1743,0,0.21689408,0,African-American,Male,Greater than 45,Felony
1747,0,0.22415589,0,Caucasian,Female,25 - 45,Misdemeanor
1751,1,0.70954424,1,African-American,Male,25 - 45,Felony
1767,1,0.405966,0,Caucasian,Male,Less than 25,Felony
1770,1,0.23319641,1,African-American,Female,25 - 45,Misdemeanor
1773,0,0.60931104,1,African-American,Male,25 - 45,Felony
1775,1,0.405966,1,Caucasian,Male,Less than 25,Felony
1778,0,0.2741959,0,Other,Male,Greater than 45,Felony
1780,0,0.60931104,0,African-American,Male,25 - 45,Felony
1786,0,0.2510502,0,Caucasian,Male,Greater than 45,Misdemeanor
1789,0,0.23319641,0,African-American,Female,25 - 45,Misdemeanor
1795,0,0.2162236,0,Other,Male,25 - 45,Misdemeanor
1799,1,0.3395027,1,Caucasian,Male,25 - 45,Felony
1801,0,0.4035418,0,African-American,Female,Greater than 45,Felony
1802,0,0.15572533,0,African-American,Female,Greater than 45,Felony
1805,0,0.64860654,1,African-American,Female,25 - 45,Felony
1816,0,0.23319641,0,African-American,Male,25 - 45,Misdemeanor
1817,1,0.59077805,1,Caucasian,Male,25 - 45,Misdemeanor
1823,1,0.55214214,1,African-American,Female,25 - 45,Felony
1824,1,0.534366,0,Caucasian,Male,25 - 45,Felony
1826,1,0.7729011,1,Caucasian,Male,25 - 45,Felony
1837,0,0.6302466,1,Caucasian,Male,25 - 45,Misdemeanor
1856,1,0.22415589,0,Caucasian,Male,25 - 45,Misdemeanor
1858,0,0.21689408,0,African-American,Male,Greater than 45,Felony
1866,1,0.23319641,0,African-American,Male,25 - 45,Misdemeanor
1873,1,0.34467706,0,African-American,Male,25 - 45,Felony
1878,1,0.9306721,1,African-American,Male,Less than 25,Felony
1881,1,0.33350608,0,Hispanic,Female,25 - 45,Felony
1883,1,0.5800228,1,Hispanic,Male,Greater than 45,Felony
1884,0,0.24315794,0,Other,Female,25 - 45,Felony
1891,0,0.13182072,0,Caucasian,Male,Greater than 45,Misdemeanor
1892,1,0.72296995,1,African-American,Female,25 - 45,Misdemeanor
1898,1,0.8018543,1,African-American,Male,Less than 25,Felony
1901,1,0.64860654,0,African-American,Male,25 - 45,Felony
1909,0,0.22415589,0,Caucasian,Male,25 - 45,Misdemeanor
1911,1,0.45169497,1,African-American,Male,25 - 45,Felony
1921,1,0.45080304,1,African-American,Male,Less than 25,Felony
1926,0,0.25366214,0,Caucasian,Male,25 - 45,Felony
1927,1,0.14673601,1,Caucasian,Male,Greater than 45,Felony
1932,1,0.7071696,0,African-American,Male,Greater than 45,Felony
1943,1,0.61150044,0,African-American,Male,Less than 25,Felony
1947,1,0.39165723,0,African-American,Female,25 - 45,Misdemeanor
1953,0,0.21873143,0,Hispanic,Male,25 - 45,Misdemeanor
1958,0,0.38624346,1,Caucasian,Male,25 - 45,Misdemeanor
1969,1,0.61150044,1,African-American,Male,Less than 25,Felony
1973,0,0.43920794,0,Caucasian,Female,25 - 45,Felony
1974,1,0.7195941,1,Caucasian,Male,25 - 45,Felony
1977,0,0.61150044,0,African-American,Male,Less than 25,Felony
1979,0,0.405966,0,Caucasian,Male,Less than 25,Felony
1983,0,0.41122684,0,Hispanic,Male,Less than 25,Felony
1988,0,0.34017012,0,Caucasian,Male,Greater than 45,Felony
1993,0,0.5518571,1,Caucasian,Male,Less than 25,Felony
1996,0,0.34467706,0,African-American,Male,25 - 45,Felony
2006,0,0.14673601,0,Caucasian,Male,Greater than 45,Felony
2010,1,0.7425398,1,African-American,Female,25 - 45,Misdemeanor
2011,1,0.7425398,1,African-American,Male,25 - 45,Misdemeanor
2016,1,0.6153417,1,African-American,Male,Greater than 45,Felony
2018,1,0.7586486,1,Caucasian,Male,25 - 45,Felony
2024,1,0.83424294,1,African-American,Male,Less than 25,Felony
2025,1,0.45080304,1,African-American,Male,Less than 25,Felony
2038,1,0.60931104,1,African-American,Male,25 - 45,Felony
2048,0,0.73406917,1,African-American,Male,25 - 45,Felony
2049,0,0.23319641,0,African-American,Female,25 - 45,Misdemeanor
2050,0,0.30472192,1,African-American,Male,25 - 45,Misdemeanor
2060,1,0.6738161,0,African-American,Male,Greater than 45,Felony
2076,1,0.34467706,1,African-American,Male,25 - 45,Felony
2079,1,0.86926544,1,Caucasian,Male,Greater than 45,Felony
2096,0,0.2992681,1,Caucasian,Male,25 - 45,Misdemeanor
2097,1,0.34467706,1,African-American,Male,25 - 45,Felony
2104,1,0.8784203,1,African-American,Male,25 - 45,Felony
2117,1,0.84766173,1,African-American,Male,25 - 45,Felony
2123,0,0.3395027,0,Caucasian,Male,25 - 45,Felony
2125,1,0.15572533,1,African-American,Male,Greater than 45,Felony
2127,0,0.23319641,0,African-American,Male,25 - 45,Misdemeanor
2128,1,0.73406917,1,African-American,Male,25 - 45,Felony
2129,0,0.13182072,0,Caucasian,Male,Greater than 45,Misdemeanor
2130,1,0.1397138,0,African-American,Male,Greater than 45,Misdemeanor
2131,0,0.30472192,0,African-American,Male,25 - 45,Misdemeanor
2133,1,0.2992681,1,Caucasian,Female,25 - 45,Misdemeanor
2136,1,0.34467706,1,African-American,Male,25 - 45,Felony
2138,1,0.7771474,1,Other,Male,Less than 25,Misdemeanor
2141,0,0.4711875,0,Other,Male,25 - 45,Misdemeanor
2151,0,0.21037392,0,Caucasian,Male,Greater than 45,Felony
2159,0,0.25770137,0,African-American,Female,25 - 45,Felony
2168,0,0.23319641,0,African-American,Male,25 - 45,Misdemeanor
2183,0,0.1397138,0,African-American,Female,Greater than 45,Misdemeanor
2190,1,0.73406917,0,African-American,Male,25 - 45,Felony
2194,1,0.45080304,0,African-American,Male,Less than 25,Felony
2195,1,0.45080304,0,African-American,Male,Less than 25,Felony
2199,0,0.45080304,1,African-American,Female,Less than 25,Felony
2203,0,0.22415589,0,Caucasian,Male,25 - 45,Misdemeanor
2208,0,0.61150044,1,African-American,Male,Less than 25,Felony
2214,0,0.21037392,0,Caucasian,Male,Greater than 45,Felony
2218,0,0.6302466,1,Caucasian,Male,25 - 45,Misdemeanor
2231,1,0.2769186,0,Hispanic,Male,Greater than 45,Felony
2237,1,0.2810092,0,African-American,Male,Greater than 45,Felony
2246,0,0.45080304,1,African-American,Male,Less than 25,Felony
2250,1,0.788225,1,African-American,Male,25 - 45,Felony
2253,0,0.34467706,0,African-American,Male,25 - 45,Felony
2256,0,0.23319641,0,African-American,Female,25 - 45,Misdemeanor
2257,1,0.21873143,0,Hispanic,Male,25 - 45,Misdemeanor
2258,0,0.1397138,0,African-American,Male,Greater than 45,Misdemeanor
2269,0,0.68237185,1,African-American,Male,25 - 45,Felony
2272,0,0.49466574,0,African-American,Male,25 - 45,Misdemeanor
2279,0,0.13182072,0,Caucasian,Female,Greater than 45,Misdemeanor
2284,0,0.8144155,1,African-American,Male,25 - 45,Felony
2295,1,0.7170239,1,Caucasian,Male,Less than 25,Misdemeanor
2298,1,0.6972237,1,Caucasian,Male,25 - 45,Felony
2310,1,0.3996438,1,African-American,Female,Less than 25,Misdemeanor
2311,1,0.3996438,0,African-American,Male,Less than 25,Misdemeanor
2317,1,0.8019916,1,African-American,Male,25 - 45,Misdemeanor
2318,0,0.64860654,1,African-American,Male,25 - 45,Felony
2319,0,0.15572533,0,African-American,Male,Greater than 45,Felony
2323,1,0.3395027,0,Caucasian,Male,25 - 45,Felony
2326,1,0.8144155,1,African-American,Male,25 - 45,Felony
2331,1,0.6972237,1,Caucasian,Male,25 - 45,Felony
2337,0,0.14673601,0,Caucasian,Male,Greater than 45,Felony
2339,0,0.14673601,0,Caucasian,Male,Greater than 45,Felony
2340,1,0.3395027,0,Caucasian,Female,25 - 45,Felony
2341,1,0.72296995,1,African-American,Male,25 - 45,Misdemeanor
2342,1,0.7549768,1,African-American,Male,25 - 45,Felony
2345,1,0.23319641,1,African-American,Female,25 - 45,Misdemeanor
2347,1,0.8907783,1,African-American,Male,25 - 45,Felony
2353,1,0.7721837,1,African-American,Male,25 - 45,Felony
2354,0,0.14520803,0,Other,Male,Greater than 45,Felony
2364,0,0.24612242,1,Hispanic,Male,25 - 45,Felony
2367,1,0.589787,1,African-American,Male,Greater than 45,Felony
2374,0,0.2510502,0,Caucasian,Male,Greater than 45,Misdemeanor
2378,0,0.22415589,0,Caucasian,Male,25 - 45,Misdemeanor
2386,1,0.45080304,0,African-American,Male,Less than 25,Felony
2389,0,0.3563931,0,Hispanic,Male,Less than 25,Misdemeanor
2392,0,0.30472192,0,African-American,Male,25 - 45,Misdemeanor
2394,1,0.67759997,1,Other,Male,Less than 25,Felony
2406,1,0.52877474,1,African-American,Male,Greater than 45,Felony
2409,0,0.8907783,1,African-American,Male,25 - 45,Felony
2413,1,0.45080304,1,African-American,Male,Less than 25,Felony
2414,0,0.56213945,1,African-American,Male,25 - 45,Misdemeanor
2415,1,0.30472192,1,African-American,Male,25 - 45,Misdemeanor
2419,0,0.61150044,0,African-American,Male,Less than 25,Felony
2434,1,0.49466574,1,African-American,Female,25 - 45,Misdemeanor
2444,1,0.61150044,1,African-American,Male,Less than 25,Felony
2454,0,0.13182072,0,Caucasian,Male,Greater than 45,Misdemeanor
2465,0,0.34017012,0,Caucasian,Male,Greater than 45,Felony
2473,0,0.35728756,1,Caucasian,Male,Less than 25,Misdemeanor
2475,1,0.70932955,1,Caucasian,Male,25 - 45,Misdemeanor
2476,0,0.14520803,0,Other,Female,Greater than 45,Felony
2490,1,0.68237185,1,African-American,Male,25 - 45,Felony
2498,0,0.13182072,0,Caucasian,Male,Greater than 45,Misdemeanor
2516,1,0.7586486,1,Caucasian,Male,25 - 45,Felony
2517,1,0.30472192,0,African-American,Male,25 - 45,Misdemeanor
2520,1,0.45080304,1,African-American,Male,Less than 25,Felony
2527,0,0.45080304,0,African-American,Female,Less than 25,Felony
2532,1,0.24612242,1,Hispanic,Male,25 - 45,Felony
2534,0,0.2162236,0,Other,Male,25 - 45,Misdemeanor
2536,1,0.7634934,1,Caucasian,Male,Less than 25,Felony
2539,0,0.73406917,0,African-American,Male,25 - 45,Felony
2540,0,0.534366,0,Caucasian,Male,25 - 45,Felony
2547,0,0.29453632,0,Hispanic,Male,25 - 45,Misdemeanor
2551,0,0.1397138,0,African-American,Female,Greater than 45,Misdemeanor
2560,1,0.47250283,0,Hispanic,Male,25 - 45,Misdemeanor
2564,1,0.64860654,1,African-American,Male,25 - 45,Felony
2568,0,0.45169497,0,African-American,Male,25 - 45,Felony
2569,0,0.19149417,0,Hispanic,Male,Greater than 45,Misdemeanor
2570,1,0.4711875,0,Other,Male,25 - 45,Misdemeanor
2572,0,0.13182072,0,Caucasian,Male,Greater than 45,Misdemeanor
2573,1,0.70954424,1,African-American,Male,25 - 45,Felony
2577,1,0.83424294,1,African-American,Male,Less than 25,Felony
2583,0,0.3395027,1,Caucasian,Male,25 - 45,Felony
2584,1,0.13182072,0,Caucasian,Male,Greater than 45,Misdemeanor
2586,1,0.22415589,0,Caucasian,Male,25 - 45,Misdemeanor
2587,1,0.61150044,1,African-American,Female,Less than 25,Felony
2588,1,0.45169497,0,African-American,Male,25 - 45,Felony
2599,1,0.38624346,0,Caucasian,Male,25 - 45,Misdemeanor
2604,0,0.25366214,0,Caucasian,Female,25 - 45,Felony
2606,0,0.3996438,0,African-American,Female,Less than 25,Misdemeanor
2614,0,0.49158686,0,African-American,Male,Greater than 45,Felony
2615,0,0.22415589,0,Caucasian,Male,25 - 45,Misdemeanor
2616,0,0.24612242,0,Hispanic,Male,25 - 45,Felony
2619,0,0.21873143,0,Hispanic,Male,25 - 45,Misdemeanor
2622,0,0.13182072,0,Caucasian,Male,Greater than 45,Misdemeanor
2624,0,0.14642116,0,Hispanic,Male,Greater than 45,Felony
2626,0,0.6153417,1,African-American,Male,Greater than 45,Felony
2638,1,0.73815435,1,African-American,Male,Less than 25,Felony
2642,1,0.5518571,0,Caucasian,Male,Less than 25,Felony
2645,0,0.45080304,1,African-American,Male,Less than 25,Felony
2650,0,0.21037392,0,Caucasian,Male,Greater than 45,Felony
2651,0,0.5932482,0,Caucasian,Male,25 - 45,Felony
2652,0,0.21689408,0,African-American,Male,Greater than 45,Felony
2658,0,0.534366,0,Caucasian,Male,25 - 45,Felony
2660,0,0.45080304,1,African-American,Male,Less than 25,Felony
2662,0,0.13182072,0,Caucasian,Male,Greater than 45,Misdemeanor
2674,0,0.7771474,1,Other,Male,Less than 25,Misdemeanor
2680,1,0.7195941,1,Caucasian,Female,25 - 45,Felony
2685,1,0.6738161,1,African-American,Male,Greater than 45,Felony
2690,0,0.7281348,0,Caucasian,Male,25 - 45,Misdemeanor
2698,1,0.45169497,0,African-American,Male,25 - 45,Felony
2699,0,0.70954424,0,African-American,Male,25 - 45,Felony
2702,1,0.19074869,0,Caucasian,Female,Greater than 45,Misdemeanor
2713,1,0.60931104,1,African-American,Female,25 - 45,Felony
2717,0,0.22415589,0,Caucasian,Male,25 - 45,Misdemeanor
2718,0,0.55214214,0,African-American,Female,25 - 45,Felony
2719,1,0.34467706,0,African-American,Male,25 - 45,Felony
2724,0,0.2162236,0,Other,Female,25 - 45,Misdemeanor
2725,1,0.7408545,1,Caucasian,Male,25 - 45,Felony
2728,1,0.86081713,1,African-American,Male,Less than 25,Misdemeanor
2736,1,0.60931104,1,African-American,Female,25 - 45,Felony
2737,0,0.3312502,0,Other,Male,25 - 45,Felony
2738,0,0.19862248,1,African-American,Male,Greater than 45,Misdemeanor
2739,1,0.14673601,0,Caucasian,Male,Greater than 45,Felony
2752,1,0.7613782,1,African-American,Male,Less than 25,Misdemeanor
2762,1,0.5702066,0,Hispanic,Male,Greater than 45,Misdemeanor
2767,1,0.7721837,1,African-American,Male,25 - 45,Felony
2773,0,0.34467706,0,African-American,Male,25 - 45,Felony
2787,1,0.60931104,1,African-American,Male,25 - 45,Felony
2798,0,0.5596693,0,African-American,Male,Greater than 45,Felony
2801,0,0.25770137,0,African-American,Male,25 - 45,Felony
2812,0,0.534366,0,Caucasian,Male,25 - 45,Felony
2813,0,0.25366214,0,Caucasian,Male,25 - 45,Felony
2815,0,0.3996438,0,African-American,Male,Less than 25,Misdemeanor
2819,1,0.61150044,0,African-American,Female,Less than 25,Felony
2822,1,0.84785014,1,Other,Male,Less than 25,Felony
2826,0,0.34467706,0,African-American,Male,25 - 45,Felony
2827,1,0.30472192,0,African-American,Male,25 - 45,Misdemeanor
2831,1,0.2992681,1,Caucasian,Female,25 - 45,Misdemeanor
2833,0,0.23319641,0,African-American,Female,25 - 45,Misdemeanor
2851,0,0.22415589,0,Caucasian,Female,25 - 45,Misdemeanor
2857,1,0.84998775,1,Caucasian,Male,25 - 45,Felony
2863,0,0.48566112,1,Caucasian,Female,Less than 25,Misdemeanor
2871,1,0.889143,1,African-American,Male,25 - 45,Misdemeanor
2875,0,0.25366214,0,Caucasian,Female,25 - 45,Felony
2877,0,0.7408545,1,Caucasian,Male,25 - 45,Felony
2889,0,0.21037392,0,Caucasian,Male,Greater than 45,Felony
2892,0,0.25770137,0,African-American,Male,25 - 45,Felony
2900,0,0.15572533,0,African-American,Male,Greater than 45,Felony
2905,0,0.86873305,1,Caucasian,Male,Less than 25,Felony
2906,1,0.43920794,1,Caucasian,Female,25 - 45,Felony
2907,0,0.25366214,0,Caucasian,Male,25 - 45,Felony
2910,1,0.25770137,0,African-American,Male,25 - 45,Felony
2919,1,0.45080304,1,African-American,Male,Less than 25,Felony
2925,0,0.2162236,0,Other,Male,25 - 45,Misdemeanor
2932,1,0.8018543,1,African-American,Male,Less than 25,Felony
2933,0,0.6185938,1,Other,Male,Less than 25,Misdemeanor
2938,0,0.25366214,0,Caucasian,Male,25 - 45,Felony
2948,0,0.788225,1,African-American,Female,25 - 45,Felony
2953,1,0.25770137,1,African-American,Male,25 - 45,Felony
2954,0,0.6793319,0,Other,Male,25 - 45,Misdemeanor
2956,1,0.6328899,1,Caucasian,Male,25 - 45,Felony
2958,0,0.60931104,0,African-American,Male,25 - 45,Felony
2963,0,0.14673601,0,Caucasian,Male,Greater than 45,Felony
2966,1,0.3395027,0,Caucasian,Male,25 - 45,Felony
2967,1,0.23319641,0,African-American,Male,25 - 45,Misdemeanor
2968,0,0.23319641,0,African-American,Male,25 - 45,Misdemeanor
2970,0,0.45080304,0,African-American,Male,Less than 25,Felony
2973,1,0.3139895,0,African-American,Male,Greater than 45,Misdemeanor
2981,1,0.405966,1,Caucasian,Male,Less than 25,Felony
2983,0,0.35728756,1,Caucasian,Male,Less than 25,Misdemeanor
2985,1,0.55117464,1,African-American,Male,Less than 25,Misdemeanor
2988,0,0.30472192,0,African-American,Male,25 - 45,Misdemeanor
3002,1,0.61150044,1,African-American,Female,Less than 25,Felony
3003,0,0.3395027,0,Caucasian,Female,25 - 45,Felony
3005,1,0.6972237,1,Caucasian,Male,25 - 45,Felony
3008,0,0.534366,0,Caucasian,Female,25 - 45,Felony
3012,0,0.3996438,1,African-American,Male,Less than 25,Misdemeanor
3018,0,0.6041826,1,African-American,Male,25 - 45,Misdemeanor
3019,0,0.24315794,0,Other,Female,25 - 45,Felony
3020,1,0.61150044,1,African-American,Male,Less than 25,Felony
3022,0,0.22415589,0,Caucasian,Male,25 - 45,Misdemeanor
3026,1,0.25770137,1,African-American,Female,25 - 45,Felony
3032,1,0.61150044,1,African-American,Female,Less than 25,Felony
3033,1,0.25673452,1,African-American,Male,Greater than 45,Misdemeanor
3037,1,0.55214214,1,African-American,Female,25 - 45,Felony
3050,1,0.61150044,0,African-American,Male,Less than 25,Felony
3052,0,0.34467706,0,African-American,Male,25 - 45,Felony
3053,1,0.61150044,0,African-American,Male,Less than 25,Felony
3065,1,0.45080304,1,African-American,Male,Less than 25,Felony
3068,1,0.19149417,0,Hispanic,Male,Greater than 45,Misdemeanor
3077,0,0.30472192,0,African-American,Male,25 - 45,Misdemeanor
3078,0,0.22415589,1,Caucasian,Female,25 - 45,Misdemeanor
3085,0,0.21037392,0,Caucasian,Male,Greater than 45,Felony
3088,1,0.6328899,1,Caucasian,Male,25 - 45,Felony
3104,0,0.405966,0,Caucasian,Male,Less than 25,Felony
3111,1,0.25366214,1,Caucasian,Male,25 - 45,Felony
3121,0,0.6738161,1,African-American,Male,Greater than 45,Felony
3126,1,0.5475641,0,Caucasian,Male,25 - 45,Misdemeanor
3133,1,0.2992681,1,Caucasian,Female,25 - 45,Misdemeanor
3146,0,0.29453632,1,Hispanic,Male,25 - 45,Misdemeanor
3150,0,0.31151605,0,Caucasian,Female,Greater than 45,Misdemeanor
3152,0,0.3814927,0,Hispanic,Male,25 - 45,Misdemeanor
3153,1,0.5932482,0,Caucasian,Male,25 - 45,Felony
3163,0,0.2992681,1,Caucasian,Female,25 - 45,Misdemeanor
3164,0,0.25366214,1,Caucasian,Male,25 - 45,Felony
3168,1,0.5861321,1,Hispanic,Male,25 - 45,Misdemeanor
3172,0,0.2162236,0,Other,Male,25 - 45,Misdemeanor
3178,1,0.64166504,1,African-American,Male,25 - 45,Misdemeanor
3183,1,0.3395027,1,Caucasian,Male,25 - 45,Felony
3192,1,0.3563931,0,Hispanic,Male,Less than 25,Misdemeanor
3195,1,0.37956357,0,Other,Male,25 - 45,Misdemeanor
3196,0,0.64860654,0,African-American,Male,25 - 45,Felony
3204,0,0.34467706,0,African-American,Female,25 - 45,Felony
3207,1,0.22415589,1,Caucasian,Female,25 - 45,Misdemeanor
3208,0,0.45080304,0,African-American,Male,Less than 25,Felony
3209,1,0.25770137,0,African-American,Male,25 - 45,Felony
3211,0,0.34678024,0,African-American,Male,Greater than 45,Felony
3215,0,0.13182072,0,Caucasian,Male,Greater than 45,Misdemeanor
3220,1,0.8144155,0,African-American,Male,25 - 45,Felony
3223,0,0.34467706,1,African-American,Male,25 - 45,Felony
3227,0,0.24612242,0,Hispanic,Male,25 - 45,Felony
3234,0,0.3395027,0,Caucasian,Male,25 - 45,Felony
3240,0,0.13009295,0,Hispanic,Female,Greater than 45,Misdemeanor
3242,1,0.34467706,0,African-American,Female,25 - 45,Felony
3245,1,0.48677486,0,Caucasian,Male,Greater than 45,Felony
3253,1,0.25770137,0,African-American,Male,25 - 45,Felony
3258,1,0.68390524,1,Caucasian,Male,Less than 25,Felony
3270,1,0.22415589,0,Caucasian,Male,25 - 45,Misdemeanor
3272,0,0.47250283,0,Hispanic,Male,25 - 45,Misdemeanor
3277,1,0.25770137,0,African-American,Male,25 - 45,Felony
3278,0,0.23319641,0,African-American,Male,25 - 45,Misdemeanor
3279,1,0.87159824,1,African-American,Male,25 - 45,Felony
3285,0,0.2162236,0,Other,Male,25 - 45,Misdemeanor
3296,1,0.27429628,0,Caucasian,Male,Greater than 45,Felony
3303,0,0.5518571,0,Caucasian,Male,Less than 25,Felony
3307,1,0.60931104,1,African-American,Male,25 - 45,Felony
3309,0,0.49466574,1,African-American,Female,25 - 45,Misdemeanor
3311,0,0.45169497,0,African-American,Male,25 - 45,Felony
3317,0,0.1397138,0,African-American,Male,Greater than 45,Misdemeanor
3319,1,0.43920794,0,Caucasian,Male,25 - 45,Felony
3334,1,0.6602224,1,Other,Male,25 - 45,Felony
3336,0,0.13182072,0,Caucasian,Male,Greater than 45,Misdemeanor
3337,1,0.5518571,0,Caucasian,Male,Less than 25,Felony
3339,1,0.58106726,0,Caucasian,Male,Greater than 45,Felony
3363,0,0.23319641,0,African-American,Female,25 - 45,Misdemeanor
3370,1,0.48093066,0,Caucasian,Male,25 - 45,Misdemeanor
3379,1,0.23319641,1,African-American,Male,25 - 45,Misdemeanor
3394,0,0.6170911,1,Caucasian,Male,Greater than 45,Misdemeanor
3403,0,0.48093066,1,Caucasian,Female,25 - 45,Misdemeanor
3406,1,0.60931104,1,African-American,Male,25 - 45,Felony
3411,1,0.25366214,0,Caucasian,Male,25 - 45,Felony
3414,0,0.70954424,1,African-American,Male,25 - 45,Felony
3418,0,0.405966,0,Caucasian,Female,Less than 25,Felony
3420,1,0.23319641,0,African-American,Male,25 - 45,Misdemeanor
3422,0,0.534366,1,Caucasian,Female,25 - 45,Felony
3434,0,0.23319641,1,African-American,Male,25 - 45,Misdemeanor
3441,0,0.30472192,0,African-American,Male,25 - 45,Misdemeanor
3447,0,0.34467706,0,African-American,Female,25 - 45,Felony
3448,1,0.59077805,0,Caucasian,Male,25 - 45,Misdemeanor
3450,1,0.86873305,1,Caucasian,Male,Less than 25,Felony
3454,0,0.1397138,0,African-American,Male,Greater than 45,Misdemeanor
3455,0,0.83424294,1,African-American,Male,Less than 25,Felony
3456,0,0.59077805,0,Caucasian,Male,25 - 45,Misdemeanor
3460,1,0.55214214,1,African-American,Male,25 - 45,Felony
3462,0,0.34467706,1,African-American,Female,25 - 45,Felony
3468,0,0.24612242,0,Hispanic,Male,25 - 45,Felony
3470,1,0.53928965,0,Hispanic,Male,25 - 45,Misdemeanor
3477,0,0.1397138,0,African-American,Male,Greater than 45,Misdemeanor
3492,0,0.15572533,0,African-American,Male,Greater than 45,Felony
3495,1,0.5248298,1,Hispanic,Male,25 - 45,Felony
3498,1,0.43920794,0,Caucasian,Male,25 - 45,Felony
3499,1,0.61150044,1,African-American,Male,Less than 25,Felony
3510,0,0.23319641,1,African-American,Male,25 - 45,Misdemeanor
3515,1,0.8765812,1,African-American,Male,Less than 25,Felony
3516,0,0.22415589,0,Caucasian,Male,25 - 45,Misdemeanor
3520,1,0.30472192,1,African-American,Male,25 - 45,Misdemeanor
3530,1,0.7549768,0,African-American,Male,25 - 45,Felony
3534,1,0.534366,1,Caucasian,Male,25 - 45,Felony
3535,1,0.2510502,0,Caucasian,Male,Greater than 45,Misdemeanor
3538,0,0.44898698,0,African-American,Female,Greater than 45,Felony
3546,0,0.2162236,0,Other,Male,25 - 45,Misdemeanor
3550,0,0.1397138,0,African-American,Male,Greater than 45,Misdemeanor
3552,1,0.5248298,0,Hispanic,Male,25 - 45,Felony
3555,0,0.61150044,1,African-American,Male,Less than 25,Felony
3560,1,0.80130625,1,African-American,Male,25 - 45,Felony
3564,0,0.2810092,0,African-American,Male,Greater than 45,Felony
3577,1,0.55117464,1,African-American,Male,Less than 25,Misdemeanor
3589,0,0.73815435,1,African-American,Female,Less than 25,Felony
3598,0,0.21873143,0,Hispanic,Male,25 - 45,Misdemeanor
3600,0,0.60931104,1,African-American,Male,25 - 45,Felony
3601,1,0.55117464,1,African-American,Male,Less than 25,Misdemeanor
3617,1,0.4060643,0,Other,Male,Less than 25,Felony
3626,0,0.6638447,0,Caucasian,Male,Greater than 45,Felony
3630,0,0.13182072,0,Caucasian,Female,Greater than 45,Misdemeanor
3637,1,0.6730776,1,African-American,Male,25 - 45,Misdemeanor
3638,0,0.405966,0,Caucasian,Female,Less than 25,Felony
3642,0,0.6328899,0,Caucasian,Male,25 - 45,Felony
3643,0,0.64860654,0,African-American,Female,25 - 45,Felony
3646,0,0.43920794,0,Caucasian,Male,25 - 45,Felony
3651,1,0.21037392,0,Caucasian,Male,Greater than 45,Felony
3656,1,0.55117464,1,African-American,Male,Less than 25,Misdemeanor
3657,0,0.620448,0,Hispanic,Female,Less than 25,Misdemeanor
3665,1,0.61150044,1,African-American,Male,Less than 25,Felony
3667,1,0.6557467,1,African-American,Male,Greater than 45,Felony
3669,1,0.518834,0,Caucasian,Female,Greater than 45,Misdemeanor
3671,1,0.21037392,0,Caucasian,Male,Greater than 45,Felony
3674,0,0.25366214,0,Caucasian,Male,25 - 45,Felony
3677,1,0.6557467,1,African-American,Male,Greater than 45,Felony
3681,0,0.3395027,0,Caucasian,Male,25 - 45,Felony
3683,0,0.25770137,1,African-American,Male,25 - 45,Felony
3684,0,0.3395027,0,Caucasian,Male,25 - 45,Felony
3687,1,0.61150044,1,African-American,Male,Less than 25,Felony
3690,0,0.15572533,0,African-American,Female,Greater than 45,Felony
3694,0,0.25770137,0,African-American,Male,25 - 45,Felony
3702,1,0.6328899,1,Caucasian,Male,25 - 45,Felony
3703,0,0.15572533,0,African-American,Male,Greater than 45,Felony
3704,0,0.45169497,0,African-American,Male,25 - 45,Felony
3707,1,0.2992681,0,Caucasian,Male,25 - 45,Misdemeanor
3717,0,0.34678024,0,African-American,Male,Greater than 45,Felony
3724,0,0.49466574,0,African-American,Female,25 - 45,Misdemeanor
3726,1,0.61150044,1,African-American,Male,Less than 25,Felony
3730,0,0.45080304,1,African-American,Male,Less than 25,Felony
3745,1,0.3395027,0,Caucasian,Male,25 - 45,Felony
3746,1,0.7586486,1,Caucasian,Male,25 - 45,Felony
3751,0,0.22415589,0,Caucasian,Male,25 - 45,Misdemeanor
3756,0,0.5475641,1,Caucasian,Female,25 - 45,Misdemeanor
3759,0,0.3395027,1,Caucasian,Male,25 - 45,Felony
3762,0,0.45169497,0,African-American,Male,25 - 45,Felony
3771,0,0.22415589,0,Caucasian,Female,25 - 45,Misdemeanor
3775,1,0.68892455,0,African-American,Male,Less than 25,Misdemeanor
3776,1,0.15572533,1,African-American,Male,Greater than 45,Felony
3785,1,0.3996438,0,African-American,Female,Less than 25,Misdemeanor
3787,1,0.22415589,0,Caucasian,Female,25 - 45,Misdemeanor
3791,1,0.73406917,1,African-American,Male,25 - 45,Felony
3797,0,0.14673601,0,Caucasian,Male,Greater than 45,Felony
3805,0,0.6557467,0,African-American,Male,Greater than 45,Felony
3807,0,0.38624346,0,Caucasian,Female,25 - 45,Misdemeanor
3810,0,0.7634934,1,Caucasian,Male,Less than 25,Felony
3812,0,0.3395027,1,Caucasian,Male,25 - 45,Felony
3815,1,0.43920794,0,Caucasian,Male,25 - 45,Felony
3838,0,0.60931104,1,African-American,Female,25 - 45,Felony
3841,1,0.24315794,0,Other,Male,25 - 45,Felony
3843,0,0.23319641,0,African-American,Female,25 - 45,Misdemeanor
3847,0,0.25770137,0,African-American,Male,25 - 45,Felony
3849,0,0.55117464,1,African-American,Female,Less than 25,Misdemeanor
3855,1,0.85625577,1,African-American,Male,25 - 45,Felony
3857,0,0.25366214,1,Caucasian,Male,25 - 45,Felony
3871,1,0.88572466,1,African-American,Male,25 - 45,Felony
3873,1,0.3563931,0,Hispanic,Male,Less than 25,Misdemeanor
3875,0,0.61150044,1,African-American,Male,Less than 25,Felony
3877,0,0.7425398,1,African-American,Male,25 - 45,Misdemeanor
3885,1,0.7634934,1,Caucasian,Male,Less than 25,Felony
3891,1,0.83424294,0,African-American,Female,Less than 25,Felony
3902,0,0.25770137,0,African-American,Female,25 - 45,Felony
3908,1,0.64860654,1,African-American,Male,25 - 45,Felony
3913,1,0.8144155,1,African-American,Female,25 - 45,Felony
3914,1,0.25366214,0,Caucasian,Male,25 - 45,Felony
3919,1,0.3996438,1,African-American,Female,Less than 25,Misdemeanor
3920,1,0.39165723,0,African-American,Male,25 - 45,Misdemeanor
3923,0,0.68390524,1,Caucasian,Male,Less than 25,Felony
3943,1,0.43920794,0,Caucasian,Male,25 - 45,Felony
3945,1,0.68237185,1,African-American,Male,25 - 45,Felony
3949,0,0.25770137,0,African-American,Male,25 - 45,Felony
3954,0,0.25770137,0,African-American,Male,25 - 45,Felony
3957,1,0.35728756,1,Caucasian,Male,Less than 25,Misdemeanor
3958,1,0.64166504,0,African-American,Male,25 - 45,Misdemeanor
3960,1,0.76109046,1,Caucasian,Female,Less than 25,Misdemeanor
3969,0,0.29453632,1,Hispanic,Male,25 - 45,Misdemeanor
3977,0,0.14673601,1,Caucasian,Male,Greater than 45,Felony
3979,1,0.58232695,1,African-American,Male,Greater than 45,Misdemeanor
3982,0,0.14673601,0,Caucasian,Male,Greater than 45,Felony
3983,0,0.7613782,1,African-American,Male,Less than 25,Misdemeanor
3997,0,0.49466574,1,African-American,Male,25 - 45,Misdemeanor
4001,1,0.3996438,1,African-American,Female,Less than 25,Misdemeanor
4003,0,0.19074869,0,Caucasian,Male,Greater than 45,Misdemeanor
4008,1,0.85316473,1,African-American,Male,Less than 25,Felony
4017,0,0.3563931,0,Hispanic,Male,Less than 25,Misdemeanor
4023,1,0.82478994,1,African-American,Male,25 - 45,Misdemeanor
4025,1,0.33350608,0,Hispanic,Female,25 - 45,Felony
4033,0,0.48093066,0,Caucasian,Male,25 - 45,Misdemeanor
4035,1,0.6618902,0,Hispanic,Male,25 - 45,Felony
4043,1,0.61150044,0,African-American,Male,Less than 25,Felony
4044,1,0.70954424,1,African-American,Male,25 - 45,Felony
4055,1,0.39165723,0,African-American,Male,25 - 45,Misdemeanor
4056,1,0.6041826,1,African-American,Male,25 - 45,Misdemeanor
4062,1,0.56213945,1,African-American,Male,25 - 45,Misdemeanor
4066,1,0.14642116,0,Hispanic,Male,Greater than 45,Felony
4084,0,0.8506733,1,African-American,Male,25 - 45,Misdemeanor
4088,1,0.7549768,1,African-American,Male,25 - 45,Felony
4090,1,0.90242136,1,African-American,Male,25 - 45,Felony
4094,0,0.6328899,0,Caucasian,Male,25 - 45,Felony
4116,1,0.23319641,1,African-American,Male,25 - 45,Misdemeanor
4118,0,0.25366214,0,Caucasian,Male,25 - 45,Felony
4129,1,0.87759084,1,African-American,Female,Less than 25,Misdemeanor
4130,0,0.534366,0,Caucasian,Male,25 - 45,Felony
4137,1,0.64860654,1,African-American,Male,25 - 45,Felony
4142,0,0.19981372,0,Asian,Male,25 - 45,Misdemeanor
4156,1,0.8018543,1,African-American,Male,Less than 25,Felony
4158,0,0.14673601,1,Caucasian,Female,Greater than 45,Felony
4162,0,0.61150044,0,African-American,Male,Less than 25,Felony
4163,1,0.15572533,1,African-American,Male,Greater than 45,Felony
4174,0,0.67759997,0,Other,Male,Less than 25,Felony
4176,0,0.30472192,0,African-American,Female,25 - 45,Misdemeanor
4179,0,0.14673601,0,Caucasian,Male,Greater than 45,Felony
4187,1,0.7721837,1,African-American,Male,25 - 45,Felony
4193,0,0.35295892,0,Other,Female,Less than 25,Misdemeanor
4200,0,0.405966,1,Caucasian,Male,Less than 25,Felony
4206,0,0.30472192,1,African-American,Female,25 - 45,Misdemeanor
4207,1,0.45080304,1,African-American,Female,Less than 25,Felony
4237,0,0.7634934,1,Caucasian,Male,Less than 25,Felony
4241,1,0.3996438,0,African-American,Male,Less than 25,Misdemeanor
4252,1,0.5495533,1,Caucasian,Male,Greater than 45,Misdemeanor
4276,0,0.25770137,0,African-American,Male,25 - 45,Felony
4281,1,0.405966,1,Caucasian,Male,Less than 25,Felony
4283,0,0.13182072,0,Caucasian,Male,Greater than 45,Misdemeanor
4294,1,0.3395027,0,Caucasian,Male,25 - 45,Felony
4298,0,0.34467706,0,African-American,Male,25 - 45,Felony
4306,0,0.23319641,0,African-American,Male,25 - 45,Misdemeanor
4311,1,0.405966,1,Caucasian,Male,Less than 25,Felony
4321,1,0.68222404,0,Caucasian,Male,Greater than 45,Felony
4325,0,0.23319641,0,African-American,Male,25 - 45,Misdemeanor
4327,1,0.45080304,0,African-American,Male,Less than 25,Felony
4339,1,0.1397138,0,African-American,Male,Greater than 45,Misdemeanor
4357,1,0.518834,0,Caucasian,Male,Greater than 45,Misdemeanor
4360,0,0.19862248,0,African-American,Male,Greater than 45,Misdemeanor
4361,1,0.38624346,0,Caucasian,Male,25 - 45,Misdemeanor
4362,1,0.5233864,1,Other,Male,25 - 45,Felony
4364,1,0.14520803,0,Other,Male,Greater than 45,Felony
4367,1,0.2992681,1,Caucasian,Male,25 - 45,Misdemeanor
4382,0,0.60931104,1,African-American,Female,25 - 45,Felony
4388,0,0.48093066,0,Caucasian,Male,25 - 45,Misdemeanor
4391,1,0.14673601,1,Caucasian,Female,Greater than 45,Felony
4397,0,0.3395027,1,Caucasian,Male,25 - 45,Felony
4400,0,0.3395027,1,Caucasian,Male,25 - 45,Felony
4401,1,0.14673601,1,Caucasian,Female,Greater than 45,Felony
4403,1,0.45169497,1,African-American,Female,25 - 45,Felony
4407,0,0.21037392,0,Caucasian,Male,Greater than 45,Felony
4410,0,0.22415589,0,Caucasian,Male,25 - 45,Misdemeanor
4411,1,0.5248298,1,Hispanic,Male,25 - 45,Felony
4412,0,0.22415589,0,Caucasian,Male,25 - 45,Misdemeanor
4415,0,0.24612242,0,Hispanic,Male,25 - 45,Felony
4416,1,0.49466574,0,African-American,Male,25 - 45,Misdemeanor
4426,1,0.3395027,0,Caucasian,Male,25 - 45,Felony
4429,1,0.25366214,0,Caucasian,Male,25 - 45,Felony
4430,0,0.64166504,1,African-American,Male,25 - 45,Misdemeanor
4432,0,0.45080304,1,African-American,Male,Less than 25,Felony
4434,1,0.45080304,1,African-American,Male,Less than 25,Felony
4435,1,0.35728756,1,Caucasian,Female,Less than 25,Misdemeanor
4439,0,0.23319641,1,African-American,Female,25 - 45,Misdemeanor
4441,1,0.55214214,1,African-American,Male,25 - 45,Felony
4444,0,0.6730776,0,African-American,Male,25 - 45,Misdemeanor
4449,0,0.25770137,1,African-American,Male,25 - 45,Felony
4450,1,0.7721837,1,African-American,Male,25 - 45,Felony
4454,0,0.25366214,1,Caucasian,Male,25 - 45,Felony
4465,0,0.25770137,1,African-American,Male,25 - 45,Felony
4469,0,0.40752816,0,Caucasian,Male,Greater than 45,Misdemeanor
4470,1,0.19074869,0,Caucasian,Female,Greater than 45,Misdemeanor
4479,0,0.23319641,1,African-American,Male,25 - 45,Misdemeanor
4496,0,0.45169497,1,African-American,Male,25 - 45,Felony
4508,1,0.34467706,0,African-American,Male,25 - 45,Felony
4510,1,0.405966,1,Caucasian,Female,Less than 25,Felony
4511,1,0.68892455,1,African-American,Male,Less than 25,Misdemeanor
4513,0,0.22415589,0,Caucasian,Male,25 - 45,Misdemeanor
4520,0,0.37956357,0,Other,Male,25 - 45,Misdemeanor
4523,0,0.73815435,0,African-American,Male,Less than 25,Felony
4525,0,0.22415589,0,Caucasian,Male,25 - 45,Misdemeanor
4527,1,0.73815435,1,African-American,Male,Less than 25,Felony
4530,0,0.575241,0,Caucasian,Male,Greater than 45,Misdemeanor
4540,1,0.5596693,1,African-American,Male,Greater than 45,Felony
4541,1,0.45080304,1,African-American,Male,Less than 25,Felony
4555,0,0.19074869,0,Caucasian,Female,Greater than 45,Misdemeanor
4557,1,0.60931104,1,African-American,Male,25 - 45,Felony
4559,1,0.8383775,1,African-American,Male,Less than 25,Misdemeanor
4562,0,0.56213945,1,African-American,Male,25 - 45,Misdemeanor
4566,1,0.64860654,1,African-American,Male,25 - 45,Felony
4571,1,0.21102096,0,Hispanic,Female,Greater than 45,Felony
4581,0,0.13182072,0,Caucasian,Male,Greater than 45,Misdemeanor
4589,0,0.14673743,0,Asian,Male,Greater than 45,Felony
4590,1,0.3996438,1,African-American,Male,Less than 25,Misdemeanor
4593,0,0.23319641,0,African-American,Male,25 - 45,Misdemeanor
4594,0,0.22415589,0,Caucasian,Male,25 - 45,Misdemeanor
4597,0,0.34467706,0,African-American,Male,25 - 45,Felony
4622,0,0.41122684,1,Hispanic,Male,Less than 25,Felony
4627,0,0.33350608,0,Hispanic,Male,25 - 45,Felony
4630,0,0.2510502,0,Caucasian,Male,Greater than 45,Misdemeanor
4631,0,0.68237185,0,African-American,Male,25 - 45,Felony
4633,1,0.85316473,1,African-American,Male,Less than 25,Felony
4639,0,0.61150044,0,African-American,Male,Less than 25,Felony
4642,0,0.24315794,0,Other,Female,25 - 45,Felony
4644,0,0.30927908,0,Asian,Female,25 - 45,Felony
4647,1,0.68237185,1,African-American,Male,25 - 45,Felony
4651,1,0.34467706,0,African-American,Male,25 - 45,Felony
4653,0,0.6328899,0,Caucasian,Male,25 - 45,Felony
4658,0,0.534366,0,Caucasian,Female,25 - 45,Felony
4664,0,0.73406917,1,African-American,Male,25 - 45,Felony
4665,1,0.9124661,1,African-American,Male,Less than 25,Felony
4666,1,0.80130625,1,African-American,Male,25 - 45,Felony
4676,0,0.5518571,1,Caucasian,Female,Less than 25,Felony
4677,0,0.25770137,1,African-American,Male,25 - 45,Felony
4678,1,0.48364165,0,Other,Male,Greater than 45,Felony
4685,1,0.8144155,1,African-American,Female,25 - 45,Felony
4687,1,0.7586486,1,Caucasian,Male,25 - 45,Felony
4697,1,0.45080304,0,African-American,Male,Less than 25,Felony
4705,1,0.8366199,1,African-American,Male,25 - 45,Felony
4707,0,0.2510502,0,Caucasian,Male,Greater than 45,Misdemeanor
4712,1,0.6602224,0,Other,Male,25 - 45,Felony
4716,1,0.41122684,1,Hispanic,Male,Less than 25,Felony
4724,1,0.6328899,1,Caucasian,Male,25 - 45,Felony
4735,1,0.3395027,1,Caucasian,Female,25 - 45,Felony
4740,1,0.25770137,1,African-American,Male,25 - 45,Felony
4742,1,0.4060643,1,Other,Male,Less than 25,Felony
4753,0,0.27429628,0,Caucasian,Male,Greater than 45,Felony
4755,0,0.3395027,1,Caucasian,Male,25 - 45,Felony
4759,0,0.25770137,0,African-American,Male,25 - 45,Felony
4760,1,0.60931104,0,African-American,Male,25 - 45,Felony
4769,1,0.35728756,0,Caucasian,Male,Less than 25,Misdemeanor
4770,1,0.52877474,1,African-American,Female,Greater than 45,Felony
4774,0,0.22415589,0,Caucasian,Female,25 - 45,Misdemeanor
4775,1,0.405966,0,Caucasian,Male,Less than 25,Felony
4780,1,0.68892455,1,African-American,Male,Less than 25,Misdemeanor
4789,0,0.5514025,0,Hispanic,Female,Less than 25,Felony
4795,0,0.34467706,0,African-American,Male,25 - 45,Felony
4797,1,0.7586486,1,Caucasian,Female,25 - 45,Felony
4805,1,0.25770137,0,African-American,Male,25 - 45,Felony
4810,1,0.14673601,1,Caucasian,Male,Greater than 45,Felony
4812,0,0.22415589,0,Caucasian,Female,25 - 45,Misdemeanor
4815,0,0.2510502,0,Caucasian,Female,Greater than 45,Misdemeanor
4821,0,0.21873143,0,Hispanic,Female,25 - 45,Misdemeanor
4822,1,0.24315794,0,Other,Male,25 - 45,Felony
4824,1,0.83424294,1,African-American,Male,Less than 25,Felony
4825,0,0.21873143,0,Hispanic,Male,25 - 45,Misdemeanor
4830,0,0.45169497,1,African-American,Male,25 - 45,Felony
4837,0,0.4350941,0,Hispanic,Female,25 - 45,Felony
4840,1,0.34467706,1,African-American,Male,25 - 45,Felony
4849,1,0.68237185,1,African-American,Male,25 - 45,Felony
4851,0,0.73815435,1,African-American,Female,Less than 25,Felony
4853,0,0.39772376,1,Caucasian,Male,Greater than 45,Felony
4856,0,0.64860654,0,African-American,Female,25 - 45,Felony
4858,1,0.64166504,1,African-American,Male,25 - 45,Misdemeanor
4859,0,0.34467706,0,African-American,Male,25 - 45,Felony
4862,1,0.25366214,1,Caucasian,Male,25 - 45,Felony
4866,1,0.6771511,1,Hispanic,Male,Less than 25,Felony
4869,0,0.22415589,0,Caucasian,Female,25 - 45,Misdemeanor
4879,0,0.43920794,0,Caucasian,Male,25 - 45,Felony
4880,0,0.25770137,0,African-American,Male,25 - 45,Felony
4883,0,0.25366214,1,Caucasian,Male,25 - 45,Felony
4893,0,0.4060643,1,Other,Male,Less than 25,Felony
4897,1,0.39772376,0,Caucasian,Male,Greater than 45,Felony
4907,1,0.25366214,1,Caucasian,Female,25 - 45,Felony
4908,1,0.22415589,0,Caucasian,Female,25 - 45,Misdemeanor
4916,0,0.534366,1,Caucasian,Male,25 - 45,Felony
4918,1,0.8861041,1,African-American,Male,Less than 25,Felony
4921,0,0.60931104,0,African-American,Female,25 - 45,Felony
4927,0,0.61150044,0,African-American,Male,Less than 25,Felony
4931,0,0.48093066,0,Caucasian,Male,25 - 45,Misdemeanor
4932,0,0.70954424,1,African-American,Male,25 - 45,Felony
4933,1,0.6972237,1,Caucasian,Male,25 - 45,Felony
4935,0,0.13182072,0,Caucasian,Female,Greater than 45,Misdemeanor
4941,0,0.14673743,0,Asian,Male,Greater than 45,Felony
4962,0,0.62748426,0,Hispanic,Male,25 - 45,Felony
4966,1,0.73815435,1,African-American,Male,Less than 25,Felony
4967,0,0.49466574,0,African-American,Male,25 - 45,Misdemeanor
4969,1,0.25770137,0,African-American,Male,25 - 45,Felony
4972,1,0.8523793,1,Hispanic,Male,25 - 45,Felony
4982,0,0.23319641,1,African-American,Male,25 - 45,Misdemeanor
4984,0,0.24612242,0,Hispanic,Female,25 - 45,Felony
4985,0,0.14673601,0,Caucasian,Female,Greater than 45,Felony
4986,0,0.29453632,0,Hispanic,Female,25 - 45,Misdemeanor
4987,0,0.84492505,1,Caucasian,Male,Less than 25,Felony
4996,0,0.22415589,0,Caucasian,Male,25 - 45,Misdemeanor
4998,1,0.62711227,1,Other,Female,25 - 45,Felony
5001,0,0.23319641,1,African-American,Male,25 - 45,Misdemeanor
5005,0,0.13182072,0,Caucasian,Male,Greater than 45,Misdemeanor
5007,0,0.6041826,0,African-American,Male,25 - 45,Misdemeanor
5011,1,0.3395027,0,Caucasian,Female,25 - 45,Felony
5013,1,0.2992681,0,Caucasian,Male,25 - 45,Misdemeanor
5015,1,0.34467706,0,African-American,Male,25 - 45,Felony
5019,1,0.5932482,1,Caucasian,Male,25 - 45,Felony
5022,0,0.30472192,0,African-American,Female,25 - 45,Misdemeanor
5023,0,0.14520803,0,Other,Male,Greater than 45,Felony
5031,1,0.68939185,1,Other,Male,25 - 45,Felony
5034,0,0.22415589,0,Caucasian,Male,25 - 45,Misdemeanor
5035,1,0.83418566,0,African-American,Male,25 - 45,Misdemeanor
5036,0,0.19149417,0,Hispanic,Male,Greater than 45,Misdemeanor
5038,1,0.13182072,0,Caucasian,Male,Greater than 45,Misdemeanor
5039,0,0.45169497,0,African-American,Male,25 - 45,Felony
5042,0,0.25366214,0,Caucasian,Female,25 - 45,Felony
5044,0,0.21873143,0,Hispanic,Male,25 - 45,Misdemeanor
5049,0,0.61150044,1,African-American,Male,Less than 25,Felony
5055,0,0.14520803,0,Other,Male,Greater than 45,Felony
5059,1,0.6771511,1,Hispanic,Male,Less than 25,Felony
5061,1,0.5475641,1,Caucasian,Male,25 - 45,Misdemeanor
5063,0,0.19074869,0,Caucasian,Male,Greater than 45,Misdemeanor
5074,0,0.14673601,1,Caucasian,Male,Greater than 45,Felony
5082,1,0.3563931,0,Hispanic,Female,Less than 25,Misdemeanor
5086,1,0.8018543,1,African-American,Male,Less than 25,Felony
5089,0,0.445522,1,Caucasian,Male,Greater than 45,Felony
5104,0,0.61150044,1,African-American,Male,Less than 25,Felony
5111,1,0.7729011,1,Caucasian,Male,25 - 45,Felony
5112,1,0.52156794,1,Caucasian,Male,Greater than 45,Felony
5113,0,0.25035974,0,Hispanic,Male,Greater than 45,Misdemeanor
5123,0,0.405966,0,Caucasian,Male,Less than 25,Felony
5130,1,0.5518571,1,Caucasian,Male,Less than 25,Felony
5141,0,0.21037392,0,Caucasian,Male,Greater than 45,Felony
5143,0,0.45080304,1,African-American,Male,Less than 25,Felony
5144,0,0.5518571,1,Caucasian,Male,Less than 25,Felony
5156,0,0.48677486,0,Caucasian,Male,Greater than 45,Felony
5168,0,0.35728756,0,Caucasian,Male,Less than 25,Misdemeanor
5173,0,0.25366214,0,Caucasian,Male,25 - 45,Felony
5190,0,0.13182072,0,Caucasian,Female,Greater than 45,Misdemeanor
5194,0,0.5932482,1,Caucasian,Male,25 - 45,Felony
5198,0,0.25770137,0,African-American,Male,25 - 45,Felony
5202,1,0.55214214,1,African-American,Male,25 - 45,Felony
5206,0,0.22415589,0,Caucasian,Female,25 - 45,Misdemeanor
5207,1,0.3395027,0,Caucasian,Male,25 - 45,Felony
5210,1,0.8030611,0,Caucasian,Male,Less than 25,Felony
5211,0,0.25770137,0,African-American,Male,25 - 45,Felony
5215,0,0.5475641,0,Caucasian,Female,25 - 45,Misdemeanor
5227,1,0.3312502,0,Other,Male,25 - 45,Felony
5229,1,0.3996438,1,African-American,Male,Less than 25,Misdemeanor
5234,0,0.19862248,0,African-American,Male,Greater than 45,Misdemeanor
5237,1,0.43920794,1,Caucasian,Female,25 - 45,Felony
5245,0,0.3395027,1,Caucasian,Male,25 - 45,Felony
5249,1,0.44898698,0,African-American,Male,Greater than 45,Felony
5251,0,0.68390524,1,Caucasian,Male,Less than 25,Felony
5268,1,0.43920794,1,Caucasian,Female,25 - 45,Felony
5279,1,0.7613782,0,African-American,Male,Less than 25,Misdemeanor
5283,1,0.30472192,1,African-American,Male,25 - 45,Misdemeanor
5292,0,0.45169497,0,African-American,Male,25 - 45,Felony
5294,0,0.48619837,0,Caucasian,Male,Greater than 45,Misdemeanor
5296,0,0.23319641,0,African-American,Female,25 - 45,Misdemeanor
5301,0,0.45080304,1,African-American,Male,Less than 25,Felony
5308,1,0.60931104,1,African-American,Male,25 - 45,Felony
5309,1,0.7763854,1,African-American,Male,25 - 45,Misdemeanor
5313,0,0.29453632,0,Hispanic,Male,25 - 45,Misdemeanor
5320,0,0.55214214,0,African-American,Female,25 - 45,Felony
5321,1,0.84766173,1,African-American,Male,25 - 45,Felony
5334,1,0.7549768,1,African-American,Male,25 - 45,Felony
5335,0,0.24612242,0,Hispanic,Male,25 - 45,Felony
5337,0,0.34467706,0,African-American,Male,25 - 45,Felony
5340,0,0.22415589,0,Caucasian,Female,25 - 45,Misdemeanor
5344,0,0.39165723,0,African-American,Male,25 - 45,Misdemeanor
5358,1,0.72056025,1,African-American,Male,Greater than 45,Felony
5361,0,0.22415589,0,Caucasian,Male,25 - 45,Misdemeanor
5366,0,0.5518571,1,Caucasian,Male,Less than 25,Felony
5373,0,0.20935218,0,Other,Female,Greater than 45,Felony
5378,1,0.3996438,1,African-American,Female,Less than 25,Misdemeanor
5387,1,0.64860654,0,African-American,Female,25 - 45,Felony
5390,0,0.405966,1,Caucasian,Female,Less than 25,Felony
5400,1,0.68237185,1,African-American,Male,25 - 45,Felony
5406,0,0.69041884,1,Hispanic,Male,25 - 45,Felony
5410,1,0.8987001,1,African-American,Male,25 - 45,Misdemeanor
5413,0,0.3996438,1,African-American,Male,Less than 25,Misdemeanor
5419,1,0.22415589,0,Caucasian,Male,25 - 45,Misdemeanor
5421,0,0.64166504,1,African-American,Male,25 - 45,Misdemeanor
5436,1,0.3996438,1,African-American,Male,Less than 25,Misdemeanor
5441,0,0.24612242,0,Hispanic,Male,25 - 45,Felony
5443,1,0.61150044,1,African-American,Male,Less than 25,Felony
5447,0,0.8206227,1,Caucasian,Female,Less than 25,Misdemeanor
5450,0,0.61150044,1,African-American,Female,Less than 25,Felony
5456,1,0.5518571,1,Caucasian,Male,Less than 25,Felony
5460,1,0.25770137,1,African-American,Female,25 - 45,Felony
5467,1,0.6557467,1,African-American,Male,Greater than 45,Felony
5468,1,0.61150044,1,African-American,Male,Less than 25,Felony
5469,0,0.34467706,1,African-American,Male,25 - 45,Felony
5470,1,0.68892455,1,African-American,Male,Less than 25,Misdemeanor
5473,1,0.788225,1,African-American,Male,25 - 45,Felony
5481,0,0.14673601,1,Caucasian,Male,Greater than 45,Felony
5482,0,0.22415589,0,Caucasian,Male,25 - 45,Misdemeanor
5485,1,0.13182072,0,Caucasian,Male,Greater than 45,Misdemeanor
5487,0,0.25770137,1,African-American,Male,25 - 45,Felony
5488,1,0.84492505,1,Caucasian,Male,Less than 25,Felony
5500,0,0.25770137,0,African-American,Male,25 - 45,Felony
5506,1,0.64860654,1,African-American,Female,25 - 45,Felony
5509,0,0.39165723,0,African-American,Male,25 - 45,Misdemeanor
5512,0,0.19149417,0,Hispanic,Male,Greater than 45,Misdemeanor
5513,0,0.25366214,0,Caucasian,Male,25 - 45,Felony
5526,1,0.15572533,1,African-American,Female,Greater than 45,Felony
5527,1,0.19862248,0,African-American,Male,Greater than 45,Misdemeanor
5528,1,0.73815435,1,African-American,Male,Less than 25,Felony
5529,1,0.4035418,0,African-American,Male,Greater than 45,Felony
5530,0,0.34017012,0,Caucasian,Male,Greater than 45,Felony
5538,0,0.30472192,1,African-American,Male,25 - 45,Misdemeanor
5539,0,0.6255759,1,African-American,Male,Greater than 45,Misdemeanor
5540,1,0.1397138,1,African-American,Male,Greater than 45,Misdemeanor
5542,1,0.5518571,1,Caucasian,Male,Less than 25,Felony
5547,0,0.7549768,1,African-American,Male,25 - 45,Felony
5559,1,0.76109046,0,Caucasian,Male,Less than 25,Misdemeanor
5561,0,0.2992681,1,Caucasian,Male,25 - 45,Misdemeanor
5569,1,0.8254222,1,African-American,Male,25 - 45,Felony
5570,1,0.64860654,1,African-American,Male,25 - 45,Felony
5572,0,0.13182072,0,Caucasian,Male,Greater than 45,Misdemeanor
5573,1,0.8366199,1,African-American,Female,25 - 45,Felony
5581,0,0.25770137,0,African-American,Male,25 - 45,Felony
5583,0,0.3996438,1,African-American,Female,Less than 25,Misdemeanor
5585,0,0.73815435,1,African-American,Female,Less than 25,Felony
5587,1,0.6255759,1,African-American,Male,Greater than 45,Misdemeanor
5588,1,0.45169497,1,African-American,Female,25 - 45,Felony
5595,0,0.2992681,0,Caucasian,Female,25 - 45,Misdemeanor
5600,0,0.7195941,0,Caucasian,Male,25 - 45,Felony
5603,1,0.25366214,0,Caucasian,Female,25 - 45,Felony
5608,1,0.3395027,0,Caucasian,Male,25 - 45,Felony
5610,1,0.45080304,1,African-American,Male,Less than 25,Felony
5617,1,0.64166504,1,African-American,Male,25 - 45,Misdemeanor
5625,1,0.68237185,1,African-American,Male,25 - 45,Felony
5632,0,0.34467706,1,African-American,Female,25 - 45,Felony
5637,0,0.25770137,0,African-American,Male,25 - 45,Felony
5640,0,0.2992681,0,Caucasian,Male,25 - 45,Misdemeanor
5642,0,0.405966,0,Caucasian,Male,Less than 25,Felony
5645,1,0.5932482,0,Caucasian,Male,25 - 45,Felony
5654,0,0.35728756,0,Caucasian,Male,Less than 25,Misdemeanor
5656,0,0.4060643,0,Other,Female,Less than 25,Felony
5662,0,0.13009295,0,Hispanic,Male,Greater than 45,Misdemeanor
5664,1,0.37956357,0,Other,Female,25 - 45,Misdemeanor
5665,1,0.70954424,1,African-American,Male,25 - 45,Felony
5669,1,0.64860654,1,African-American,Male,25 - 45,Felony
5671,0,0.61150044,1,African-American,Male,Less than 25,Felony
5677,1,0.34467706,0,African-American,Female,25 - 45,Felony
5679,1,0.76034784,1,African-American,Male,25 - 45,Misdemeanor
5687,1,0.73815435,1,African-American,Male,Less than 25,Felony
5692,0,0.14673601,0,Caucasian,Male,Greater than 45,Felony
5696,0,0.30472192,1,African-American,Male,25 - 45,Misdemeanor
5706,1,0.24612242,0,Hispanic,Male,25 - 45,Felony
5709,0,0.7549768,1,African-American,Male,25 - 45,Felony
5712,0,0.83424294,1,African-American,Male,Less than 25,Felony
5714,1,0.7549768,1,African-American,Male,25 - 45,Felony
5722,0,0.34017012,0,Caucasian,Male,Greater than 45,Felony
5733,0,0.21873143,0,Hispanic,Female,25 - 45,Misdemeanor
5741,1,0.34017012,0,Caucasian,Male,Greater than 45,Felony
5745,0,0.60931104,1,African-American,Female,25 - 45,Felony
5746,0,0.25366214,0,Caucasian,Male,25 - 45,Felony
5748,0,0.3814927,0,Hispanic,Male,25 - 45,Misdemeanor
5750,1,0.23319641,1,African-American,Male,25 - 45,Misdemeanor
5755,1,0.68237185,1,African-American,Male,25 - 45,Felony
5756,0,0.4711875,0,Other,Male,25 - 45,Misdemeanor
5758,0,0.45080304,1,African-American,Male,Less than 25,Felony
5765,0,0.6586229,0,African-American,Male,Greater than 45,Misdemeanor
5767,1,0.45080304,1,African-American,Male,Less than 25,Felony
5779,0,0.35728756,1,Caucasian,Male,Less than 25,Misdemeanor
5783,0,0.3312502,0,Other,Male,25 - 45,Felony
5792,1,0.72296995,1,African-American,Male,25 - 45,Misdemeanor
5798,1,0.5248298,1,Hispanic,Male,25 - 45,Felony
5811,0,0.25366214,0,Caucasian,Male,25 - 45,Felony
5813,1,0.6730776,1,African-American,Male,25 - 45,Misdemeanor
5820,1,0.534366,0,Caucasian,Male,25 - 45,Felony
5822,0,0.23319641,0,African-American,Male,25 - 45,Misdemeanor
5829,1,0.8910425,1,African-American,Male,Greater than 45,Felony
5834,0,0.34467706,0,African-American,Male,25 - 45,Felony
5836,0,0.14673601,0,Caucasian,Male,Greater than 45,Felony
5837,1,0.62334204,1,Hispanic,Male,25 - 45,Misdemeanor
5840,0,0.2810092,0,African-American,Male,Greater than 45,Felony
5845,0,0.48093066,0,Caucasian,Male,25 - 45,Misdemeanor
5846,0,0.49158686,0,African-American,Male,Greater than 45,Felony
5851,0,0.13009295,0,Hispanic,Female,Greater than 45,Misdemeanor
5860,0,0.25770137,0,African-American,Female,25 - 45,Felony
5863,1,0.64860654,1,African-American,Male,25 - 45,Felony
5874,1,0.33350608,0,Hispanic,Male,25 - 45,Felony
5875,0,0.3996438,1,African-American,Male,Less than 25,Misdemeanor
5880,0,0.8051561,1,Hispanic,Female,25 - 45,Felony
5884,0,0.21037392,0,Caucasian,Female,Greater than 45,Felony
5890,0,0.55214214,1,African-American,Male,25 - 45,Felony
5904,1,0.7195941,1,Caucasian,Male,25 - 45,Felony
5913,0,0.7721837,1,African-American,Male,25 - 45,Felony
5920,1,0.45080304,1,African-American,Male,Less than 25,Felony
5924,1,0.788225,1,African-American,Male,25 - 45,Felony
5931,0,0.14673601,0,Caucasian,Male,Greater than 45,Felony
5937,0,0.48566112,1,Caucasian,Female,Less than 25,Misdemeanor
5942,1,0.8124798,1,African-American,Male,Less than 25,Misdemeanor
5943,1,0.34467706,1,African-American,Male,25 - 45,Felony
5951,1,0.22415589,0,Caucasian,Male,25 - 45,Misdemeanor
5955,1,0.3996438,1,African-American,Male,Less than 25,Misdemeanor
5957,0,0.68237185,1,African-American,Female,25 - 45,Felony
5958,1,0.7557403,0,Other,Male,Greater than 45,Felony
5976,0,0.45080304,0,African-American,Male,Less than 25,Felony
5985,1,0.60931104,0,African-American,Male,25 - 45,Felony
5986,0,0.3641589,1,African-American,Female,Greater than 45,Misdemeanor
5992,1,0.61150044,1,African-American,Male,Less than 25,Felony
5993,0,0.34467706,0,African-American,Female,25 - 45,Felony
5995,0,0.33350608,0,Hispanic,Male,25 - 45,Felony
5997,1,0.72296995,1,African-American,Male,25 - 45,Misdemeanor
6000,1,0.34017012,1,Caucasian,Male,Greater than 45,Felony
6002,1,0.8422232,1,African-American,Male,Greater than 45,Felony
6014,0,0.36099157,0,Caucasian,Male,Greater than 45,Misdemeanor
6017,1,0.25770137,0,African-American,Male,25 - 45,Felony
6019,1,0.45169497,0,African-American,Male,25 - 45,Felony
6021,0,0.445522,0,Caucasian,Female,Greater than 45,Felony
6026,1,0.61150044,1,African-American,Male,Less than 25,Felony
6034,0,0.1397138,0,African-American,Male,Greater than 45,Misdemeanor
6037,1,0.38624346,0,Caucasian,Male,25 - 45,Misdemeanor
6046,0,0.2510502,0,Caucasian,Female,Greater than 45,Misdemeanor
6050,1,0.8366199,1,African-American,Male,25 - 45,Felony
6053,1,0.61150044,1,African-American,Male,Less than 25,Felony
6069,1,0.55214214,1,African-American,Male,25 - 45,Felony
6070,0,0.6586229,1,African-American,Male,Greater than 45,Misdemeanor
6071,1,0.55214214,1,African-American,Female,25 - 45,Felony
6080,0,0.25770137,0,African-American,Male,25 - 45,Felony
6081,0,0.64860654,1,African-American,Female,25 - 45,Felony
6087,1,0.5932482,1,Caucasian,Female,25 - 45,Felony
6091,1,0.40082467,0,Asian,Male,25 - 45,Felony
6113,1,0.788225,1,African-American,Male,25 - 45,Felony
6116,0,0.5932482,1,Caucasian,Male,25 - 45,Felony
6124,0,0.33350608,0,Hispanic,Male,25 - 45,Felony
6131,1,0.22415589,0,Caucasian,Male,25 - 45,Misdemeanor
6133,1,0.45080304,1,African-American,Male,Less than 25,Felony
6138,0,0.5518571,1,Caucasian,Female,Less than 25,Felony
6139,0,0.34017012,0,Caucasian,Female,Greater than 45,Felony
6147,1,0.68222404,0,Caucasian,Male,Greater than 45,Felony
6149,1,0.49466574,0,African-American,Male,25 - 45,Misdemeanor
6151,0,0.25366214,0,Caucasian,Male,25 - 45,Felony
6157,0,0.60931104,1,African-American,Male,25 - 45,Felony
6164,1,0.35728756,1,Caucasian,Male,Less than 25,Misdemeanor
6165,1,0.23319641,0,African-American,Male,25 - 45,Misdemeanor
6168,0,0.45080304,0,African-American,Male,Less than 25,Felony
6169,0,0.14520803,0,Other,Male,Greater than 45,Felony
6171,1,0.6771511,0,Hispanic,Female,Less than 25,Felony
