row,y,tabpfn,compas,race,sex,age_band,charge_degree
3,0,0.20600948,0,Other,Male,25 - 45,Misdemeanor
7,0,0.2664829,0,Caucasian,Male,25 - 45,Felony
16,1,0.6363648,0,Caucasian,Male,25 - 45,Felony
18,1,0.6219772,1,African-American,Male,Less than 25,Felony
23,0,0.20600948,0,Other,Male,25 - 45,Misdemeanor
31,1,0.41322222,1,Caucasian,Female,25 - 45,Misdemeanor
37,1,0.37530643,0,Caucasian,Male,25 - 45,Misdemeanor
38,0,0.5116529,0,African-American,Female,Greater than 45,Felony
39,1,0.2762709,1,African-American,Male,25 - 45,Felony
41,1,0.80008787,1,African-American,Male,25 - 45,Felony
44,1,0.35547385,0,Caucasian,Male,25 - 45,Felony
45,0,0.22369483,0,Other,Female,25 - 45,Felony
48,0,0.2005631,1,Hispanic,Male,25 - 45,Misdemeanor
60,1,0.49600732,0,Hispanic,Male,Greater than 45,Felony
73,1,0.8025042,1,African-American,Male,25 - 45,Felony
76,0,0.23504987,0,African-American,Female,25 - 45,Misdemeanor
81,0,0.3568954,1,Caucasian,Female,Less than 25,Felony
83,0,0.09903506,0,Caucasian,Female,Greater than 45,Misdemeanor
86,0,0.372071,0,African-American,Male,25 - 45,Felony
96,1,0.663934,1,African-American,Male,25 - 45,Felony
101,1,0.91040397,1,African-American,Male,25 - 45,Felony
103,0,0.30689338,0,Other,Female,25 - 45,Felony
110,0,0.2957809,0,Caucasian,Male,25 - 45,Misdemeanor
142,0,0.2664829,1,Caucasian,Male,25 - 45,Felony
152,1,0.17285667,0,Caucasian,Male,Greater than 45,Misdemeanor
156,1,0.7576486,1,African-American,Male,Greater than 45,Misdemeanor
160,1,0.47940496,0,Caucasian,Male,Greater than 45,Misdemeanor
164,0,0.28897396,0,Caucasian,Male,Greater than 45,Felony
188,0,0.3669838,1,African-American,Female,25 - 45,Felony
189,0,0.46491966,1,African-American,Female,25 - 45,Misdemeanor
196,0,0.16093819,0,Caucasian,Male,Greater than 45,Felony
201,0,0.35547385,1,Caucasian,Male,25 - 45,Felony
206,1,0.2664829,0,Caucasian,Male,25 - 45,Felony
208,0,0.17285667,0,Caucasian,Male,Greater than 45,Misdemeanor
221,1,0.47385383,1,African-American,Male,25 - 45,Felony
226,0,0.47516835,1,Hispanic,Male,Less than 25,Felony
228,1,0.38585803,0,African-American,Female,Less than 25,Felony
229,0,0.15915276,0,African-American,Female,Greater than 45,Felony
233,1,0.74854124,1,African-American,Male,Less than 25,Misdemeanor
235,0,0.2963566,0,African-American,Female,25 - 45,Misdemeanor
239,0,0.5226835,0,Caucasian,Male,25 - 45,Felony
242,1,0.43695608,1,African-American,Male,Less than 25,Misdemeanor
243,1,0.30851004,1,African-American,Male,25 - 45,Misdemeanor
250,0,0.47459796,0,Other,Male,Less than 25,Felony
254,0,0.16093819,0,Caucasian,Male,Greater than 45,Felony
260,1,0.2098396,0,Caucasian,Male,25 - 45,Misdemeanor
277,0,0.4491113,0,Hispanic,Female,Less than 25,Misdemeanor
281,0,0.48010832,0,African-American,Male,Less than 25,Felony
286,1,0.79904157,1,African-American,Male,25 - 45,Felony
291,0,0.2005631,1,Hispanic,Male,25 - 45,Misdemeanor
292,0,0.20600948,0,Other,Male,25 - 45,Misdemeanor
300,0,0.3912737,0,African-American,Male,25 - 45,Misdemeanor
301,0,0.09903506,0,Caucasian,Female,Greater than 45,Misdemeanor
302,1,0.78652275,1,African-American,Male,Less than 25,Felony
322,0,0.47385383,1,African-American,Male,25 - 45,Felony
331,1,0.8025042,1,African-American,Male,25 - 45,Felony
333,1,0.43695608,1,African-American,Male,Less than 25,Misdemeanor
334,0,0.2664829,0,Caucasian,Male,25 - 45,Felony
342,0,0.12482819,0,Caucasian,Male,Greater than 45,Misdemeanor
346,0,0.41452295,0,Hispanic,Male,Less than 25,Misdemeanor
347,0,0.44479927,0,Caucasian,Male,Less than 25,Felony
350,1,0.58812475,1,Caucasian,Male,Less than 25,Felony
351,1,0.74646044,1,African-American,Male,25 - 45,Felony
354,1,0.2098396,1,Caucasian,Male,25 - 45,Misdemeanor
355,1,0.7279279,1,African-American,Male,Greater than 45,Misdemeanor
359,1,0.26627758,1,African-American,Male,Greater than 45,Felony
363,0,0.2664829,0,Caucasian,Male,25 - 45,Felony
368,0,0.3568954,1,Caucasian,Female,Less than 25,Felony
369,0,0.2098396,0,Caucasian,Male,25 - 45,Misdemeanor
372,1,0.58930475,0,African-American,Male,Less than 25,Misdemeanor
373,0,0.41559476,0,Caucasian,Male,Greater than 45,Felony
377,0,0.41691312,0,Caucasian,Male,Less than 25,Misdemeanor
387,1,0.7620003,1,African-American,Male,25 - 45,Felony
393,1,0.74646044,1,African-American,Male,25 - 45,Felony
399,1,0.6219772,1,African-American,Male,Less than 25,Felony
403,0,0.35641983,0,Caucasian,Male,Greater than 45,Felony
404,1,0.58977,1,Caucasian,Male,25 - 45,Felony
418,1,0.6285345,0,African-American,Male,25 - 45,Felony
420,0,0.2762709,1,African-American,Male,25 - 45,Felony
424,1,0.8780912,1,African-American,Male,Greater than 45,Felony
432,0,0.6187434,0,Hispanic,Male,25 - 45,Misdemeanor
440,1,0.22564681,1,Caucasian,Male,Greater than 45,Felony
444,0,0.44479927,0,Caucasian,Male,Less than 25,Felony
450,1,0.35547385,0,Caucasian,Male,25 - 45,Felony
452,0,0.3612675,0,Other,Male,25 - 45,Felony
461,1,0.3699424,0,Hispanic,Male,25 - 45,Misdemeanor
462,1,0.28897396,1,Caucasian,Male,Greater than 45,Felony
466,0,0.5472767,1,African-American,Male,Greater than 45,Felony
472,1,0.78652275,1,African-American,Male,Less than 25,Felony
480,0,0.6363648,0,Caucasian,Male,25 - 45,Felony
483,0,0.73093736,0,Caucasian,Male,25 - 45,Misdemeanor
488,0,0.16551013,0,African-American,Female,25 - 45,Misdemeanor
490,1,0.19623242,0,Caucasian,Female,Greater than 45,Misdemeanor
497,1,0.20600948,1,Other,Male,25 - 45,Misdemeanor
507,1,0.4738639,1,African-American,Male,25 - 45,Misdemeanor
515,0,0.09903506,0,Caucasian,Female,Greater than 45,Misdemeanor
519,1,0.48010832,1,African-American,Male,Less than 25,Felony
522,1,0.37530643,0,Caucasian,Male,25 - 45,Misdemeanor
531,0,0.2005631,0,Hispanic,Male,25 - 45,Misdemeanor
542,1,0.09903506,0,Caucasian,Female,Greater than 45,Misdemeanor
547,0,0.69899595,1,African-American,Female,25 - 45,Felony
558,1,0.63738227,1,Hispanic,Male,Less than 25,Misdemeanor
571,1,0.22500782,1,African-American,Male,25 - 45,Misdemeanor
578,0,0.56561404,0,African-American,Male,25 - 45,Felony
587,1,0.7765121,1,African-American,Male,Greater than 45,Felony
600,0,0.25724345,1,Caucasian,Female,Greater than 45,Felony
601,1,0.48010832,1,African-American,Male,Less than 25,Felony
602,1,0.7550884,1,African-American,Male,Greater than 45,Felony
607,1,0.2098396,0,Caucasian,Male,25 - 45,Misdemeanor
609,0,0.41691312,0,Caucasian,Male,Less than 25,Misdemeanor
612,0,0.58812475,0,Caucasian,Male,Less than 25,Felony
617,1,0.19457808,0,African-American,Male,Greater than 45,Felony
618,1,0.50653195,1,African-American,Female,25 - 45,Felony
620,1,0.8707119,1,African-American,Male,Less than 25,Felony
645,0,0.38585803,0,African-American,Female,Less than 25,Felony
649,1,0.663934,1,African-American,Male,25 - 45,Felony
665,0,0.6506723,1,African-American,Male,Greater than 45,Felony
677,0,0.44479927,0,Caucasian,Male,Less than 25,Felony
679,0,0.23504987,0,African-American,Female,25 - 45,Misdemeanor
694,1,0.57947177,1,African-American,Male,25 - 45,Misdemeanor
696,1,0.2957809,0,Caucasian,Male,25 - 45,Misdemeanor
699,0,0.28897396,0,Caucasian,Male,Greater than 45,Felony
701,0,0.5407437,0,African-American,Female,Less than 25,Felony
703,1,0.80008787,1,African-American,Male,25 - 45,Felony
706,0,0.8643385,1,African-American,Male,25 - 45,Felony
710,1,0.53273106,1,African-American,Male,Greater than 45,Misdemeanor
713,0,0.5321117,0,African-American,Male,25 - 45,Misdemeanor
714,0,0.32600716,0,Caucasian,Male,Greater than 45,Misdemeanor
718,0,0.54058874,0,Other,Male,25 - 45,Felony
719,0,0.16093819,0,Caucasian,Male,Greater than 45,Felony
729,0,0.2664829,0,Caucasian,Male,25 - 45,Felony
733,1,0.6219772,0,African-American,Male,Less than 25,Felony
737,1,0.2762709,1,African-American,Male,25 - 45,Felony
740,1,0.80008787,1,African-American,Male,25 - 45,Felony
743,0,0.2664829,0,Caucasian,Male,25 - 45,Felony
751,0,0.372071,0,African-American,Male,25 - 45,Felony
752,0,0.22564681,0,Caucasian,Male,Greater than 45,Felony
767,1,0.56561404,0,African-American,Male,25 - 45,Felony
782,1,0.5321117,0,African-American,Male,25 - 45,Misdemeanor
790,1,0.7270253,1,African-American,Male,25 - 45,Misdemeanor
797,1,0.8025042,1,African-American,Male,25 - 45,Felony
799,1,0.663934,1,African-American,Male,25 - 45,Felony
803,1,0.3912737,0,African-American,Male,25 - 45,Misdemeanor
816,0,0.41691312,0,Caucasian,Male,Less than 25,Misdemeanor
817,1,0.3210215,1,Hispanic,Female,Less than 25,Misdemeanor
827,0,0.2762709,0,African-American,Male,25 - 45,Felony
834,0,0.44293097,0,African-American,Female,25 - 45,Felony
846,0,0.6867836,1,Caucasian,Male,Less than 25,Felony
849,0,0.113825515,0,Hispanic,Male,Greater than 45,Misdemeanor
856,0,0.47385383,1,African-American,Male,25 - 45,Felony
859,1,0.7385929,1,African-American,Male,25 - 45,Misdemeanor
867,1,0.23106104,0,Hispanic,Male,Greater than 45,Felony
879,0,0.37311682,0,Caucasian,Male,Greater than 45,Misdemeanor
880,0,0.3612675,0,Other,Male,25 - 45,Felony
882,1,0.30851004,1,African-American,Male,25 - 45,Misdemeanor
888,0,0.2762709,0,African-American,Male,25 - 45,Felony
890,1,0.37530643,0,Caucasian,Male,25 - 45,Misdemeanor
892,1,0.5321117,1,African-American,Male,25 - 45,Misdemeanor
894,0,0.20858389,1,African-American,Female,25 - 45,Felony
895,1,0.50653195,1,African-American,Female,25 - 45,Felony
899,0,0.24092838,0,Caucasian,Female,25 - 45,Felony
902,0,0.3273103,0,African-American,Male,Greater than 45,Felony
907,0,0.47385383,1,African-American,Male,25 - 45,Felony
910,1,0.74646044,1,African-American,Male,25 - 45,Felony
916,0,0.2957809,1,Caucasian,Male,25 - 45,Misdemeanor
919,0,0.113825515,0,Hispanic,Male,Greater than 45,Misdemeanor
923,0,0.61812943,1,Caucasian,Male,25 - 45,Misdemeanor
937,0,0.5226835,0,Caucasian,Male,25 - 45,Felony
939,1,0.47516835,1,Hispanic,Male,Less than 25,Felony
951,1,0.74456614,1,African-American,Male,25 - 45,Misdemeanor
962,0,0.2098396,0,Caucasian,Male,25 - 45,Misdemeanor
967,0,0.09903506,0,Caucasian,Female,Greater than 45,Misdemeanor
968,1,0.44479927,0,Caucasian,Male,Less than 25,Felony
975,0,0.19457808,0,African-American,Male,Greater than 45,Felony
977,1,0.47516835,0,Hispanic,Male,Less than 25,Felony
982,0,0.47516835,0,Hispanic,Male,Less than 25,Felony
986,1,0.7548476,1,African-American,Male,25 - 45,Felony
995,1,0.6285345,1,African-American,Male,25 - 45,Felony
998,0,0.2005631,0,Hispanic,Male,25 - 45,Misdemeanor
1003,0,0.40286344,0,African-American,Male,Greater than 45,Felony
1004,0,0.3675405,0,Caucasian,Female,25 - 45,Misdemeanor
1008,1,0.43695608,1,African-American,Male,Less than 25,Misdemeanor
1014,0,0.2870842,0,African-American,Female,25 - 45,Felony
1023,1,0.58812475,1,Caucasian,Male,Less than 25,Felony
1027,0,0.30851004,0,African-American,Male,25 - 45,Misdemeanor
1034,0,0.22500782,0,African-American,Male,25 - 45,Misdemeanor
1042,0,0.62592006,1,African-American,Male,25 - 45,Misdemeanor
1043,1,0.3912737,0,African-American,Male,25 - 45,Misdemeanor
1049,1,0.24092838,0,Caucasian,Female,25 - 45,Felony
1053,1,0.6219772,0,African-American,Male,Less than 25,Felony
1060,0,0.28897396,0,Caucasian,Male,Greater than 45,Felony
1070,0,0.2098396,0,Caucasian,Male,25 - 45,Misdemeanor
1072,1,0.44479927,0,Caucasian,Male,Less than 25,Felony
1078,0,0.23106104,1,Hispanic,Male,Greater than 45,Felony
1080,0,0.43695608,1,African-American,Male,Less than 25,Misdemeanor
1084,1,0.27922827,0,Hispanic,Male,25 - 45,Misdemeanor
1086,1,0.4525195,1,Caucasian,Male,25 - 45,Felony
1093,0,0.372071,0,African-American,Male,25 - 45,Felony
1106,1,0.5321117,0,African-American,Male,25 - 45,Misdemeanor
1107,0,0.22500782,0,African-American,Male,25 - 45,Misdemeanor
1109,0,0.7040745,1,Hispanic,Male,25 - 45,Misdemeanor
1111,0,0.41327485,1,Caucasian,Female,Greater than 45,Felony
1120,0,0.41348177,0,African-American,Female,Greater than 45,Felony
1122,0,0.42353785,0,Caucasian,Female,Less than 25,Misdemeanor
1124,1,0.2664829,1,Caucasian,Male,25 - 45,Felony
1128,0,0.8707119,1,African-American,Male,Less than 25,Felony
1129,0,0.7051397,0,African-American,Male,25 - 45,Felony
1131,1,0.48010832,1,African-American,Male,Less than 25,Felony
1132,0,0.26416394,0,Hispanic,Male,25 - 45,Felony
1136,1,0.5977861,1,African-American,Male,Greater than 45,Felony
1139,0,0.48010832,0,African-American,Male,Less than 25,Felony
1142,0,0.120556206,0,Other,Male,Greater than 45,Misdemeanor
1144,1,0.7212592,1,African-American,Male,25 - 45,Felony
1146,1,0.58977,1,Caucasian,Male,25 - 45,Felony
1150,0,0.2762709,0,African-American,Male,25 - 45,Felony
1154,0,0.16093819,0,Caucasian,Male,Greater than 45,Felony
1157,0,0.2870842,0,African-American,Female,25 - 45,Felony
1158,0,0.2098396,0,Caucasian,Male,25 - 45,Misdemeanor
1165,0,0.78652275,1,African-American,Male,Less than 25,Felony
1190,1,0.78652275,1,African-American,Male,Less than 25,Felony
1191,0,0.47459796,1,Other,Male,Less than 25,Felony
1199,1,0.6630395,1,African-American,Female,25 - 45,Felony
1201,0,0.35547385,0,Caucasian,Male,25 - 45,Felony
1203,0,0.6219772,1,African-American,Male,Less than 25,Felony
1204,1,0.2957809,0,Caucasian,Male,25 - 45,Misdemeanor
1206,0,0.53273106,0,African-American,Male,Greater than 45,Misdemeanor
1207,1,0.3612675,0,Other,Male,25 - 45,Felony
1224,1,0.5342,0,Hispanic,Male,25 - 45,Felony
1237,1,0.8966299,1,African-American,Male,Less than 25,Misdemeanor
1238,1,0.7472999,1,Caucasian,Male,Less than 25,Felony
1239,0,0.35478407,0,Hispanic,Male,Greater than 45,Felony
1240,0,0.68374246,1,Caucasian,Male,25 - 45,Felony
1241,1,0.6285345,0,African-American,Male,25 - 45,Felony
1245,0,0.20876229,1,Caucasian,Female,Greater than 45,Felony
1246,0,0.6219772,1,African-American,Male,Less than 25,Felony
1255,1,0.43695608,0,African-American,Male,Less than 25,Misdemeanor
1256,0,0.48788053,0,Native American,Male,25 - 45,Felony
1264,1,0.689152,1,African-American,Male,25 - 45,Misdemeanor
1265,0,0.2098396,0,Caucasian,Male,25 - 45,Misdemeanor
1272,0,0.2664829,0,Caucasian,Male,25 - 45,Felony
1277,1,0.66357386,1,Caucasian,Male,Greater than 45,Felony
1295,0,0.16093819,0,Caucasian,Male,Greater than 45,Felony
1303,0,0.40286344,1,African-American,Male,Greater than 45,Felony
1316,0,0.19457808,1,African-American,Male,Greater than 45,Felony
1320,1,0.8062566,1,African-American,Male,Greater than 45,Felony
1322,1,0.6495984,1,African-American,Female,Less than 25,Felony
1323,1,0.22500782,0,African-American,Male,25 - 45,Misdemeanor
1324,1,0.44479927,1,Caucasian,Male,Less than 25,Felony
1332,0,0.20876229,0,Caucasian,Female,Greater than 45,Felony
1337,0,0.38585803,0,African-American,Female,Less than 25,Felony
1341,0,0.29728264,0,Hispanic,Female,25 - 45,Misdemeanor
1355,0,0.26931792,0,Other,Male,25 - 45,Felony
1362,0,0.12482819,0,Caucasian,Male,Greater than 45,Misdemeanor
1366,0,0.20600948,0,Other,Male,25 - 45,Misdemeanor
1371,0,0.7051397,1,African-American,Male,25 - 45,Felony
1375,1,0.74224335,1,Caucasian,Male,25 - 45,Felony
1376,0,0.2762709,0,African-American,Male,25 - 45,Felony
1381,0,0.3669838,0,African-American,Female,25 - 45,Felony
1384,1,0.09903506,0,Caucasian,Female,Greater than 45,Misdemeanor
1391,0,0.22447464,0,Caucasian,Male,Greater than 45,Misdemeanor
1405,1,0.89833933,1,African-American,Male,25 - 45,Felony
1406,0,0.5407437,1,African-American,Female,Less than 25,Felony
1410,0,0.12482819,0,Caucasian,Male,Greater than 45,Misdemeanor
1411,1,0.22500782,0,African-American,Male,25 - 45,Misdemeanor
1415,1,0.22564681,0,Caucasian,Male,Greater than 45,Felony
1416,0,0.7941209,1,African-American,Male,Greater than 45,Misdemeanor
1422,1,0.7836804,1,Caucasian,Male,25 - 45,Felony
1425,0,0.2016519,0,African-American,Male,Greater than 45,Misdemeanor
1440,1,0.32856685,1,Caucasian,Female,25 - 45,Felony
1442,1,0.8005276,0,Other,Male,Greater than 45,Felony
1446,0,0.78652275,1,African-American,Male,Less than 25,Felony
1450,1,0.74854124,1,African-American,Male,Less than 25,Misdemeanor
1451,1,0.2098396,0,Caucasian,Male,25 - 45,Misdemeanor
1457,0,0.7620003,1,African-American,Male,25 - 45,Felony
1460,0,0.7548476,1,African-American,Male,25 - 45,Felony
1463,0,0.16093819,0,Caucasian,Male,Greater than 45,Felony
1465,0,0.19457808,0,African-American,Male,Greater than 45,Felony
1471,0,0.74646044,0,African-American,Male,25 - 45,Felony
1474,0,0.41559476,0,Caucasian,Male,Greater than 45,Felony
1479,0,0.22500782,0,African-American,Male,25 - 45,Misdemeanor
1491,1,0.2762709,1,African-American,Male,25 - 45,Felony
1496,0,0.6219772,0,African-American,Male,Less than 25,Felony
1498,0,0.6867836,1,Caucasian,Male,Less than 25,Felony
1500,0,0.1707311,0,Caucasian,Female,25 - 45,Misdemeanor
1501,0,0.2762709,1,African-American,Male,25 - 45,Felony
1507,1,0.56561404,0,African-American,Male,25 - 45,Felony
1508,0,0.2963566,0,African-American,Female,25 - 45,Misdemeanor
1509,1,0.36437017,0,Caucasian,Female,Greater than 45,Felony
1513,1,0.14912257,0,Caucasian,Female,Greater than 45,Felony
1514,0,0.48010832,0,African-American,Male,Less than 25,Felony
1525,1,0.87858063,1,Other,Male,25 - 45,Felony
1529,0,0.35401008,0,Asian,Male,Less than 25,Misdemeanor
1531,1,0.8009303,1,African-American,Male,Greater than 45,Felony
1532,1,0.80008787,1,African-American,Male,25 - 45,Felony
1534,0,0.20600948,0,Other,Male,25 - 45,Misdemeanor
1539,0,0.663934,1,African-American,Male,25 - 45,Felony
1540,0,0.25078848,0,Hispanic,Female,Greater than 45,Felony
1541,0,0.12482819,1,Caucasian,Male,Greater than 45,Misdemeanor
1544,0,0.2762709,0,African-American,Male,25 - 45,Felony
1547,1,0.78652275,1,African-American,Male,Less than 25,Felony
1549,0,0.16551013,0,African-American,Female,25 - 45,Misdemeanor
1550,1,0.74646044,1,African-American,Male,25 - 45,Felony
1551,1,0.22447464,0,Caucasian,Male,Greater than 45,Misdemeanor
1554,1,0.6905908,1,African-American,Male,Less than 25,Misdemeanor
1566,0,0.76808155,1,African-American,Male,25 - 45,Felony
1569,0,0.43695608,1,African-American,Male,Less than 25,Misdemeanor
1570,0,0.2098396,0,Caucasian,Male,25 - 45,Misdemeanor
1571,1,0.7270253,0,African-American,Male,25 - 45,Misdemeanor
1581,1,0.346603,1,African-American,Female,Less than 25,Misdemeanor
1587,1,0.48010832,0,African-American,Male,Less than 25,Felony
1590,1,0.61858267,1,Caucasian,Male,Greater than 45,Felony
1591,1,0.35547385,0,Caucasian,Male,25 - 45,Felony
1603,1,0.7212592,0,African-American,Male,25 - 45,Felony
1607,1,0.6905908,1,African-American,Male,Less than 25,Misdemeanor
1608,1,0.48010832,1,African-American,Male,Less than 25,Felony
1614,1,0.8025042,1,African-American,Male,25 - 45,Felony
1621,1,0.35547385,1,Caucasian,Male,25 - 45,Felony
1625,0,0.2098396,0,Caucasian,Male,25 - 45,Misdemeanor
1635,0,0.113825515,0,Hispanic,Male,Greater than 45,Misdemeanor
1637,1,0.7212592,1,African-American,Male,25 - 45,Felony
1645,0,0.12482819,0,Caucasian,Male,Greater than 45,Misdemeanor
1661,1,0.58812475,0,Caucasian,Male,Less than 25,Felony
1672,0,0.40794024,0,African-American,Male,Greater than 45,Misdemeanor
1673,1,0.16093819,0,Caucasian,Male,Greater than 45,Felony
1674,0,0.28897396,0,Caucasian,Male,Greater than 45,Felony
1675,0,0.12482819,0,Caucasian,Male,Greater than 45,Misdemeanor
1677,0,0.20858389,0,African-American,Female,25 - 45,Felony
1679,0,0.47459796,0,Other,Male,Less than 25,Felony
1682,0,0.372071,0,African-American,Male,25 - 45,Felony
1684,0,0.6219772,1,African-American,Male,Less than 25,Felony
1704,0,0.26627758,0,African-American,Male,Greater than 45,Felony
1706,0,0.4189264,0,African-American,Female,25 - 45,Misdemeanor
1709,0,0.3912737,0,African-American,Male,25 - 45,Misdemeanor
1711,0,0.2762709,0,African-American,Male,25 - 45,Felony
1715,0,0.2870842,0,African-American,Female,25 - 45,Felony
1730,0,0.19457808,0,African-American,Male,Greater than 45,Felony
1731,0,0.47385383,0,African-American,Male,25 - 45,Felony
1734,1,0.41691312,0,Caucasian,Male,Less than 25,Misdemeanor
1735,0,0.2762709,1,African-American,Male,25 - 45,Felony
1740,0,0.3912737,0,African-American,Male,25 - 45,Misdemeanor
1760,0,0.2664829,0,Caucasian,Male,25 - 45,Felony
1773,0,0.6285345,1,African-American,Male,25 - 45,Felony
1779,0,0.48010832,0,African-American,Male,Less than 25,Felony
1780,0,0.6285345,0,African-American,Male,25 - 45,Felony
1785,0,0.3568954,1,Caucasian,Female,Less than 25,Felony
1786,0,0.22447464,0,Caucasian,Male,Greater than 45,Misdemeanor
1795,0,0.20600948,0,Other,Male,25 - 45,Misdemeanor
1810,0,0.28897396,0,Caucasian,Male,Greater than 45,Felony
1818,1,0.6219772,1,African-American,Male,Less than 25,Felony
1830,0,0.8225714,1,African-American,Male,25 - 45,Felony
1839,0,0.16551013,0,African-American,Female,25 - 45,Misdemeanor
1850,0,0.24092838,0,Caucasian,Female,25 - 45,Felony
1851,0,0.44479927,0,Caucasian,Male,Less than 25,Felony
1853,1,0.5321117,1,African-American,Male,25 - 45,Misdemeanor
1855,0,0.6285345,1,African-American,Male,25 - 45,Felony
1860,1,0.15655275,0,Hispanic,Female,25 - 45,Misdemeanor
1863,0,0.16093819,0,Caucasian,Male,Greater than 45,Felony
1865,0,0.7322904,1,African-American,Male,Less than 25,Felony
1869,1,0.63714546,0,African-American,Female,25 - 45,Felony
1874,0,0.2762709,0,African-American,Male,25 - 45,Felony
1893,0,0.12482819,0,Caucasian,Male,Greater than 45,Misdemeanor
1894,1,0.7620003,1,African-American,Male,25 - 45,Felony
1895,1,0.7472999,1,Caucasian,Male,Less than 25,Felony
1897,0,0.1432406,1,African-American,Male,Greater than 45,Misdemeanor
1900,1,0.30964553,0,African-American,Male,Greater than 45,Misdemeanor
1905,1,0.3568954,0,Caucasian,Female,Less than 25,Felony
1906,0,0.43695608,1,African-American,Male,Less than 25,Misdemeanor
1907,0,0.26627758,0,African-American,Male,Greater than 45,Felony
1929,0,0.2957809,0,Caucasian,Male,25 - 45,Misdemeanor
1933,1,0.7548476,0,African-American,Male,25 - 45,Felony
1935,0,0.58930475,1,African-American,Male,Less than 25,Misdemeanor
1943,1,0.6219772,0,African-American,Male,Less than 25,Felony
1957,1,0.7424596,1,African-American,Female,25 - 45,Felony
1971,0,0.38585803,0,African-American,Female,Less than 25,Felony
1977,0,0.6219772,0,African-American,Male,Less than 25,Felony
1982,1,0.6219772,0,African-American,Male,Less than 25,Felony
1983,0,0.47516835,0,Hispanic,Male,Less than 25,Felony
1986,1,0.6219772,1,African-American,Male,Less than 25,Felony
1989,0,0.26416394,0,Hispanic,Male,25 - 45,Felony
1991,1,0.7310716,1,African-American,Male,Greater than 45,Felony
1996,0,0.372071,0,African-American,Male,25 - 45,Felony
1998,0,0.41559476,0,Caucasian,Male,Greater than 45,Felony
2000,1,0.15655275,0,Hispanic,Female,25 - 45,Misdemeanor
2002,1,0.17285667,0,Caucasian,Male,Greater than 45,Misdemeanor
2007,1,0.7018968,1,Caucasian,Male,Less than 25,Misdemeanor
2008,0,0.372071,0,African-American,Male,25 - 45,Felony
2010,1,0.62470794,1,African-American,Female,25 - 45,Misdemeanor
2011,1,0.7270253,1,African-American,Male,25 - 45,Misdemeanor
2014,0,0.61858267,1,Caucasian,Male,Greater than 45,Felony
2019,0,0.09903506,0,Caucasian,Female,Greater than 45,Misdemeanor
2025,1,0.48010832,1,African-American,Male,Less than 25,Felony
2028,0,0.2664829,0,Caucasian,Male,25 - 45,Felony
2029,0,0.5116529,1,African-American,Female,Greater than 45,Felony
2031,0,0.2098396,1,Caucasian,Male,25 - 45,Misdemeanor
2033,1,0.6219772,1,African-American,Male,Less than 25,Felony
2035,1,0.7643259,1,Caucasian,Male,25 - 45,Felony
2036,0,0.48010832,0,African-American,Male,Less than 25,Felony
2038,1,0.6285345,1,African-American,Male,25 - 45,Felony
2040,0,0.2762709,0,African-American,Male,25 - 45,Felony
2041,0,0.26627758,0,African-American,Male,Greater than 45,Felony
2042,0,0.43695608,1,African-American,Male,Less than 25,Misdemeanor
2043,0,0.16551013,0,African-American,Female,25 - 45,Misdemeanor
2045,0,0.29326507,0,Other,Male,Greater than 45,Felony
2050,0,0.30851004,1,African-American,Male,25 - 45,Misdemeanor
2054,1,0.7548476,1,African-American,Male,25 - 45,Felony
2055,0,0.26627758,1,African-American,Male,Greater than 45,Felony
2056,0,0.35547385,0,Caucasian,Male,25 - 45,Felony
2060,1,0.6877082,0,African-American,Male,Greater than 45,Felony
2080,0,0.20876229,0,Caucasian,Female,Greater than 45,Felony
2085,0,0.2762709,0,African-American,Male,25 - 45,Felony
2086,1,0.47516835,0,Hispanic,Male,Less than 25,Felony
2087,0,0.30851004,0,African-American,Male,25 - 45,Misdemeanor
2094,0,0.2016519,0,African-American,Male,Greater than 45,Misdemeanor
2098,1,0.8093076,1,African-American,Male,25 - 45,Misdemeanor
2103,1,0.7212592,1,African-American,Male,25 - 45,Felony
2104,1,0.8643385,1,African-American,Male,25 - 45,Felony
2109,1,0.663934,1,African-American,Male,25 - 45,Felony
2111,0,0.41452295,1,Hispanic,Male,Less than 25,Misdemeanor
2122,0,0.2664829,0,Caucasian,Male,25 - 45,Felony
2129,0,0.12482819,0,Caucasian,Male,Greater than 45,Misdemeanor
2140,0,0.58930475,0,African-American,Male,Less than 25,Misdemeanor
2142,0,0.28784338,0,African-American,Female,Greater than 45,Felony
2143,1,0.3912737,1,African-American,Male,25 - 45,Misdemeanor
2144,0,0.16551013,0,African-American,Female,25 - 45,Misdemeanor
2145,1,0.44479927,1,Caucasian,Male,Less than 25,Felony
2147,0,0.16093819,0,Caucasian,Male,Greater than 45,Felony
2148,0,0.2016519,0,African-American,Male,Greater than 45,Misdemeanor
2150,0,0.663934,1,African-American,Male,25 - 45,Felony
2164,0,0.2098396,0,Caucasian,Male,25 - 45,Misdemeanor
2173,1,0.7620003,1,African-American,Male,25 - 45,Felony
2176,1,0.22447464,0,Caucasian,Male,Greater than 45,Misdemeanor
2178,1,0.38585803,1,African-American,Female,Less than 25,Felony
2179,1,0.7916605,1,Hispanic,Male,Less than 25,Misdemeanor
2184,1,0.80008787,1,African-American,Male,25 - 45,Felony
2185,0,0.16124213,0,Hispanic,Male,Greater than 45,Felony
2194,1,0.48010832,0,African-American,Male,Less than 25,Felony
2196,0,0.22447464,0,Caucasian,Male,Greater than 45,Misdemeanor
2220,0,0.7212592,0,African-American,Male,25 - 45,Felony
2236,1,0.2762709,1,African-American,Male,25 - 45,Felony
2237,1,0.3273103,0,African-American,Male,Greater than 45,Felony
2243,0,0.2870842,0,African-American,Female,25 - 45,Felony
2249,1,0.6483993,1,Caucasian,Male,25 - 45,Misdemeanor
2254,0,0.1707311,0,Caucasian,Female,25 - 45,Misdemeanor
2255,1,0.6327445,0,Hispanic,Female,25 - 45,Felony
2265,0,0.372071,1,African-American,Male,25 - 45,Felony
2278,1,0.4460312,0,Caucasian,Male,25 - 45,Misdemeanor
2280,1,0.7472999,0,Caucasian,Male,Less than 25,Felony
2282,0,0.2762709,0,African-American,Male,25 - 45,Felony
2285,0,0.7051397,1,African-American,Male,25 - 45,Felony
2288,0,0.35547385,0,Caucasian,Male,25 - 45,Felony
2290,0,0.7620003,1,African-American,Male,25 - 45,Felony
2292,1,0.7588618,1,African-American,Male,25 - 45,Misdemeanor
2294,0,0.58930475,0,African-American,Male,Less than 25,Misdemeanor
2296,1,0.689152,1,African-American,Male,25 - 45,Misdemeanor
2299,1,0.68374246,1,Caucasian,Male,25 - 45,Felony
2307,0,0.24092838,1,Caucasian,Female,25 - 45,Felony
2316,1,0.7018968,1,Caucasian,Male,Less than 25,Misdemeanor
2320,0,0.48010832,1,African-American,Male,Less than 25,Felony
2325,1,0.1432406,0,African-American,Male,Greater than 45,Misdemeanor
2340,1,0.32856685,0,Caucasian,Female,25 - 45,Felony
2346,0,0.20858389,0,African-American,Female,25 - 45,Felony
2349,1,0.689152,1,African-American,Male,25 - 45,Misdemeanor
2351,0,0.7212592,0,African-American,Male,25 - 45,Felony
2367,1,0.62133044,1,African-American,Male,Greater than 45,Felony
2368,1,0.7212592,0,African-American,Male,25 - 45,Felony
2386,1,0.48010832,0,African-American,Male,Less than 25,Felony
2391,0,0.28897396,0,Caucasian,Male,Greater than 45,Felony
2393,0,0.39202064,1,Other,Female,Less than 25,Felony
2394,1,0.680107,1,Other,Male,Less than 25,Felony
2404,1,0.7672735,1,African-American,Male,25 - 45,Misdemeanor
2405,1,0.44922373,0,African-American,Male,Greater than 45,Misdemeanor
2407,0,0.30851004,1,African-American,Male,25 - 45,Misdemeanor
2411,1,0.58930475,0,African-American,Male,Less than 25,Misdemeanor
2421,0,0.5003528,0,African-American,Male,Greater than 45,Felony
2426,1,0.22564681,0,Caucasian,Male,Greater than 45,Felony
2428,1,0.56633896,0,Caucasian,Male,25 - 45,Misdemeanor
2431,0,0.13923477,0,Other,Female,Greater than 45,Felony
2434,1,0.35790747,1,African-American,Female,25 - 45,Misdemeanor
2436,0,0.47385383,1,African-American,Male,25 - 45,Felony
2439,0,0.34666684,1,Other,Female,Less than 25,Misdemeanor
2443,1,0.6846172,1,African-American,Male,Greater than 45,Misdemeanor
2447,1,0.35547385,0,Caucasian,Male,25 - 45,Felony
2465,0,0.35641983,0,Caucasian,Male,Greater than 45,Felony
2470,0,0.1707311,0,Caucasian,Female,25 - 45,Misdemeanor
2471,1,0.3699424,0,Hispanic,Male,25 - 45,Misdemeanor
2474,0,0.22663668,0,Hispanic,Female,25 - 45,Misdemeanor
2487,0,0.2762709,0,African-American,Male,25 - 45,Felony
2491,1,0.7212592,1,African-American,Male,25 - 45,Felony
2492,1,0.663934,0,African-American,Male,25 - 45,Felony
2496,1,0.2870842,1,African-American,Female,25 - 45,Felony
2501,0,0.22500782,0,African-American,Male,25 - 45,Misdemeanor
2503,0,0.8062566,1,African-American,Male,Greater than 45,Felony
2509,1,0.7518686,1,Hispanic,Male,Less than 25,Felony
2515,0,0.48010832,0,African-American,Male,Less than 25,Felony
2518,0,0.44479927,1,Caucasian,Male,Less than 25,Felony
2520,1,0.48010832,1,African-American,Male,Less than 25,Felony
2524,1,0.5996076,0,Other,Male,Less than 25,Felony
2526,1,0.17285667,0,Caucasian,Male,Greater than 45,Misdemeanor
2528,1,0.84280807,0,African-American,Male,Less than 25,Felony
2541,1,0.3912737,1,African-American,Male,25 - 45,Misdemeanor
2543,1,0.86915714,1,African-American,Male,25 - 45,Misdemeanor
2548,0,0.69895315,1,African-American,Male,25 - 45,Misdemeanor
2553,1,0.74224335,1,Caucasian,Male,25 - 45,Felony
2557,0,0.27554154,0,Caucasian,Male,Greater than 45,Misdemeanor
2561,0,0.74224335,1,Caucasian,Male,25 - 45,Felony
2563,0,0.17797455,0,Asian,Male,25 - 45,Misdemeanor
2564,1,0.663934,1,African-American,Male,25 - 45,Felony
2565,1,0.1432406,0,African-American,Male,Greater than 45,Misdemeanor
2569,0,0.16111104,0,Hispanic,Male,Greater than 45,Misdemeanor
2571,1,0.6219772,1,African-American,Male,Less than 25,Felony
2574,0,0.22500782,0,African-American,Male,25 - 45,Misdemeanor
2581,1,0.47385383,1,African-American,Male,25 - 45,Felony
2584,1,0.12482819,0,Caucasian,Male,Greater than 45,Misdemeanor
2585,1,0.7212592,1,African-American,Male,25 - 45,Felony
2587,1,0.5407437,1,African-American,Female,Less than 25,Felony
2590,1,0.7620003,1,African-American,Male,25 - 45,Felony
2607,1,0.663934,1,African-American,Male,25 - 45,Felony
2610,1,0.77416986,1,Caucasian,Male,Greater than 45,Felony
2611,1,0.43695608,0,African-American,Male,Less than 25,Misdemeanor
2621,0,0.11731455,0,African-American,Female,Greater than 45,Misdemeanor
2636,0,0.35547385,0,Caucasian,Male,25 - 45,Felony
2637,0,0.2098396,0,Caucasian,Male,25 - 45,Misdemeanor
2644,0,0.48010832,1,African-American,Male,Less than 25,Felony
2646,0,0.40286344,0,African-American,Male,Greater than 45,Felony
2647,1,0.8744613,1,African-American,Male,25 - 45,Felony
2648,0,0.63178617,1,Hispanic,Male,25 - 45,Felony
2658,0,0.5226835,0,Caucasian,Male,25 - 45,Felony
2661,0,0.6219772,1,African-American,Male,Less than 25,Felony
2662,0,0.12482819,0,Caucasian,Male,Greater than 45,Misdemeanor
2671,0,0.6576174,1,African-American,Female,Less than 25,Misdemeanor
2681,0,0.35641983,0,Caucasian,Male,Greater than 45,Felony
2687,1,0.7144443,0,Hispanic,Male,25 - 45,Felony
2697,0,0.12482819,0,Caucasian,Male,Greater than 45,Misdemeanor
2699,0,0.7212592,0,African-American,Male,25 - 45,Felony
2708,0,0.15655275,0,Hispanic,Female,25 - 45,Misdemeanor
2710,0,0.5509833,0,Caucasian,Male,Less than 25,Misdemeanor
2716,0,0.2762709,1,African-American,Male,25 - 45,Felony
2722,1,0.58930475,0,African-American,Male,Less than 25,Misdemeanor
2724,0,0.1716312,0,Other,Female,25 - 45,Misdemeanor
2726,0,0.22369483,0,Other,Female,25 - 45,Felony
2727,0,0.120556206,0,Other,Male,Greater than 45,Misdemeanor
2731,0,0.48010832,1,African-American,Male,Less than 25,Felony
2735,0,0.16093819,0,Caucasian,Male,Greater than 45,Felony
2745,0,0.41379628,0,Other,Male,Greater than 45,Felony
2749,1,0.62133044,1,African-American,Male,Greater than 45,Felony
2753,0,0.35547385,0,Caucasian,Male,25 - 45,Felony
2761,1,0.41691312,0,Caucasian,Male,Less than 25,Misdemeanor
2763,1,0.2487683,1,Caucasian,Female,25 - 45,Misdemeanor
2768,0,0.58930475,0,African-American,Male,Less than 25,Misdemeanor
2780,1,0.7548476,1,African-American,Male,25 - 45,Felony
2782,1,0.35547385,0,Caucasian,Male,25 - 45,Felony
2795,1,0.39998564,1,Caucasian,Female,25 - 45,Felony
2796,1,0.74646044,1,African-American,Male,25 - 45,Felony
2799,1,0.5509833,0,Caucasian,Male,Less than 25,Misdemeanor
2804,1,0.6204409,1,African-American,Male,Greater than 45,Misdemeanor
2812,0,0.5226835,0,Caucasian,Male,25 - 45,Felony
2815,0,0.43695608,0,African-American,Male,Less than 25,Misdemeanor
2816,0,0.22980976,0,African-American,Female,Greater than 45,Felony
2821,1,0.4525195,0,Caucasian,Male,25 - 45,Felony
2823,1,0.6495984,1,African-American,Female,Less than 25,Felony
2838,0,0.67468697,1,Hispanic,Male,25 - 45,Felony
2839,1,0.61812943,1,Caucasian,Male,25 - 45,Misdemeanor
2845,1,0.7620003,1,African-American,Male,25 - 45,Felony
2852,0,0.27922827,0,Hispanic,Male,25 - 45,Misdemeanor
2858,1,0.44293097,0,African-American,Female,25 - 45,Felony
2863,0,0.42353785,1,Caucasian,Female,Less than 25,Misdemeanor
2865,1,0.2098396,0,Caucasian,Male,25 - 45,Misdemeanor
2877,0,0.74224335,1,Caucasian,Male,25 - 45,Felony
2879,1,0.47459796,0,Other,Male,Less than 25,Felony
2881,0,0.7212592,1,African-American,Male,25 - 45,Felony
2890,0,0.22564681,0,Caucasian,Male,Greater than 45,Felony
2898,1,0.4311269,1,Other,Male,Less than 25,Misdemeanor
2912,1,0.5802249,1,Caucasian,Female,Greater than 45,Felony
2922,1,0.6219772,1,African-American,Male,Less than 25,Felony
2931,1,0.2098396,0,Caucasian,Male,25 - 45,Misdemeanor
2934,1,0.78652275,1,African-American,Male,Less than 25,Felony
2935,0,0.28897396,0,Caucasian,Male,Greater than 45,Felony
2941,1,0.4311269,0,Other,Male,Less than 25,Misdemeanor
2946,1,0.7212592,1,African-American,Male,25 - 45,Felony
2947,0,0.12482819,0,Caucasian,Male,Greater than 45,Misdemeanor
2948,0,0.7082231,1,African-American,Female,25 - 45,Felony
2954,0,0.6578976,0,Other,Male,25 - 45,Misdemeanor
2955,0,0.1707311,0,Caucasian,Female,25 - 45,Misdemeanor
2958,0,0.6285345,0,African-American,Male,25 - 45,Felony
2963,0,0.16093819,0,Caucasian,Male,Greater than 45,Felony
2966,1,0.35547385,0,Caucasian,Male,25 - 45,Felony
2972,0,0.5418319,0,Caucasian,Male,Greater than 45,Felony
2983,0,0.41691312,1,Caucasian,Male,Less than 25,Misdemeanor
2987,0,0.57018375,0,Caucasian,Male,Greater than 45,Felony
3007,1,0.48010832,1,African-American,Male,Less than 25,Felony
3008,0,0.48178375,0,Caucasian,Female,25 - 45,Felony
3010,0,0.35641983,0,Caucasian,Male,Greater than 45,Felony
3012,0,0.43695608,1,African-American,Male,Less than 25,Misdemeanor
3016,1,0.74646044,1,African-American,Male,25 - 45,Felony
3030,1,0.3675405,0,Caucasian,Female,25 - 45,Misdemeanor
3038,0,0.1432406,0,African-American,Male,Greater than 45,Misdemeanor
3041,0,0.45567274,1,African-American,Male,Greater than 45,Felony
3043,0,0.2664829,0,Caucasian,Male,25 - 45,Felony
3044,0,0.35547385,0,Caucasian,Male,25 - 45,Felony
3048,0,0.5304941,0,Caucasian,Female,25 - 45,Felony
3051,0,0.1432406,0,African-American,Male,Greater than 45,Misdemeanor
3056,0,0.48010832,0,African-American,Male,Less than 25,Felony
3057,0,0.6285345,1,African-American,Male,25 - 45,Felony
3058,0,0.22500782,0,African-American,Male,25 - 45,Misdemeanor
3069,0,0.6877082,0,African-American,Male,Greater than 45,Felony
3071,0,0.2005631,0,Hispanic,Male,25 - 45,Misdemeanor
3072,0,0.5418319,0,Caucasian,Male,Greater than 45,Felony
3076,1,0.7472999,1,Caucasian,Male,Less than 25,Felony
3077,0,0.30851004,0,African-American,Male,25 - 45,Misdemeanor
3083,0,0.2957809,0,Caucasian,Male,25 - 45,Misdemeanor
3084,0,0.22500782,0,African-American,Male,25 - 45,Misdemeanor
3086,0,0.2437947,1,Other,Female,25 - 45,Misdemeanor
3090,1,0.6867836,1,Caucasian,Male,Less than 25,Felony
3091,1,0.15655275,0,Hispanic,Female,25 - 45,Misdemeanor
3104,0,0.44479927,0,Caucasian,Male,Less than 25,Felony
3107,1,0.1432406,0,African-American,Male,Greater than 45,Misdemeanor
3111,1,0.2664829,1,Caucasian,Male,25 - 45,Felony
3115,0,0.32856685,1,Caucasian,Female,25 - 45,Felony
3127,1,0.7018968,1,Caucasian,Male,Less than 25,Misdemeanor
3141,0,0.17285667,0,Caucasian,Male,Greater than 45,Misdemeanor
3142,0,0.28897396,0,Caucasian,Male,Greater than 45,Felony
3155,1,0.16551013,0,African-American,Female,25 - 45,Misdemeanor
3168,1,0.553092,1,Hispanic,Male,25 - 45,Misdemeanor
3169,0,0.56561404,1,African-American,Male,25 - 45,Felony
3176,1,0.61858267,0,Caucasian,Male,Greater than 45,Felony
3178,1,0.62592006,1,African-American,Male,25 - 45,Misdemeanor
3184,0,0.58812475,0,Caucasian,Male,Less than 25,Felony
3185,1,0.2098396,0,Caucasian,Male,25 - 45,Misdemeanor
3187,0,0.09903506,0,Caucasian,Female,Greater than 45,Misdemeanor
3188,0,0.346603,0,African-American,Female,Less than 25,Misdemeanor
3201,1,0.7322904,0,African-American,Male,Less than 25,Felony
3204,0,0.2870842,0,African-American,Female,25 - 45,Felony
3214,0,0.372071,0,African-American,Male,25 - 45,Felony
3224,0,0.2098396,0,Caucasian,Male,25 - 45,Misdemeanor
3225,0,0.2664829,0,Caucasian,Male,25 - 45,Felony
3229,0,0.47849888,1,African-American,Male,Greater than 45,Misdemeanor
3231,1,0.6363648,1,Caucasian,Male,25 - 45,Felony
3232,0,0.372071,0,African-American,Male,25 - 45,Felony
3244,0,0.61392957,1,Hispanic,Male,Greater than 45,Felony
3252,0,0.45567274,0,African-American,Male,Greater than 45,Felony
3260,0,0.16551013,0,African-American,Female,25 - 45,Misdemeanor
3261,1,0.9225489,1,African-American,Male,Less than 25,Felony
3266,0,0.22564681,0,Caucasian,Male,Greater than 45,Felony
3268,1,0.58930475,0,African-American,Male,Less than 25,Misdemeanor
3273,0,0.22500782,1,African-American,Male,25 - 45,Misdemeanor
3277,1,0.2762709,0,African-American,Male,25 - 45,Felony
3281,0,0.2098396,0,Caucasian,Male,25 - 45,Misdemeanor
3289,1,0.43695608,0,African-American,Male,Less than 25,Misdemeanor
3293,0,0.2762709,1,African-American,Male,25 - 45,Felony
3295,1,0.39998564,1,Caucasian,Female,25 - 45,Felony
3296,1,0.28897396,0,Caucasian,Male,Greater than 45,Felony
3300,1,0.22500782,0,African-American,Male,25 - 45,Misdemeanor
3303,0,0.58812475,0,Caucasian,Male,Less than 25,Felony
3305,0,0.2762709,0,African-American,Male,25 - 45,Felony
3310,0,0.80008787,1,African-American,Male,25 - 45,Felony
3314,1,0.30851004,0,African-American,Male,25 - 45,Misdemeanor
3318,0,0.16093819,0,Caucasian,Male,Greater than 45,Felony
3323,1,0.78652275,0,African-American,Male,Less than 25,Felony
3327,1,0.35547385,1,Caucasian,Male,25 - 45,Felony
3345,0,0.28897396,0,Caucasian,Male,Greater than 45,Felony
3350,0,0.5321117,0,African-American,Male,25 - 45,Misdemeanor
3361,1,0.38585803,1,African-American,Female,Less than 25,Felony
3365,0,0.50653195,1,African-American,Female,25 - 45,Felony
3368,0,0.4525195,0,Caucasian,Male,25 - 45,Felony
3382,0,0.35641983,0,Caucasian,Male,Greater than 45,Felony
3383,1,0.78652275,1,African-American,Male,Less than 25,Felony
3390,1,0.26931792,0,Other,Male,25 - 45,Felony
3396,1,0.22500782,0,African-American,Male,25 - 45,Misdemeanor
3400,1,0.79904157,1,African-American,Male,25 - 45,Felony
3414,0,0.7212592,1,African-American,Male,25 - 45,Felony
3418,0,0.3568954,0,Caucasian,Female,Less than 25,Felony
3420,1,0.22500782,0,African-American,Male,25 - 45,Misdemeanor
3428,0,0.30964553,0,African-American,Male,Greater than 45,Misdemeanor
3430,1,0.7270253,0,African-American,Male,25 - 45,Misdemeanor
3431,0,0.16093819,0,Caucasian,Male,Greater than 45,Felony
3436,0,0.16551013,0,African-American,Female,25 - 45,Misdemeanor
3437,1,0.48010832,1,African-American,Male,Less than 25,Felony
3441,0,0.30851004,0,African-American,Male,25 - 45,Misdemeanor
3446,0,0.39998564,0,Caucasian,Female,25 - 45,Felony
3451,1,0.689152,1,African-American,Male,25 - 45,Misdemeanor
3454,0,0.1432406,0,African-American,Male,Greater than 45,Misdemeanor
3457,1,0.68374246,1,Caucasian,Male,25 - 45,Felony
3466,1,0.7322904,1,African-American,Male,Less than 25,Felony
3470,1,0.49731904,0,Hispanic,Male,25 - 45,Misdemeanor
3473,0,0.23106104,0,Hispanic,Male,Greater than 45,Felony
3479,1,0.48010832,0,African-American,Male,Less than 25,Felony
3480,0,0.37530643,0,Caucasian,Male,25 - 45,Misdemeanor
3490,0,0.46026266,0,Hispanic,Male,25 - 45,Felony
3491,0,0.40286344,0,African-American,Male,Greater than 45,Felony
3520,1,0.30851004,1,African-American,Male,25 - 45,Misdemeanor
3529,1,0.44479927,1,Caucasian,Male,Less than 25,Felony
3534,1,0.5226835,1,Caucasian,Male,25 - 45,Felony
3537,1,0.7018968,1,Caucasian,Male,Less than 25,Misdemeanor
3539,0,0.31058067,1,Caucasian,Female,25 - 45,Misdemeanor
3545,1,0.57923985,1,African-American,Male,Greater than 45,Misdemeanor
3546,0,0.20600948,0,Other,Male,25 - 45,Misdemeanor
3547,0,0.48010832,0,African-American,Male,Less than 25,Felony
3548,1,0.7322904,1,African-American,Male,Less than 25,Felony
3551,1,0.52932173,0,Caucasian,Female,Greater than 45,Felony
3552,1,0.5342,0,Hispanic,Male,25 - 45,Felony
3556,1,0.20980017,0,Hispanic,Female,25 - 45,Felony
3558,1,0.62592006,1,African-American,Male,25 - 45,Misdemeanor
3571,1,0.8707119,1,African-American,Male,Less than 25,Felony
3574,1,0.6139298,1,Caucasian,Female,25 - 45,Felony
3578,0,0.26627758,0,African-American,Male,Greater than 45,Felony
3584,0,0.2963566,0,African-American,Female,25 - 45,Misdemeanor
3585,1,0.2762709,0,African-American,Male,25 - 45,Felony
3596,0,0.48178375,1,Caucasian,Female,25 - 45,Felony
3598,0,0.2005631,0,Hispanic,Male,25 - 45,Misdemeanor
3607,0,0.372071,1,African-American,Male,25 - 45,Felony
3612,1,0.78652275,1,African-American,Male,Less than 25,Felony
3617,1,0.47459796,0,Other,Male,Less than 25,Felony
3618,1,0.38585803,1,African-American,Female,Less than 25,Felony
3621,1,0.41559476,1,Caucasian,Male,Greater than 45,Felony
3629,0,0.16551013,0,African-American,Female,25 - 45,Misdemeanor
3634,0,0.2957809,0,Caucasian,Male,25 - 45,Misdemeanor
3637,1,0.66054976,1,African-American,Male,25 - 45,Misdemeanor
3641,1,0.37717944,0,Hispanic,Male,25 - 45,Felony
3646,0,0.4525195,0,Caucasian,Male,25 - 45,Felony
3651,1,0.22564681,0,Caucasian,Male,Greater than 45,Felony
3680,1,0.3669838,0,African-American,Female,25 - 45,Felony
3690,0,0.15915276,0,African-American,Female,Greater than 45,Felony
3706,0,0.13923477,0,Other,Female,Greater than 45,Felony
3713,1,0.8381617,1,African-American,Male,25 - 45,Misdemeanor
3715,0,0.1707311,0,Caucasian,Female,25 - 45,Misdemeanor
3718,1,0.7322904,1,African-American,Male,Less than 25,Felony
3721,1,0.22500782,1,African-American,Male,25 - 45,Misdemeanor
3727,0,0.2870842,0,African-American,Female,25 - 45,Felony
3728,1,0.76651835,1,African-American,Female,25 - 45,Felony
3729,1,0.2762709,0,African-American,Male,25 - 45,Felony
3732,0,0.44479927,0,Caucasian,Male,Less than 25,Felony
3746,1,0.75562215,1,Caucasian,Male,25 - 45,Felony
3748,0,0.17285667,0,Caucasian,Male,Greater than 45,Misdemeanor
3754,0,0.2098396,1,Caucasian,Male,25 - 45,Misdemeanor
3755,1,0.79904157,1,African-American,Male,25 - 45,Felony
3756,0,0.41322222,1,Caucasian,Female,25 - 45,Misdemeanor
3759,0,0.35547385,1,Caucasian,Male,25 - 45,Felony
3763,0,0.26931792,0,Other,Male,25 - 45,Felony
3765,0,0.32856685,1,Caucasian,Female,25 - 45,Felony
3770,0,0.16551013,1,African-American,Female,25 - 45,Misdemeanor
3772,1,0.58812475,1,Caucasian,Male,Less than 25,Felony
3773,0,0.48010832,0,African-American,Male,Less than 25,Felony
3775,1,0.6905908,0,African-American,Male,Less than 25,Misdemeanor
3787,1,0.1707311,0,Caucasian,Female,25 - 45,Misdemeanor
3789,0,0.47385383,1,African-American,Male,25 - 45,Felony
3793,0,0.45567274,1,African-American,Male,Greater than 45,Felony
3796,1,0.7548476,1,African-American,Male,25 - 45,Felony
3797,0,0.16093819,0,Caucasian,Male,Greater than 45,Felony
3808,1,0.7836804,0,Caucasian,Male,25 - 45,Felony
3813,0,0.2487683,0,Caucasian,Female,25 - 45,Misdemeanor
3816,1,0.48010832,0,African-American,Male,Less than 25,Felony
3828,0,0.65191567,0,Hispanic,Male,Greater than 45,Felony
3834,1,0.44479927,0,Caucasian,Male,Less than 25,Felony
3835,1,0.39998564,1,Caucasian,Female,25 - 45,Felony
3836,1,0.74646044,0,African-American,Male,25 - 45,Felony
3861,1,0.4460312,0,Caucasian,Male,25 - 45,Misdemeanor
3867,1,0.372071,0,African-American,Male,25 - 45,Felony
3881,1,0.35547385,0,Caucasian,Male,25 - 45,Felony
3883,0,0.2664829,0,Caucasian,Male,25 - 45,Felony
3887,1,0.6219772,1,African-American,Male,Less than 25,Felony
3889,0,0.28897396,0,Caucasian,Male,Greater than 45,Felony
3891,1,0.7583348,0,African-American,Female,Less than 25,Felony
3893,1,0.7322904,1,African-American,Male,Less than 25,Felony
3895,0,0.2762709,1,African-American,Male,25 - 45,Felony
3898,0,0.48010832,1,African-American,Male,Less than 25,Felony
3903,1,0.22500782,1,African-American,Male,25 - 45,Misdemeanor
3904,0,0.25724345,0,Caucasian,Female,Greater than 45,Felony
3908,1,0.663934,1,African-American,Male,25 - 45,Felony
3920,1,0.3912737,0,African-American,Male,25 - 45,Misdemeanor
3927,1,0.45567274,0,African-American,Male,Greater than 45,Felony
3928,0,0.5114605,1,African-American,Male,Greater than 45,Misdemeanor
3931,1,0.2664829,0,Caucasian,Male,25 - 45,Felony
3934,0,0.4525195,1,Caucasian,Male,25 - 45,Felony
3938,1,0.6363648,0,Caucasian,Male,25 - 45,Felony
3953,0,0.26627758,0,African-American,Male,Greater than 45,Felony
3957,1,0.41691312,1,Caucasian,Male,Less than 25,Misdemeanor
3960,1,0.6527691,1,Caucasian,Female,Less than 25,Misdemeanor
3974,1,0.32600716,1,Caucasian,Male,Greater than 45,Misdemeanor
3977,0,0.16093819,1,Caucasian,Male,Greater than 45,Felony
3986,1,0.22500782,0,African-American,Male,25 - 45,Misdemeanor
3994,0,0.35547385,0,Caucasian,Male,25 - 45,Felony
4002,0,0.43695608,0,African-American,Male,Less than 25,Misdemeanor
4003,0,0.17285667,0,Caucasian,Male,Greater than 45,Misdemeanor
4004,0,0.45567274,0,African-American,Male,Greater than 45,Felony
4005,0,0.27922827,0,Hispanic,Male,25 - 45,Misdemeanor
4010,1,0.62592006,0,African-American,Male,25 - 45,Misdemeanor
4014,0,0.44479927,1,Caucasian,Male,Less than 25,Felony
4016,0,0.35547385,0,Caucasian,Male,25 - 45,Felony
4018,1,0.7212592,1,African-American,Male,25 - 45,Felony
4028,0,0.2664829,1,Caucasian,Male,25 - 45,Felony
4032,0,0.19457808,0,African-American,Male,Greater than 45,Felony
4034,1,0.2664829,1,Caucasian,Male,25 - 45,Felony
4044,1,0.7212592,1,African-American,Male,25 - 45,Felony
4049,0,0.37717944,1,Hispanic,Male,25 - 45,Felony
4056,1,0.57947177,1,African-American,Male,25 - 45,Misdemeanor
4064,1,0.74646044,1,African-American,Male,25 - 45,Felony
4066,1,0.16124213,0,Hispanic,Male,Greater than 45,Felony
4070,0,0.09903506,0,Caucasian,Female,Greater than 45,Misdemeanor
4072,0,0.1707311,0,Caucasian,Female,25 - 45,Misdemeanor
4076,0,0.2098396,0,Caucasian,Male,25 - 45,Misdemeanor
4081,1,0.56561404,1,African-American,Male,25 - 45,Felony
4090,1,0.89833933,1,African-American,Male,25 - 45,Felony
4093,1,0.35641983,0,Caucasian,Male,Greater than 45,Felony
4097,1,0.6905908,1,African-American,Male,Less than 25,Misdemeanor
4100,1,0.7472999,1,Caucasian,Male,Less than 25,Felony
4105,0,0.78652275,1,African-American,Male,Less than 25,Felony
4110,1,0.89833933,1,African-American,Male,25 - 45,Felony
4111,1,0.7322904,1,African-American,Male,Less than 25,Felony
4112,0,0.44344592,0,Other,Male,25 - 45,Felony
4120,1,0.6219772,0,African-American,Male,Less than 25,Felony
4130,0,0.5226835,0,Caucasian,Male,25 - 45,Felony
4132,0,0.5114605,1,African-American,Male,Greater than 45,Misdemeanor
4141,0,0.78003746,1,Caucasian,Male,25 - 45,Felony
4150,1,0.5158749,1,Caucasian,Male,25 - 45,Misdemeanor
4151,1,0.7804968,1,Caucasian,Female,Less than 25,Misdemeanor
4159,0,0.6219772,1,African-American,Male,Less than 25,Felony
4161,0,0.2098396,0,Caucasian,Male,25 - 45,Misdemeanor
4168,1,0.41691312,1,Caucasian,Male,Less than 25,Misdemeanor
4182,1,0.80008787,1,African-American,Male,25 - 45,Felony
4183,1,0.7588618,1,African-American,Male,25 - 45,Misdemeanor
4191,0,0.44479927,0,Caucasian,Male,Less than 25,Felony
4200,0,0.44479927,1,Caucasian,Male,Less than 25,Felony
4201,1,0.44479927,1,Caucasian,Male,Less than 25,Felony
4204,0,0.35547385,1,Caucasian,Male,25 - 45,Felony
4211,0,0.2957809,0,Caucasian,Male,25 - 45,Misdemeanor
4220,1,0.6219772,1,African-American,Male,Less than 25,Felony
4222,0,0.16551013,0,African-American,Female,25 - 45,Misdemeanor
4227,1,0.41691312,0,Caucasian,Male,Less than 25,Misdemeanor
4237,0,0.7472999,1,Caucasian,Male,Less than 25,Felony
4241,1,0.43695608,0,African-American,Male,Less than 25,Misdemeanor
4245,0,0.7175827,0,Caucasian,Male,25 - 45,Felony
4248,0,0.372071,1,African-American,Male,25 - 45,Felony
4249,0,0.2487683,0,Caucasian,Female,25 - 45,Misdemeanor
4254,1,0.372071,1,African-American,Male,25 - 45,Felony
4256,0,0.2963566,0,African-American,Female,25 - 45,Misdemeanor
4266,0,0.20600948,0,Other,Male,25 - 45,Misdemeanor
4271,1,0.73093736,1,Caucasian,Male,25 - 45,Misdemeanor
4278,0,0.26627758,0,African-American,Male,Greater than 45,Felony
4295,0,0.26931792,0,Other,Male,25 - 45,Felony
4307,1,0.6285345,1,African-American,Male,25 - 45,Felony
4308,0,0.120556206,0,Other,Male,Greater than 45,Misdemeanor
4311,1,0.44479927,1,Caucasian,Male,Less than 25,Felony
4312,0,0.1707311,0,Caucasian,Female,25 - 45,Misdemeanor
4314,1,0.22447464,0,Caucasian,Male,Greater than 45,Misdemeanor
4322,0,0.22447464,0,Caucasian,Male,Greater than 45,Misdemeanor
4328,1,0.7051397,1,African-American,Male,25 - 45,Felony
4334,1,0.7472999,1,Caucasian,Male,Less than 25,Felony
4355,1,0.48010832,1,African-American,Male,Less than 25,Felony
4357,1,0.47940496,0,Caucasian,Male,Greater than 45,Misdemeanor
4358,0,0.35547385,1,Caucasian,Male,25 - 45,Felony
4360,0,0.2016519,0,African-American,Male,Greater than 45,Misdemeanor
4368,0,0.5705435,0,African-American,Male,Greater than 45,Felony
4373,1,0.5083822,1,Caucasian,Female,25 - 45,Misdemeanor
4374,0,0.47385383,0,African-American,Male,25 - 45,Felony
4380,1,0.74646044,1,African-American,Male,25 - 45,Felony
4381,1,0.58930475,1,African-American,Male,Less than 25,Misdemeanor
4382,0,0.50653195,1,African-American,Female,25 - 45,Felony
4386,1,0.7385929,1,African-American,Male,25 - 45,Misdemeanor
4388,0,0.4460312,0,Caucasian,Male,25 - 45,Misdemeanor
4390,1,0.47385383,0,African-American,Male,25 - 45,Felony
4391,1,0.14912257,1,Caucasian,Female,Greater than 45,Felony
4395,1,0.41322222,1,Caucasian,Female,25 - 45,Misdemeanor
4399,1,0.5321117,0,African-American,Male,25 - 45,Misdemeanor
4402,1,0.7322904,1,African-American,Male,Less than 25,Felony
4404,1,0.689152,1,African-American,Male,25 - 45,Misdemeanor
4408,1,0.43695608,0,African-American,Male,Less than 25,Misdemeanor
4411,1,0.5342,1,Hispanic,Male,25 - 45,Felony
4418,1,0.7044097,1,Other,Male,25 - 45,Felony
4423,1,0.6495984,1,African-American,Female,Less than 25,Felony
4426,1,0.35547385,0,Caucasian,Male,25 - 45,Felony
4428,1,0.8309327,0,Caucasian,Male,25 - 45,Felony
4429,1,0.2664829,0,Caucasian,Male,25 - 45,Felony
4435,1,0.30703697,1,Caucasian,Female,Less than 25,Misdemeanor
4451,0,0.48010832,0,African-American,Male,Less than 25,Felony
4458,0,0.20600948,0,Other,Male,25 - 45,Misdemeanor
4461,0,0.113825515,0,Hispanic,Male,Greater than 45,Misdemeanor
4462,0,0.37530643,0,Caucasian,Male,25 - 45,Misdemeanor
4463,0,0.4525195,0,Caucasian,Male,25 - 45,Felony
4476,0,0.47516835,0,Hispanic,Male,Less than 25,Felony
4478,0,0.24092838,0,Caucasian,Female,25 - 45,Felony
4485,0,0.6905908,0,African-American,Male,Less than 25,Misdemeanor
4486,0,0.2762709,0,African-American,Male,25 - 45,Felony
4489,1,0.7051397,0,African-American,Male,25 - 45,Felony
4497,0,0.30851004,1,African-American,Male,25 - 45,Misdemeanor
4499,0,0.41691312,0,Caucasian,Male,Less than 25,Misdemeanor
4502,1,0.75562215,1,Caucasian,Male,25 - 45,Felony
4507,1,0.35790747,1,African-American,Female,25 - 45,Misdemeanor
4509,1,0.12482819,0,Caucasian,Male,Greater than 45,Misdemeanor
4511,1,0.6905908,1,African-American,Male,Less than 25,Misdemeanor
4533,1,0.7049748,1,African-American,Male,Greater than 45,Felony
4538,1,0.7322904,1,African-American,Male,Less than 25,Felony
4541,1,0.48010832,1,African-American,Male,Less than 25,Felony
4549,0,0.346603,1,African-American,Female,Less than 25,Misdemeanor
4560,0,0.58812475,0,Caucasian,Male,Less than 25,Felony
4565,0,0.44479927,0,Caucasian,Male,Less than 25,Felony
4568,0,0.6219772,1,African-American,Male,Less than 25,Felony
4570,1,0.2098396,1,Caucasian,Male,25 - 45,Misdemeanor
4571,1,0.19109647,0,Hispanic,Female,Greater than 45,Felony
4573,0,0.372071,0,African-American,Male,25 - 45,Felony
4587,0,0.2664829,0,Caucasian,Male,25 - 45,Felony
4589,0,0.1728059,0,Asian,Male,Greater than 45,Felony
4602,1,0.5114605,0,African-American,Male,Greater than 45,Misdemeanor
4605,0,0.16093819,0,Caucasian,Male,Greater than 45,Felony
4610,1,0.57018375,1,Caucasian,Male,Greater than 45,Felony
4611,1,0.28897396,0,Caucasian,Male,Greater than 45,Felony
4615,1,0.4460312,0,Caucasian,Male,25 - 45,Misdemeanor
4619,1,0.5407437,1,African-American,Female,Less than 25,Felony
4620,0,0.11996566,0,Asian,Male,Greater than 45,Misdemeanor
4622,0,0.47516835,1,Hispanic,Male,Less than 25,Felony
4623,0,0.30703697,0,Caucasian,Female,Less than 25,Misdemeanor
4624,1,0.4738639,0,African-American,Male,25 - 45,Misdemeanor
4627,0,0.37717944,0,Hispanic,Male,25 - 45,Felony
4628,0,0.12482819,0,Caucasian,Male,Greater than 45,Misdemeanor
4639,0,0.6219772,0,African-American,Male,Less than 25,Felony
4648,0,0.19457808,0,African-American,Male,Greater than 45,Felony
4649,1,0.6719816,1,Hispanic,Male,25 - 45,Felony
4653,0,0.6363648,0,Caucasian,Male,25 - 45,Felony
4665,1,0.9299118,1,African-American,Male,Less than 25,Felony
4667,0,0.09903506,0,Caucasian,Female,Greater than 45,Misdemeanor
4669,0,0.47385383,0,African-American,Male,25 - 45,Felony
4685,1,0.7440155,1,African-American,Female,25 - 45,Felony
4690,0,0.17285667,1,Caucasian,Male,Greater than 45,Misdemeanor
4691,0,0.47385383,0,African-American,Male,25 - 45,Felony
4695,0,0.47385383,0,African-American,Male,25 - 45,Felony
4698,0,0.38585803,1,African-American,Female,Less than 25,Felony
4700,1,0.6285345,1,African-American,Male,25 - 45,Felony
4709,0,0.1728059,0,Asian,Male,Greater than 45,Felony
4713,1,0.67468697,1,Hispanic,Male,25 - 45,Felony
4715,0,0.2664829,0,Caucasian,Male,25 - 45,Felony
4720,1,0.113825515,0,Hispanic,Male,Greater than 45,Misdemeanor
4723,0,0.47385383,0,African-American,Male,25 - 45,Felony
4729,0,0.38585803,0,African-American,Female,Less than 25,Felony
4735,1,0.32856685,1,Caucasian,Female,25 - 45,Felony
4739,1,0.8093076,1,African-American,Male,25 - 45,Misdemeanor
4762,1,0.7212592,1,African-American,Male,25 - 45,Felony
4770,1,0.5116529,1,African-American,Female,Greater than 45,Felony
4776,1,0.48010832,1,African-American,Male,Less than 25,Felony
4781,0,0.47703362,0,Other,Female,Less than 25,Misdemeanor
4788,1,0.74086744,1,Hispanic,Male,25 - 45,Felony
4791,0,0.16551013,1,African-American,Female,25 - 45,Misdemeanor
4797,1,0.70432866,1,Caucasian,Female,25 - 45,Felony
4806,1,0.5977861,0,African-American,Male,Greater than 45,Felony
4807,0,0.22447464,0,Caucasian,Male,Greater than 45,Misdemeanor
4811,0,0.3912737,1,African-American,Male,25 - 45,Misdemeanor
4815,0,0.19623242,0,Caucasian,Female,Greater than 45,Misdemeanor
4817,0,0.2016519,0,African-American,Male,Greater than 45,Misdemeanor
4822,1,0.26931792,0,Other,Male,25 - 45,Felony
4828,1,0.48010832,1,African-American,Male,Less than 25,Felony
4830,0,0.47385383,1,African-American,Male,25 - 45,Felony
4840,1,0.372071,1,African-American,Male,25 - 45,Felony
4844,0,0.3612675,0,Other,Male,25 - 45,Felony
4845,1,0.8025042,1,African-American,Male,25 - 45,Felony
4849,1,0.7051397,1,African-American,Male,25 - 45,Felony
4853,0,0.41559476,1,Caucasian,Male,Greater than 45,Felony
4866,1,0.6836389,1,Hispanic,Male,Less than 25,Felony
4867,1,0.7212592,1,African-American,Male,25 - 45,Felony
4872,0,0.2098396,0,Caucasian,Male,25 - 45,Misdemeanor
4881,0,0.84994483,1,African-American,Male,25 - 45,Felony
4887,1,0.6285345,0,African-American,Male,25 - 45,Felony
4890,1,0.7583348,1,African-American,Female,Less than 25,Felony
4905,0,0.22500782,0,African-American,Male,25 - 45,Misdemeanor
4908,1,0.1707311,0,Caucasian,Female,25 - 45,Misdemeanor
4914,1,0.16278014,1,Other,Male,Greater than 45,Felony
4916,0,0.5226835,1,Caucasian,Male,25 - 45,Felony
4917,1,0.2005631,0,Hispanic,Male,25 - 45,Misdemeanor
4919,0,0.58812475,0,Caucasian,Male,Less than 25,Felony
4926,1,0.689152,0,African-American,Male,25 - 45,Misdemeanor
4934,0,0.58812475,0,Caucasian,Male,Less than 25,Felony
4938,0,0.30851004,0,African-American,Male,25 - 45,Misdemeanor
4941,0,0.1728059,0,Asian,Male,Greater than 45,Felony
4943,1,0.24092838,0,Caucasian,Female,25 - 45,Felony
4950,0,0.3465166,0,African-American,Female,Greater than 45,Felony
4952,0,0.52571744,1,Hispanic,Female,Less than 25,Felony
4955,0,0.16551013,0,African-American,Female,25 - 45,Misdemeanor
4963,0,0.22564681,0,Caucasian,Male,Greater than 45,Felony
4971,1,0.69895315,1,African-American,Male,25 - 45,Misdemeanor
4972,1,0.83872736,1,Hispanic,Male,25 - 45,Felony
4994,1,0.2762709,1,African-American,Male,25 - 45,Felony
4996,0,0.2098396,0,Caucasian,Male,25 - 45,Misdemeanor
5000,0,0.2762709,0,African-American,Male,25 - 45,Felony
5002,0,0.2762709,0,African-American,Male,25 - 45,Felony
5004,0,0.4311269,0,Other,Male,Less than 25,Misdemeanor
5005,0,0.12482819,0,Caucasian,Male,Greater than 45,Misdemeanor
5008,0,0.12482819,0,Caucasian,Male,Greater than 45,Misdemeanor
5012,1,0.63714546,0,African-American,Female,25 - 45,Felony
5014,0,0.16093819,0,Caucasian,Male,Greater than 45,Felony
5017,1,0.6905908,1,African-American,Male,Less than 25,Misdemeanor
5026,0,0.2762709,0,African-American,Male,25 - 45,Felony
5029,0,0.35790747,1,African-American,Female,25 - 45,Misdemeanor
5059,1,0.6836389,1,Hispanic,Male,Less than 25,Felony
5062,1,0.663934,0,African-American,Male,25 - 45,Felony
5063,0,0.17285667,0,Caucasian,Male,Greater than 45,Misdemeanor
5068,0,0.5996076,0,Other,Male,Less than 25,Felony
5069,1,0.4738639,0,African-American,Male,25 - 45,Misdemeanor
5070,0,0.2870842,0,African-American,Female,25 - 45,Felony
5071,0,0.48010832,0,African-American,Male,Less than 25,Felony
5072,0,0.56561404,0,African-American,Male,25 - 45,Felony
5077,0,0.16093819,1,Caucasian,Male,Greater than 45,Felony
5093,1,0.23504987,0,African-American,Female,25 - 45,Misdemeanor
5094,0,0.88852787,1,Caucasian,Male,Less than 25,Felony
5100,1,0.22447464,0,Caucasian,Male,Greater than 45,Misdemeanor
5104,0,0.6219772,1,African-American,Male,Less than 25,Felony
5105,1,0.78652275,1,African-American,Male,Less than 25,Felony
5111,1,0.7643259,1,Caucasian,Male,25 - 45,Felony
5112,1,0.5418319,1,Caucasian,Male,Greater than 45,Felony
5114,1,0.76808155,1,African-American,Male,25 - 45,Felony
5119,0,0.47385383,1,African-American,Male,25 - 45,Felony
5120,0,0.4311269,1,Other,Male,Less than 25,Misdemeanor
5122,0,0.663934,0,African-American,Male,25 - 45,Felony
5125,1,0.58930475,0,African-American,Male,Less than 25,Misdemeanor
5126,0,0.346603,1,African-American,Female,Less than 25,Misdemeanor
5130,1,0.58812475,1,Caucasian,Male,Less than 25,Felony
5139,0,0.2762709,0,African-American,Male,25 - 45,Felony
5142,1,0.2005631,0,Hispanic,Male,25 - 45,Misdemeanor
5144,0,0.58812475,1,Caucasian,Male,Less than 25,Felony
5150,1,0.08903372,0,Hispanic,Female,Greater than 45,Misdemeanor
5152,0,0.1707311,0,Caucasian,Female,25 - 45,Misdemeanor
5153,1,0.6877082,0,African-American,Male,Greater than 45,Felony
5155,1,0.7843712,1,Hispanic,Male,Less than 25,Felony
5158,0,0.23504987,0,African-American,Female,25 - 45,Misdemeanor
5162,0,0.30851004,0,African-American,Male,25 - 45,Misdemeanor
5165,1,0.7843712,1,Hispanic,Male,Less than 25,Felony
5166,0,0.51275295,0,Caucasian,Male,Greater than 45,Felony
5173,0,0.2664829,0,Caucasian,Male,25 - 45,Felony
5177,0,0.43695608,1,African-American,Male,Less than 25,Misdemeanor
5189,0,0.3912737,0,African-American,Male,25 - 45,Misdemeanor
5195,0,0.56561404,0,African-American,Male,25 - 45,Felony
5196,1,0.2664829,1,Caucasian,Male,25 - 45,Felony
5198,0,0.2762709,0,African-American,Male,25 - 45,Felony
5199,0,0.12482819,0,Caucasian,Male,Greater than 45,Misdemeanor
5204,0,0.16124213,0,Hispanic,Male,Greater than 45,Felony
5212,0,0.12482819,0,Caucasian,Male,Greater than 45,Misdemeanor
5213,0,0.16551013,0,African-American,Female,25 - 45,Misdemeanor
5218,0,0.2664829,0,Caucasian,Male,25 - 45,Felony
5221,0,0.6285345,1,African-American,Male,25 - 45,Felony
5222,1,0.7620003,1,African-American,Male,25 - 45,Felony
5224,1,0.50653195,1,African-American,Female,25 - 45,Felony
5227,1,0.3612675,0,Other,Male,25 - 45,Felony
5229,1,0.43695608,1,African-American,Male,Less than 25,Misdemeanor
5233,1,0.7620003,1,African-American,Male,25 - 45,Felony
5235,1,0.6219772,1,African-American,Male,Less than 25,Felony
5240,1,0.6219772,1,African-American,Male,Less than 25,Felony
5242,0,0.48010832,1,African-American,Male,Less than 25,Felony
5246,1,0.16551013,0,African-American,Female,25 - 45,Misdemeanor
5248,0,0.689152,1,African-American,Male,25 - 45,Misdemeanor
5251,0,0.6867836,1,Caucasian,Male,Less than 25,Felony
5252,0,0.58977,1,Caucasian,Male,25 - 45,Felony
5253,0,0.78235096,1,African-American,Male,Greater than 45,Felony
5258,1,0.7548476,1,African-American,Male,25 - 45,Felony
5261,0,0.10337954,0,Other,Female,Greater than 45,Misdemeanor
5263,1,0.646491,0,African-American,Male,Greater than 45,Felony
5267,0,0.16124213,0,Hispanic,Male,Greater than 45,Felony
5281,0,0.5509833,0,Caucasian,Male,Less than 25,Misdemeanor
5285,0,0.8643385,1,African-American,Male,25 - 45,Felony
5286,0,0.23504987,0,African-American,Female,25 - 45,Misdemeanor
5290,0,0.372071,1,African-American,Male,25 - 45,Felony
5300,1,0.47385383,1,African-American,Male,25 - 45,Felony
5305,0,0.24092838,1,Caucasian,Female,25 - 45,Felony
5306,0,0.12482819,1,Caucasian,Male,Greater than 45,Misdemeanor
5309,1,0.74456614,1,African-American,Male,25 - 45,Misdemeanor
5310,1,0.43695608,0,African-American,Male,Less than 25,Misdemeanor
5311,0,0.4311269,0,Other,Male,Less than 25,Misdemeanor
5315,0,0.41691312,0,Caucasian,Male,Less than 25,Misdemeanor
5326,0,0.66054976,1,African-American,Male,25 - 45,Misdemeanor
5338,0,0.7212592,0,African-American,Male,25 - 45,Felony
5342,1,0.47385383,1,African-American,Male,25 - 45,Felony
5345,1,0.7051397,1,African-American,Male,25 - 45,Felony
5347,1,0.63178617,1,Hispanic,Male,25 - 45,Felony
5352,1,0.56561404,0,African-American,Male,25 - 45,Felony
5355,0,0.5003528,0,African-American,Male,Greater than 45,Felony
5362,0,0.37717944,0,Hispanic,Male,25 - 45,Felony
5367,1,0.58812475,1,Caucasian,Male,Less than 25,Felony
5370,0,0.2098396,0,Caucasian,Male,25 - 45,Misdemeanor
5375,0,0.57947177,1,African-American,Male,25 - 45,Misdemeanor
5377,1,0.15915276,1,African-American,Female,Greater than 45,Felony
5378,1,0.346603,1,African-American,Female,Less than 25,Misdemeanor
5383,0,0.14912257,0,Caucasian,Female,Greater than 45,Felony
5384,0,0.41691312,0,Caucasian,Male,Less than 25,Misdemeanor
5388,1,0.8244068,1,African-American,Male,Less than 25,Felony
5396,1,0.58812475,1,Caucasian,Male,Less than 25,Felony
5414,1,0.5977664,1,African-American,Female,25 - 45,Misdemeanor
5416,0,0.5342,0,Hispanic,Male,25 - 45,Felony
5418,1,0.40286344,0,African-American,Male,Greater than 45,Felony
5419,1,0.2098396,0,Caucasian,Male,25 - 45,Misdemeanor
5427,1,0.58812475,0,Caucasian,Male,Less than 25,Felony
5438,0,0.3912737,1,African-American,Male,25 - 45,Misdemeanor
5439,0,0.16551013,0,African-American,Female,25 - 45,Misdemeanor
5440,0,0.47385383,1,African-American,Male,25 - 45,Felony
5454,1,0.9008603,1,African-American,Male,Less than 25,Felony
5479,1,0.5321117,0,African-American,Male,25 - 45,Misdemeanor
5483,0,0.5321117,0,African-American,Male,25 - 45,Misdemeanor
5490,0,0.3912737,0,African-American,Male,25 - 45,Misdemeanor
5491,0,0.12482819,0,Caucasian,Male,Greater than 45,Misdemeanor
5495,1,0.47385383,0,African-American,Male,25 - 45,Felony
5496,0,0.784305,1,Caucasian,Male,Greater than 45,Misdemeanor
5520,0,0.19457808,0,African-American,Male,Greater than 45,Felony
5543,0,0.09903506,0,Caucasian,Female,Greater than 45,Misdemeanor
5547,0,0.7548476,1,African-American,Male,25 - 45,Felony
5564,0,0.30851004,1,African-American,Male,25 - 45,Misdemeanor
5569,1,0.8025042,1,African-American,Male,25 - 45,Felony
5571,1,0.9411936,1,African-American,Male,Less than 25,Felony
5574,0,0.16124213,0,Hispanic,Male,Greater than 45,Felony
5587,1,0.60232824,1,African-American,Male,Greater than 45,Misdemeanor
5590,1,0.80008787,1,African-American,Male,25 - 45,Felony
5591,0,0.14912257,0,Caucasian,Female,Greater than 45,Felony
5603,1,0.24092838,0,Caucasian,Female,25 - 45,Felony
5606,1,0.41691312,1,Caucasian,Male,Less than 25,Misdemeanor
5607,0,0.48010832,1,African-American,Male,Less than 25,Felony
5609,1,0.7548476,1,African-American,Male,25 - 45,Felony
5611,1,0.6495984,1,African-American,Female,Less than 25,Felony
5612,1,0.47459796,0,Other,Male,Less than 25,Felony
5615,0,0.2664829,0,Caucasian,Male,25 - 45,Felony
5618,1,0.48010832,0,African-American,Male,Less than 25,Felony
5619,0,0.16093819,0,Caucasian,Male,Greater than 45,Felony
5620,1,0.63714546,1,African-American,Female,25 - 45,Felony
5621,0,0.15915276,1,African-American,Female,Greater than 45,Felony
5622,1,0.69895315,0,African-American,Male,25 - 45,Misdemeanor
5624,1,0.21252893,0,African-American,Female,Greater than 45,Misdemeanor
5629,1,0.44479927,1,Caucasian,Male,Less than 25,Felony
5632,0,0.2870842,1,African-American,Female,25 - 45,Felony
5637,0,0.2762709,0,African-American,Male,25 - 45,Felony
5638,1,0.39998564,1,Caucasian,Female,25 - 45,Felony
5649,1,0.48178375,0,Caucasian,Female,25 - 45,Felony
5673,0,0.2098396,0,Caucasian,Male,25 - 45,Misdemeanor
5679,1,0.7385929,1,African-American,Male,25 - 45,Misdemeanor
5689,1,0.2098396,1,Caucasian,Male,25 - 45,Misdemeanor
5690,1,0.2664829,1,Caucasian,Male,25 - 45,Felony
5692,0,0.16093819,0,Caucasian,Male,Greater than 45,Felony
5693,0,0.24988666,0,African-American,Male,Greater than 45,Misdemeanor
5697,0,0.22500782,0,African-American,Male,25 - 45,Misdemeanor
5698,1,0.4460312,0,Caucasian,Male,25 - 45,Misdemeanor
5704,1,0.79394287,1,African-American,Female,Greater than 45,Felony
5711,0,0.346603,0,African-American,Female,Less than 25,Misdemeanor
5712,0,0.8244068,1,African-American,Male,Less than 25,Felony
5715,1,0.43695608,0,African-American,Male,Less than 25,Misdemeanor
5720,0,0.26931792,0,Other,Male,25 - 45,Felony
5723,0,0.47385383,0,African-American,Male,25 - 45,Felony
5724,0,0.12482819,0,Caucasian,Male,Greater than 45,Misdemeanor
5732,0,0.4460312,1,Caucasian,Male,25 - 45,Misdemeanor
5737,0,0.3612675,0,Other,Male,25 - 45,Felony
5741,1,0.35641983,0,Caucasian,Male,Greater than 45,Felony
5744,0,0.20600948,0,Other,Male,25 - 45,Misdemeanor
5747,1,0.15655275,0,Hispanic,Female,25 - 45,Misdemeanor
5750,1,0.22500782,1,African-American,Male,25 - 45,Misdemeanor
5756,0,0.44682232,0,Other,Male,25 - 45,Misdemeanor
5758,0,0.48010832,1,African-American,Male,Less than 25,Felony
5759,0,0.58812475,0,Caucasian,Male,Less than 25,Felony
5760,0,0.372071,0,African-American,Male,25 - 45,Felony
5761,1,0.4738639,1,African-American,Male,25 - 45,Misdemeanor
5763,0,0.12482819,0,Caucasian,Male,Greater than 45,Misdemeanor
5768,1,0.28897396,0,Caucasian,Male,Greater than 45,Felony
5769,0,0.7051397,1,African-American,Male,25 - 45,Felony
5775,0,0.1432406,0,African-American,Male,Greater than 45,Misdemeanor
5779,0,0.41691312,1,Caucasian,Male,Less than 25,Misdemeanor
5785,0,0.1989164,0,Other,Female,Greater than 45,Felony
5793,0,0.58930475,0,African-American,Male,Less than 25,Misdemeanor
5807,0,0.24092838,0,Caucasian,Female,25 - 45,Felony
5810,0,0.09903506,0,Caucasian,Female,Greater than 45,Misdemeanor
5811,0,0.2664829,0,Caucasian,Male,25 - 45,Felony
5814,0,0.1716312,0,Other,Female,25 - 45,Misdemeanor
5816,1,0.7620003,1,African-American,Male,25 - 45,Felony
5817,0,0.5509833,1,Caucasian,Male,Less than 25,Misdemeanor
5829,1,0.9053074,1,African-American,Male,Greater than 45,Felony
5833,0,0.2016519,0,African-American,Male,Greater than 45,Misdemeanor
5836,0,0.16093819,0,Caucasian,Male,Greater than 45,Felony
5843,1,0.37258577,0,Other,Male,25 - 45,Misdemeanor
5844,1,0.8121547,1,Hispanic,Male,25 - 45,Felony
5850,0,0.2664829,0,Caucasian,Male,25 - 45,Felony
5853,1,0.27922827,0,Hispanic,Male,25 - 45,Misdemeanor
5855,0,0.22564681,0,Caucasian,Male,Greater than 45,Felony
5857,0,0.25526866,0,African-American,Female,Greater than 45,Misdemeanor
5859,1,0.56095886,0,African-American,Female,25 - 45,Felony
5866,0,0.24092838,0,Caucasian,Female,25 - 45,Felony
5867,1,0.74854124,1,African-American,Male,Less than 25,Misdemeanor
5876,0,0.37530643,0,Caucasian,Male,25 - 45,Misdemeanor
5885,1,0.8225714,1,African-American,Male,25 - 45,Felony
5886,0,0.2664829,0,Caucasian,Male,25 - 45,Felony
5891,0,0.35547385,0,Caucasian,Male,25 - 45,Felony
5895,0,0.44479927,1,Caucasian,Male,Less than 25,Felony
5897,1,0.3912737,1,African-American,Male,25 - 45,Misdemeanor
5898,1,0.38585803,0,African-American,Female,Less than 25,Felony
5901,1,0.56561404,0,African-American,Male,25 - 45,Felony
5906,1,0.6630395,1,African-American,Female,25 - 45,Felony
5907,1,0.74646044,1,African-American,Male,25 - 45,Felony
5908,0,0.58930475,1,African-American,Male,Less than 25,Misdemeanor
5915,1,0.30964553,1,African-American,Male,Greater than 45,Misdemeanor
5926,1,0.35547385,0,Caucasian,Male,25 - 45,Felony
5928,0,0.6506723,0,African-American,Male,Greater than 45,Felony
5936,1,0.689152,0,African-American,Male,25 - 45,Misdemeanor
5939,1,0.4525195,1,Caucasian,Male,25 - 45,Felony
5957,0,0.6039836,1,African-American,Female,25 - 45,Felony
5962,1,0.29428884,0,Other,Male,25 - 45,Misdemeanor
5966,1,0.61812943,0,Caucasian,Male,25 - 45,Misdemeanor
5984,0,0.15915276,0,African-American,Female,Greater than 45,Felony
5985,1,0.6285345,0,African-American,Male,25 - 45,Felony
5988,0,0.7548476,1,African-American,Male,25 - 45,Felony
5993,0,0.2870842,0,African-American,Female,25 - 45,Felony
5996,0,0.48010832,1,African-American,Male,Less than 25,Felony
6004,0,0.8910847,1,African-American,Male,25 - 45,Felony
6005,0,0.22500782,1,African-American,Male,25 - 45,Misdemeanor
6010,0,0.4491113,0,Hispanic,Female,Less than 25,Misdemeanor
6016,1,0.56095886,1,African-American,Female,25 - 45,Felony
6018,0,0.23504987,0,African-American,Female,25 - 45,Misdemeanor
6023,0,0.2957809,0,Caucasian,Male,25 - 45,Misdemeanor
6024,0,0.20858389,0,African-American,Female,25 - 45,Felony
6025,0,0.09903506,0,Caucasian,Female,Greater than 45,Misdemeanor
6031,1,0.47516835,0,Hispanic,Male,Less than 25,Felony
6032,1,0.8244068,0,African-American,Male,Less than 25,Felony
6033,0,0.22663668,0,Hispanic,Female,25 - 45,Misdemeanor
6039,0,0.16093819,0,Caucasian,Male,Greater than 45,Felony
6045,0,0.2664829,0,Caucasian,Male,25 - 45,Felony
6047,0,0.461696,1,African-American,Female,Greater than 45,Misdemeanor
6059,1,0.646491,0,African-American,Male,Greater than 45,Felony
6063,1,0.74646044,1,African-American,Male,25 - 45,Felony
6081,0,0.56095886,1,African-American,Female,25 - 45,Felony
6083,1,0.47385383,0,African-American,Male,25 - 45,Felony
6084,1,0.6219772,1,African-American,Male,Less than 25,Felony
6086,1,0.45567274,1,African-American,Male,Greater than 45,Felony
6089,1,0.510072,1,African-American,Female,25 - 45,Misdemeanor
6091,1,0.40893474,0,Asian,Male,25 - 45,Felony
6098,0,0.7643259,1,Caucasian,Male,25 - 45,Felony
6099,1,0.19109647,0,Hispanic,Female,Greater than 45,Felony
6102,0,0.45567274,1,African-American,Male,Greater than 45,Felony
6104,0,0.56561404,0,African-American,Male,25 - 45,Felony
6106,0,0.56633896,1,Caucasian,Male,25 - 45,Misdemeanor
6123,1,0.7212592,1,African-American,Male,25 - 45,Felony
6124,0,0.37717944,0,Hispanic,Male,25 - 45,Felony
6126,0,0.2098396,0,Caucasian,Male,25 - 45,Misdemeanor
6127,1,0.6187434,1,Hispanic,Male,25 - 45,Misdemeanor
6129,0,0.14969656,0,Caucasian,Female,Greater than 45,Misdemeanor
6134,0,0.30851004,1,African-American,Male,25 - 45,Misdemeanor
6148,0,0.2098396,0,Caucasian,Male,25 - 45,Misdemeanor
6150,1,0.69059074,0,African-American,Male,Less than 25,Misdemeanor
6157,0,0.62853444,1,African-American,Male,25 - 45,Felony
6165,1,0.22500779,0,African-American,Male,25 - 45,Misdemeanor
