feature,best_level,best_p_value,baseline_p_value,selection_rate_at_best_level,degenerate_at_best_level,is_candidate,fpr_at_best_level,feature_set,comparison,threshold
Number_of_Priors,4.0,0.45101366585818503,3.508745903439509e-18,0.9989200863930886,True,False,0.0035460992907800915,race_aware,aa_vs_others,0.245
Age_Below_TwentyFive,1.0,1.2513570120997832e-07,1.4468072451545308e-27,0.9794816414686826,True,False,0.046449916327994334,race_aware,aa_vs_others,0.245
Age_Above_FourtyFive,0.0,4.6572122753683824e-14,1.1381463305505547e-26,0.906047516198704,False,False,0.10786915292055144,race_aware,aa_vs_others,0.245
Misdemeanor,0.0,5.887948750589677e-19,9.732396608611663e-31,0.8639308855291576,False,False,0.1605665790102797,race_aware,aa_vs_others,0.245
Native_American,1.0,8.703698035453791e-21,3.425624811949814e-27,0.8812095032397408,False,False,0.16945174914335803,race_aware,aa_vs_others,0.245
Hispanic,0.0,2.468306825014135e-22,3.8897486901815935e-27,0.8450323974082073,False,False,0.1838433341302096,race_aware,aa_vs_others,0.245
African_American,1.0,3.7852222997893614e-24,3.425624811949814e-27,0.8407127429805615,False,False,0.19270858235715993,race_aware,aa_vs_others,0.245
Other,0.0,3.7852222997893614e-24,3.0080032714875227e-37,0.8407127429805615,False,False,0.19270858235715993,race_aware,aa_vs_others,0.245
Asian,0.0,1.7671445715142358e-26,5.110135671200922e-47,0.8353131749460043,False,False,0.20866602916567056,race_aware,aa_vs_others,0.245
Female,1.0,4.0989974706331936e-28,3.9659830830229675e-28,0.7046436285097192,False,False,0.22784285600446258,race_aware,aa_vs_others,0.245
Age_Below_TwentyFive,1.0,5.155086264990901e-05,4.890081813490562e-16,0.9794816414686826,True,False,0.030295464003329275,race_aware,aa_vs_caucasian,0.245
Age_Above_FourtyFive,0.0,5.0653075632737355e-05,4.658710221512249e-16,0.906047516198704,False,False,0.03806353169649046,race_aware,aa_vs_caucasian,0.245
Number_of_Priors,2.0,2.376580605557313e-05,6.749918789556561e-12,0.9719222462203023,True,False,0.03814676099320291,race_aware,aa_vs_caucasian,0.245
Native_American,1.0,4.77039625399337e-15,1.5742796410678395e-18,0.8812095032397408,False,False,0.1518657234013039,race_aware,aa_vs_caucasian,0.245
Misdemeanor,0.0,3.1548915821048144e-16,9.975175824033247e-20,0.8639308855291576,False,False,0.1626023026772091,race_aware,aa_vs_caucasian,0.245
Female,0.0,6.860132840182953e-18,5.298261980447308e-22,0.8849892008639308,False,False,0.1568317381051464,race_aware,aa_vs_caucasian,0.245
African_American,0.0,1.5742796410678395e-18,1.5742796410678395e-18,0.8336933045356372,False,False,0.17650159522818698,race_aware,aa_vs_caucasian,0.245
Asian,0.0,1.5742796410678395e-18,4.811411308455028e-36,0.8353131749460043,False,False,0.17650159522818698,race_aware,aa_vs_caucasian,0.245
Hispanic,0.0,1.5742796410678395e-18,1.7940890954608872e-23,0.8450323974082073,False,False,0.17650159522818698,race_aware,aa_vs_caucasian,0.245
Other,0.0,1.5742796410678395e-18,1.3545002266609808e-30,0.8407127429805615,False,False,0.17650159522818698,race_aware,aa_vs_caucasian,0.245
Number_of_Priors,2.0,0.0004989952059076256,3.830196806180206e-09,0.9816414686825053,True,False,0.025998087497011713,race_blind,aa_vs_others,0.23500000000000001
Age_Below_TwentyFive,1.0,0.00043920184825231297,5.513365272511878e-17,0.9875809935205183,True,False,0.02162722129253336,race_blind,aa_vs_others,0.23500000000000001
Age_Above_FourtyFive,0.0,6.29767039205217e-05,2.7753994824905812e-21,0.9330453563714903,False,False,0.02808191887799827,race_blind,aa_vs_others,0.23500000000000001
Misdemeanor,0.0,2.950486246899393e-17,1.401514886558966e-19,0.8682505399568035,False,False,0.14815523149254917,race_blind,aa_vs_others,0.23500000000000001
Female,0.0,1.657842516025563e-17,2.1143843840752153e-24,0.9087473002159827,False,False,0.14452546019603163,race_blind,aa_vs_others,0.23500000000000001
Age_Below_TwentyFive,1.0,5.155086264990901e-05,4.890081813490562e-16,0.9875809935205183,True,False,0.030295464003329275,race_blind,aa_vs_caucasian,0.23500000000000001
Age_Above_FourtyFive,0.0,5.0653075632737355e-05,4.658710221512249e-16,0.9330453563714903,False,False,0.03806353169649046,race_blind,aa_vs_caucasian,0.23500000000000001
Number_of_Priors,2.0,2.376580605557313e-05,6.749918789556561e-12,0.9816414686825053,True,False,0.03814676099320291,race_blind,aa_vs_caucasian,0.23500000000000001
Misdemeanor,0.0,3.1548915821048144e-16,9.975175824033247e-20,0.8682505399568035,False,False,0.1626023026772091,race_blind,aa_vs_caucasian,0.23500000000000001
Female,0.0,6.860132840182953e-18,5.298261980447308e-22,0.9087473002159827,False,False,0.1568317381051464,race_blind,aa_vs_caucasian,0.23500000000000001
