threshold,fpr_gap,fnr_gap,ppv_gap,selection_rate_gap,accuracy,feature_set,operating_threshold,comparison
0.05,0.0,0.0,0.1639831141661685,0.0,0.45518358531317493,race_aware,0.245,aa_vs_others
0.06,0.0,0.0,0.1639831141661685,0.0,0.45518358531317493,race_aware,0.245,aa_vs_others
0.07,0.0,0.0,0.1639831141661685,0.0,0.45518358531317493,race_aware,0.245,aa_vs_others
0.08,0.0035460992907800915,0.0,0.16315417520803494,0.0022321428571429047,0.4562634989200864,race_aware,0.245,aa_vs_others
0.09,0.0035460992907800915,0.0,0.16315417520803494,0.0022321428571429047,0.4562634989200864,race_aware,0.245,aa_vs_others
0.09999999999999999,0.0035460992907800915,-0.0030120481927710845,0.16385813416296902,0.0033482142857143016,0.4557235421166307,race_aware,0.245,aa_vs_others
0.10999999999999999,0.00886524822695034,-0.0030120481927710845,0.16260871609233224,0.006696428571428603,0.45734341252699784,race_aware,0.245,aa_vs_others
0.12,0.0304924695194837,-0.012048192771084338,0.159622823809759,0.0247637104004782,0.4659827213822894,race_aware,0.245,aa_vs_others
0.13,0.041130767391824086,-0.015060240963855422,0.15772924682289846,0.0325762104004782,0.468682505399568,race_aware,0.245,aa_vs_others
0.13999999999999999,0.04467686668260429,-0.015060240963855422,0.15685112101727844,0.034808353257621105,0.46976241900647947,race_aware,0.245,aa_vs_others
0.14999999999999997,0.05708821420033472,-0.02108433734939759,0.15519326271452277,0.0448529961147639,0.4724622030237581,race_aware,0.245,aa_vs_others
0.15999999999999998,0.10553828990357794,-0.03735293424185981,0.14614728236064534,0.08378007322175729,0.4929805615550756,race_aware,0.245,aa_vs_others
0.16999999999999998,0.11085743883974819,-0.040364982434630894,0.14542923581944295,0.08824435893604299,0.49406047516198703,race_aware,0.245,aa_vs_others
0.18,0.11085743883974819,-0.04638907882017306,0.14694486318761074,0.09047650179318589,0.4929805615550756,race_aware,0.245,aa_vs_others
0.19,0.15341063032910984,-0.0584372715912574,0.13786087525847102,0.12172650179318589,0.5037796976241901,race_aware,0.245,aa_vs_others
0.19999999999999996,0.14817515339867715,-0.05467663216466649,0.1360840044589366,0.12501400926479378,0.5302375809935205,race_aware,0.245,aa_vs_others
0.20999999999999996,0.17122479878874808,-0.06371277674297975,0.13101004746498007,0.14287115212193657,0.5356371490280778,race_aware,0.245,aa_vs_others
0.21999999999999997,0.18363614630647862,-0.06672482493575083,0.1276886109485228,0.15179972355050808,0.5388768898488121,race_aware,0.245,aa_vs_others
0.22999999999999998,0.2075105586102478,-0.07787117157475303,0.12226161026242632,0.17105312313209808,0.5448164146868251,race_aware,0.245,aa_vs_others
0.24,0.22192206550322735,-0.08991936434583736,0.1190777910850267,0.18716844739988048,0.5556155507559395,race_aware,0.245,aa_vs_others
0.24999999999999994,0.268949717108933,-0.13510008723740363,0.11032630688297834,0.23830226389719067,0.5777537796976242,race_aware,0.245,aa_vs_others
0.25999999999999995,0.2352418519403937,-0.1037889326385778,0.11212459135142355,0.20587548565451286,0.5772138228941684,race_aware,0.245,aa_vs_others
0.26999999999999996,0.2458801498127341,-0.10981302902411996,0.10941902887569993,0.21480405708308437,0.5793736501079914,race_aware,0.245,aa_vs_others
0.27999999999999997,0.26088931388955294,-0.13195246740386202,0.1090516206482593,0.23287133891213385,0.5815334773218143,race_aware,0.245,aa_vs_others
0.29,0.25105586102478283,-0.1491229104284064,0.11333397229055514,0.23866650478182905,0.5944924406047516,race_aware,0.245,aa_vs_others
0.3,0.31795760618375973,-0.18933463796477495,0.09268273145355854,0.29572624028690975,0.6079913606911447,race_aware,0.245,aa_vs_others
0.30999999999999994,0.31795760618375973,-0.19535873435031714,0.09469713096336246,0.29795838314405254,0.6069114470842333,race_aware,0.245,aa_vs_others
0.31999999999999995,0.23646107259542587,-0.17308372432980457,0.11401032132625943,0.24837959503885243,0.6220302375809935,race_aware,0.245,aa_vs_others
0.32999999999999996,0.23361622440035057,-0.1782059745832646,0.11487464351083304,0.2500560370591751,0.6258099352051836,race_aware,0.245,aa_vs_others
0.33999999999999997,0.26788190294047337,-0.21043665857166438,0.10054141337386013,0.2866108786610879,0.6409287257019438,race_aware,0.245,aa_vs_others
0.3499999999999999,0.26054267272292614,-0.21555890882512435,0.10244429572232894,0.28619527047220567,0.6457883369330454,race_aware,0.245,aa_vs_others
0.35999999999999993,0.22813371583393094,-0.2099945771343692,0.11351828410009634,0.26674107142857145,0.6484881209503239,race_aware,0.245,aa_vs_others
0.36999999999999994,0.22990676547932104,-0.2099945771343692,0.11233147373314745,0.26785714285714285,0.6490280777537797,race_aware,0.245,aa_vs_others
0.37999999999999995,0.2413698302653598,-0.21903072171268245,0.10654345654345654,0.279157949790795,0.6533477321814255,race_aware,0.245,aa_vs_others
0.38999999999999996,0.24668897920153,-0.22309787093579797,0.10455941412709657,0.28369228182904965,0.6533477321814255,race_aware,0.245,aa_vs_others
0.3999999999999999,0.2788309825484102,-0.26768325749180677,0.09414458543260562,0.3204572624028691,0.6565874730021598,race_aware,0.245,aa_vs_others
0.4099999999999999,0.28755279305123915,-0.2976681677787471,0.08454993027690028,0.3386039300657502,0.661987041036717,race_aware,0.245,aa_vs_others
0.41999999999999993,0.23881584189975297,-0.2993362884021409,0.10434671139075535,0.31469011506276146,0.6695464362850972,race_aware,0.245,aa_vs_others
0.42999999999999994,0.21409674077615748,-0.28368071110272797,0.11184939091915835,0.29481563807531386,0.6711663066954644,race_aware,0.245,aa_vs_others
0.43999999999999995,0.22473503864849792,-0.29271685568104117,0.10502283105022825,0.3048602809324567,0.6727861771058316,race_aware,0.245,aa_vs_others
0.4499999999999999,0.22248784763726193,-0.2987409520665834,0.10915339672356517,0.30604639868499695,0.6722462203023758,race_aware,0.245,aa_vs_others
0.4599999999999999,0.2568770419953781,-0.363202320043383,0.09489143955671153,0.3525057904961147,0.6749460043196545,race_aware,0.245,aa_vs_others
0.4699999999999999,0.2599489999203124,-0.3612453728809564,0.08813559322033904,0.353761954572624,0.6765658747300216,race_aware,0.245,aa_vs_others
0.4799999999999999,0.1986771854331022,-0.3257314974182445,0.11020594257006688,0.3035574193066348,0.6749460043196545,race_aware,0.245,aa_vs_others
0.48999999999999994,0.20162562754004304,-0.32920331030580247,0.10307949029126218,0.305654139270771,0.6733261339092873,race_aware,0.245,aa_vs_others
0.49999999999999994,0.154434616304088,-0.3225838775847028,0.13428999785821383,0.2786676255230126,0.6787257019438445,race_aware,0.245,aa_vs_others
0.5099999999999999,0.16329986453103834,-0.3376441185485582,0.12982331928040425,0.2898283398087269,0.6787257019438445,race_aware,0.245,aa_vs_others
0.5199999999999999,0.15206390947485854,-0.33298163298988515,0.1397809811152083,0.280624252839211,0.6760259179265659,race_aware,0.245,aa_vs_others
0.5299999999999999,0.14212686269822294,-0.31928300285289885,0.13883211000650375,0.2692580693365212,0.6765658747300216,race_aware,0.245,aa_vs_others
0.5399999999999999,0.1655271336361463,-0.3295275033598189,0.09534368070953436,0.2876055364614465,0.6819654427645788,race_aware,0.245,aa_vs_others
0.5499999999999999,0.1655271336361463,-0.3305826043901634,0.09696476964769651,0.2876755827854154,0.6808855291576674,race_aware,0.245,aa_vs_others
0.5599999999999999,0.12897442027253167,-0.29852285855751776,0.10328905755850726,0.2537871712492529,0.6825053995680346,race_aware,0.245,aa_vs_others
0.57,0.1280261375408399,-0.29777426732369794,0.10227763923524524,0.2520453526598925,0.6803455723542117,race_aware,0.245,aa_vs_others
0.58,0.12577894652960395,-0.2959705750595336,0.1064018564018564,0.24904736999402274,0.677645788336933,race_aware,0.245,aa_vs_others
0.59,0.13239700374531838,-0.3120859170537335,0.09941087109563163,0.25923210549910336,0.6771058315334774,race_aware,0.245,aa_vs_others
0.6,0.11666666666666668,-0.28965765213495864,0.10762032085561501,0.23942767483562463,0.6733261339092873,race_aware,0.245,aa_vs_others
0.61,0.1294286397322496,-0.31014665314879875,0.08166947024549609,0.25359104154213985,0.6700863930885529,race_aware,0.245,aa_vs_others
0.62,0.09831859112279864,-0.2634864310470847,0.0864074743821579,0.21335643305439328,0.6630669546436285,race_aware,0.245,aa_vs_others
0.63,0.11025579727468324,-0.2747860325843491,0.047311827956989294,0.22382135385534965,0.6614470842332614,race_aware,0.245,aa_vs_others
0.6399999999999999,0.10079289186389354,-0.2567314266852144,0.05943517329910142,0.20659929766885832,0.6501079913606912,race_aware,0.245,aa_vs_others
0.6499999999999999,0.09132998645310383,-0.2401740032537194,0.06018518518518523,0.1931410639569635,0.6474082073434125,race_aware,0.245,aa_vs_others
0.6599999999999999,0.09440194437803809,-0.2266286280149954,0.03325611325611322,0.18721514494919306,0.6430885529157667,race_aware,0.245,aa_vs_others
0.6699999999999999,0.08718622997848435,-0.20901610355315592,0.02779608877169848,0.17473289001793185,0.6409287257019438,race_aware,0.245,aa_vs_others
0.6799999999999999,0.08269184795601242,-0.21413835380661594,0.04277732510767085,0.17389700388523613,0.6393088552915767,race_aware,0.245,aa_vs_others
0.69,0.07997051557893059,-0.21323650767453384,0.040494458653026366,0.17194504632396893,0.6393088552915767,race_aware,0.245,aa_vs_others
0.7,0.06281775440274126,-0.19834720486643242,0.05975609756097566,0.15193514644351463,0.6285097192224622,race_aware,0.245,aa_vs_others
0.71,0.05512789863734162,-0.18209629123146198,0.0601153504880213,0.13778111924686193,0.6209503239740821,race_aware,0.245,aa_vs_others
0.72,0.043891943581161844,-0.1429573479829297,0.06250802207675532,0.11163049163179917,0.6128509719222462,race_aware,0.245,aa_vs_others
0.73,0.04743804287194199,-0.1500365453988164,0.04372842347525896,0.11616482367005379,0.6117710583153347,race_aware,0.245,aa_vs_others
0.74,0.03844927882699817,-0.12263928512484379,0.04870129870129869,0.09733637178720861,0.6063714902807775,race_aware,0.245,aa_vs_others
0.7499999999999999,0.03844927882699817,-0.12400089595171293,0.06844033159822627,0.09559455319784817,0.5998920086393088,race_aware,0.245,aa_vs_others
0.7599999999999999,0.035253805084070444,-0.13063801193030433,0.10985561833019464,0.09329703377166766,0.5907127429805615,race_aware,0.245,aa_vs_others
0.7699999999999999,0.021770659016654717,-0.0857814820927546,0.13395348837209298,0.062056373281530186,0.5788336933045356,race_aware,0.245,aa_vs_others
0.7799999999999999,0.025316758307434857,-0.08186758776790137,0.07039337474120089,0.062196465929468016,0.5788336933045356,race_aware,0.245,aa_vs_others
0.7899999999999999,0.02838871623236911,-0.08518614575719707,0.0051948051948051965,0.06380286162582188,0.5750539956803455,race_aware,0.245,aa_vs_others
0.7999999999999999,0.019399952187425292,-0.07570791974158875,0.09530791788856308,0.05257677077106994,0.5691144708423326,race_aware,0.245,aa_vs_others
0.8099999999999999,0.019399952187425292,-0.054181500954895934,0.057040998217468775,0.04107049462044232,0.5631749460043196,race_aware,0.245,aa_vs_others
0.82,0.010411188142481473,-0.05433475585315828,0.1742424242424243,0.035980461745367606,0.562634989200864,race_aware,0.245,aa_vs_others
0.83,0.008163997131245517,-0.04259307287859859,0.1711711711711712,0.028658286013150028,0.5599352051835853,race_aware,0.245,aa_vs_others
0.84,0.008163997131245517,-0.03582038525923659,0.1875,0.024544231918708904,0.556695464362851,race_aware,0.245,aa_vs_others
0.8499999999999999,0.01171009642202566,-0.03100464480230114,-0.014285714285714346,0.02370834578601315,0.5550755939524838,race_aware,0.245,aa_vs_others
0.8599999999999999,0.00721571439955375,-0.021219908990168124,0.00952380952380949,0.016386170053795574,0.5534557235421166,race_aware,0.245,aa_vs_others
0.8699999999999999,0.0027213323770818396,-0.013392120340461666,0.06666666666666665,0.010110019426180512,0.5523758099352052,race_aware,0.245,aa_vs_others
0.8799999999999999,0.0004741413658458844,-0.014447221370806118,0.17307692307692313,0.009134040645546923,0.5518358531317494,race_aware,0.245,aa_vs_others
0.8899999999999999,-0.0017730496453900709,-0.012643529106641793,0.5,0.006136057979677226,0.5491360691144709,race_aware,0.245,aa_vs_others
0.8999999999999999,0.0,-0.006772687619362006,0.0,0.004114054094441124,0.5480561555075594,race_aware,0.245,aa_vs_others
0.9099999999999999,0.0,-0.005870841487279899,,0.0031380753138075313,0.5464362850971922,race_aware,0.245,aa_vs_others
0.9199999999999999,0.0,-0.003913894324853229,,0.0020920502092050207,0.5458963282937365,race_aware,0.245,aa_vs_others
0.9299999999999999,0.0,-0.00195694716242667,,0.0010460251046025104,0.5453563714902808,race_aware,0.245,aa_vs_others
0.94,0.0,0.0,,0.0,0.5448164146868251,race_aware,0.245,aa_vs_others
0.95,0.0,0.0,,0.0,0.5448164146868251,race_aware,0.245,aa_vs_others
0.05,0.0,0.0,0.16242580519606886,0.0,0.45518358531317493,race_aware,0.245,aa_vs_caucasian
0.06,0.0,0.0,0.16242580519606886,0.0,0.45518358531317493,race_aware,0.245,aa_vs_caucasian
0.07,0.0,0.0,0.16242580519606886,0.0,0.45518358531317493,race_aware,0.245,aa_vs_caucasian
0.08,0.0,0.0,0.16242580519606886,0.0,0.4562634989200864,race_aware,0.245,aa_vs_caucasian
0.09,0.0,0.0,0.16242580519606886,0.0,0.4562634989200864,race_aware,0.245,aa_vs_caucasian
0.09999999999999999,0.0,0.0,0.16242580519606886,0.0,0.4557235421166307,race_aware,0.245,aa_vs_caucasian
0.10999999999999999,0.0,0.0,0.16242580519606886,0.0,0.45734341252699784,race_aware,0.245,aa_vs_caucasian
0.12,0.030295464003329275,-0.0125,0.15821103842311113,0.024768901430378576,0.4659827213822894,race_aware,0.245,aa_vs_caucasian
0.13,0.030295464003329275,-0.0125,0.15821103842311113,0.024768901430378576,0.468682505399568,race_aware,0.245,aa_vs_caucasian
0.13999999999999999,0.030295464003329275,-0.0125,0.15821103842311113,0.024768901430378576,0.46976241900647947,race_aware,0.245,aa_vs_caucasian
0.14999999999999997,0.040172007213205796,-0.020833333333333332,0.15777956888409006,0.0340712270117739,0.4724622030237581,race_aware,0.245,aa_vs_caucasian
0.15999999999999998,0.08683589956998194,-0.025505544683626875,0.14671576325337088,0.0674888910512147,0.4929805615550756,race_aware,0.245,aa_vs_caucasian
0.16999999999999998,0.09424330697738936,-0.02967221135029354,0.14573815001799173,0.07369044143881154,0.49406047516198703,race_aware,0.245,aa_vs_caucasian
0.18,0.09424330697738936,-0.02967221135029354,0.14573815001799173,0.07369044143881154,0.4929805615550756,race_aware,0.245,aa_vs_caucasian
0.19,0.14115688722430297,-0.042172211350293545,0.1356807830874856,0.10779896857059446,0.5037796976241901,race_aware,0.245,aa_vs_caucasian
0.19999999999999996,0.1518657234013039,-0.03655414220482714,0.12856437070278726,0.12033343063799418,0.5302375809935205,race_aware,0.245,aa_vs_caucasian
0.20999999999999996,0.1518657234013039,-0.03655414220482714,0.12856437070278726,0.12033343063799418,0.5356371490280778,race_aware,0.245,aa_vs_caucasian
0.21999999999999997,0.16914967401858783,-0.040720808871493805,0.12402093137951498,0.13273653141318797,0.5388768898488121,race_aware,0.245,aa_vs_caucasian
0.22999999999999998,0.19181578582327652,-0.05347358121330724,0.11950359513274333,0.1518082449482664,0.5448164146868251,race_aware,0.245,aa_vs_caucasian
0.24,0.2057150783742544,-0.0701402478799739,0.1178974718596037,0.16929227076643638,0.5556155507559395,race_aware,0.245,aa_vs_caucasian
0.24999999999999994,0.24316826189485363,-0.12430691454664058,0.11604945621973484,0.21770944828257277,0.5777537796976242,race_aware,0.245,aa_vs_caucasian
0.25999999999999995,0.20946039672631434,-0.09299575994781475,0.11784774068818005,0.18528267003989496,0.5772138228941684,race_aware,0.245,aa_vs_caucasian
0.26999999999999996,0.21686780413372175,-0.0971624266144814,0.11608171056863342,0.1914842204274918,0.5793736501079914,race_aware,0.245,aa_vs_caucasian
0.27999999999999997,0.23953391593841034,-0.12437214611872147,0.11431824342640284,0.21625312185787027,0.5815334773218143,race_aware,0.245,aa_vs_caucasian
0.29,0.2186156193646831,-0.1371249184605349,0.12255592254056036,0.21343290843631402,0.5944924406047516,race_aware,0.245,aa_vs_caucasian
0.3,0.2953807740324595,-0.18516797129810827,0.10143829708680391,0.27955791249067496,0.6079913606911447,race_aware,0.245,aa_vs_caucasian
0.30999999999999994,0.2953807740324595,-0.18516797129810827,0.10143829708680391,0.27955791249067496,0.6069114470842333,race_aware,0.245,aa_vs_caucasian
0.31999999999999995,0.21065334997919266,-0.16635681669928248,0.12382447318340306,0.22923680710972727,0.6220302375809935,race_aware,0.245,aa_vs_caucasian
0.32999999999999996,0.2095158829241226,-0.1749429223744292,0.12525998709029623,0.23327170704810096,0.6258099352051836,race_aware,0.245,aa_vs_caucasian
0.33999999999999997,0.25371063947842976,-0.20852902804957602,0.1071428571428571,0.276533359281243,0.6409287257019438,race_aware,0.245,aa_vs_caucasian
0.3499999999999999,0.23573311138854214,-0.2046151337247228,0.11269140333773009,0.2660731082352179,0.6457883369330454,race_aware,0.245,aa_vs_caucasian
0.35999999999999993,0.1997780552087668,-0.1911692759295499,0.1231715821342314,0.24147286821705427,0.6484881209503239,race_aware,0.245,aa_vs_caucasian
0.36999999999999994,0.2022471910112359,-0.1911692759295499,0.12163320665873356,0.24302325581395345,0.6490280777537797,race_aware,0.245,aa_vs_caucasian
0.37999999999999995,0.215036759606048,-0.20366927592954992,0.11693101850830556,0.25643508157374073,0.6533477321814255,race_aware,0.245,aa_vs_caucasian
0.38999999999999996,0.215036759606048,-0.2017123287671233,0.11640997092843441,0.25538905646913823,0.6533477321814255,race_aware,0.245,aa_vs_caucasian
0.3999999999999999,0.24375086697184073,-0.24439008480104374,0.11017242677509231,0.2893110830008757,0.6565874730021598,race_aware,0.245,aa_vs_caucasian
0.4099999999999999,0.262782632820086,-0.28612198303979125,0.10081896712912752,0.31832084590185206,0.661987041036717,race_aware,0.245,aa_vs_caucasian
0.41999999999999993,0.21467609932029408,-0.2856816699282453,0.12003355235565494,0.2940384677759397,0.6695464362850972,race_aware,0.245,aa_vs_caucasian
0.42999999999999994,0.1899569981966986,-0.27002609262883237,0.12753623188405794,0.27416399078849213,0.6711663066954644,race_aware,0.245,aa_vs_caucasian
0.43999999999999995,0.20230267720904427,-0.2825260926288324,0.1216216216216216,0.2865670915636859,0.6727861771058316,race_aware,0.245,aa_vs_caucasian
0.4499999999999999,0.20005548619780827,-0.28669275929549903,0.12478766103937111,0.28707145405598256,0.6722462203023758,race_aware,0.245,aa_vs_caucasian
0.4599999999999999,0.23595505617977525,-0.35386497064579253,0.11492024811696944,0.335525931692128,0.6749460043196545,race_aware,0.245,aa_vs_caucasian
0.4699999999999999,0.2337078651685393,-0.3519080234833659,0.11550430675187562,0.333433881482923,0.6765658747300216,race_aware,0.245,aa_vs_caucasian
0.4799999999999999,0.17167429601886527,-0.3101190476190476,0.1364450854420698,0.2804417631604554,0.6749460043196545,race_aware,0.245,aa_vs_caucasian
0.48999999999999994,0.18019142738243862,-0.32167318982387477,0.1292747641509434,0.2890532256495085,0.6733261339092873,race_aware,0.245,aa_vs_caucasian
0.49999999999999994,0.13300041614648359,-0.31435094585779516,0.15998734026981054,0.2618192728098343,0.6787257019438445,race_aware,0.245,aa_vs_caucasian
0.5099999999999999,0.14534609515882926,-0.3310176125244619,0.15292932684237037,0.27577276118192734,0.6787257019438445,race_aware,0.245,aa_vs_caucasian
0.5199999999999999,0.13411014010264946,-0.3256523157208089,0.16234767181455945,0.26632123512049566,0.6760259179265659,race_aware,0.245,aa_vs_caucasian
0.5299999999999999,0.12062699403523372,-0.3119536855838226,0.16761380630495903,0.25272290876066295,0.6765658747300216,race_aware,0.245,aa_vs_caucasian
0.5399999999999999,0.15092245803856288,-0.32912589693411615,0.12370731707317073,0.27795887256332913,0.6819654427645788,race_aware,0.245,aa_vs_caucasian
0.5499999999999999,0.15092245803856288,-0.32716894977168953,0.12311111111111117,0.2769128474587266,0.6808855291576674,race_aware,0.245,aa_vs_caucasian
0.5599999999999999,0.1136079900124844,-0.29440639269406393,0.13305322128851538,0.2422821186468165,0.6825053995680346,race_aware,0.245,aa_vs_caucasian
0.57,0.11158274379248162,-0.29295499021526417,0.13492131739616475,0.23961110570529665,0.6803455723542117,race_aware,0.245,aa_vs_caucasian
0.58,0.10933555278124565,-0.28929386823222447,0.137659200702679,0.2359313677791833,0.677645788336933,race_aware,0.245,aa_vs_caucasian
0.59,0.11696490497988626,-0.31233692106979777,0.1372975586173556,0.2493431935389705,0.6771058315334774,race_aware,0.245,aa_vs_caucasian
0.6,0.10123456790123458,-0.2868966079582518,0.1429844665138783,0.2284226914469203,0.6733261339092873,race_aware,0.245,aa_vs_caucasian
0.61,0.11918435289221807,-0.31707436399217226,0.12022825659189296,0.24947455483117642,0.6700863930885529,race_aware,0.245,aa_vs_caucasian
0.62,0.08838951310861425,-0.27503261578604044,0.13229492026960377,0.21116408809315296,0.6630669546436285,race_aware,0.245,aa_vs_caucasian
0.63,0.10342627271466223,-0.29024787997390733,0.09314516129032258,0.22504297622522784,0.6614470842332614,race_aware,0.245,aa_vs_caucasian
0.6399999999999999,0.09219031765848246,-0.26777560339204176,0.11228070175438598,0.20509389899776198,0.6501079913606912,race_aware,0.245,aa_vs_caucasian
0.6499999999999999,0.08095436260230268,-0.24820613176777562,0.11851851851851858,0.18940352242872432,0.6474082073434125,race_aware,0.245,aa_vs_caucasian
0.6599999999999999,0.08611457899847412,-0.23696999347684278,0.089013689013689,0.18564918426259286,0.6430885529157667,race_aware,0.245,aa_vs_caucasian
0.6699999999999999,0.07959495075599946,-0.2193574690150033,0.08084914182475156,0.1736012454996594,0.6409287257019438,race_aware,0.245,aa_vs_caucasian
0.6799999999999999,0.07510056873352752,-0.22794357469015003,0.1029816885431859,0.1740683078719471,0.6393088552915767,race_aware,0.245,aa_vs_caucasian
0.69,0.07060618671105562,-0.22819634703196345,0.11411764705882343,0.17143459505043626,0.6393088552915767,race_aware,0.245,aa_vs_caucasian
0.7,0.05554168400610348,-0.21235322896281794,0.13475609756097562,0.15241964256754564,0.6285097192224622,race_aware,0.245,aa_vs_caucasian
0.71,0.04924400055486198,-0.18937540769732553,0.12077294685990336,0.13665466575848983,0.6209503239740821,race_aware,0.245,aa_vs_caucasian
0.72,0.038008045498682204,-0.15023646444879324,0.12316561844863738,0.11050403814342707,0.6128509719222462,race_aware,0.245,aa_vs_caucasian
0.73,0.04294631710362047,-0.16077951728636664,0.10677827684769292,0.11720995102332067,0.6117710583153347,race_aware,0.245,aa_vs_caucasian
0.74,0.03395755305867665,-0.13338225701239403,0.11175115207373265,0.09838149914047549,0.6063714902807775,race_aware,0.245,aa_vs_caucasian
0.7499999999999999,0.03395755305867665,-0.13218362687540763,0.13345864661654128,0.09571048619895559,0.5998920086393088,race_aware,0.245,aa_vs_caucasian
0.7599999999999999,0.032154251629907066,-0.14620026092628835,0.22532402791625128,0.09707437319580942,0.5907127429805615,race_aware,0.245,aa_vs_caucasian
0.7699999999999999,0.018671105562491335,-0.09948630136986303,0.251453488372093,0.0651519574454283,0.5788336933045356,race_aware,0.245,aa_vs_caucasian
0.7799999999999999,0.023609377167429606,-0.0955724070450098,0.16666666666666663,0.06616068243002172,0.5788336933045356,race_aware,0.245,aa_vs_caucasian
0.7899999999999999,0.026300457761131917,-0.09633072407045007,0.1385281385281386,0.06659044468230028,0.5750539956803455,race_aware,0.245,aa_vs_caucasian
0.7999999999999999,0.017311693716188098,-0.08313763861709067,0.251152073732719,0.05400084330706108,0.5691144708423326,race_aware,0.245,aa_vs_caucasian
0.8099999999999999,0.017311693716188098,-0.061611219830397856,0.21288515406162467,0.04249456715643346,0.5631749460043196,race_aware,0.245,aa_vs_caucasian
0.82,0.008322929671244279,-0.05990704500978483,0.34090909090909094,0.036722779021115114,0.562634989200864,race_aware,0.245,aa_vs_caucasian
0.83,0.006075738660008323,-0.048165362035225145,0.33783783783783783,0.029400603288897535,0.5599352051835853,race_aware,0.245,aa_vs_caucasian
0.84,0.006075738660008323,-0.04254729288975867,0.4125,0.025720865362784208,0.556695464362851,race_aware,0.245,aa_vs_caucasian
0.8499999999999999,0.011014010264946595,-0.03471950424005221,0.11904761904761907,0.02463754013817262,0.5550755939524838,race_aware,0.245,aa_vs_caucasian
0.8599999999999999,0.006519628242474686,-0.024934768427919196,0.1428571428571429,0.017315364405955044,0.5534557235421166,race_aware,0.245,aa_vs_caucasian
0.8699999999999999,0.0020252462200027748,-0.01710697977821274,0.20000000000000007,0.011039213778339982,0.5523758099352052,race_aware,0.245,aa_vs_caucasian
0.8799999999999999,-0.0002219447912331805,-0.01931669928245272,0.42307692307692313,0.010497551166034187,0.5518358531317494,race_aware,0.245,aa_vs_caucasian
0.8899999999999999,-0.0024691358024691358,-0.011488910632746263,0.5,0.005267425643021633,0.5491360691144709,race_aware,0.245,aa_vs_caucasian
0.8999999999999999,0.0,-0.0056180691454664755,0.0,0.0036797379261133273,0.5480561555075594,race_aware,0.245,aa_vs_caucasian
0.9099999999999999,0.0,-0.005870841487279899,,0.0031380753138075313,0.5464362850971922,race_aware,0.245,aa_vs_caucasian
0.9199999999999999,0.0,-0.003913894324853229,,0.0020920502092050207,0.5458963282937365,race_aware,0.245,aa_vs_caucasian
0.9299999999999999,0.0,-0.00195694716242667,,0.0010460251046025104,0.5453563714902808,race_aware,0.245,aa_vs_caucasian
0.94,0.0,0.0,,0.0,0.5448164146868251,race_aware,0.245,aa_vs_caucasian
0.95,0.0,0.0,,0.0,0.5448164146868251,race_aware,0.245,aa_vs_caucasian
0.05,0.0,0.0,0.1639831141661685,0.0,0.45518358531317493,race_blind,0.23500000000000001,aa_vs_others
0.06,0.0,0.0,0.1639831141661685,0.0,0.45518358531317493,race_blind,0.23500000000000001,aa_vs_others
0.07,0.0,0.0,0.1639831141661685,0.0,0.45518358531317493,race_blind,0.23500000000000001,aa_vs_others
0.08,0.0,0.0,0.1639831141661685,0.0,0.45518358531317493,race_blind,0.23500000000000001,aa_vs_others
0.09,0.0,0.0,0.1639831141661685,0.0,0.45518358531317493,race_blind,0.23500000000000001,aa_vs_others
0.09999999999999999,0.0,0.0,0.1639831141661685,0.0,0.45518358531317493,race_blind,0.23500000000000001,aa_vs_others
0.10999999999999999,0.0,0.0,0.1639831141661685,0.0,0.45518358531317493,race_blind,0.23500000000000001,aa_vs_others
0.12,0.02162722129253336,-0.012048192771084338,0.16177224530082845,0.019183353257621105,0.4632829373650108,race_blind,0.23500000000000001,aa_vs_others
0.13,0.02162722129253336,-0.012048192771084338,0.16177224530082845,0.019183353257621105,0.4632829373650108,race_blind,0.23500000000000001,aa_vs_others
0.13999999999999999,0.02162722129253336,-0.012048192771084338,0.16177224530082845,0.019183353257621105,0.4632829373650108,race_blind,0.23500000000000001,aa_vs_others
0.14999999999999997,0.08426169415889717,-0.022292693278004386,0.14820860831914678,0.06480685893604299,0.4892008639308855,race_blind,0.23500000000000001,aa_vs_others
0.15999999999999998,0.08426169415889717,-0.022292693278004386,0.14820860831914678,0.06480685893604299,0.4892008639308855,race_blind,0.23500000000000001,aa_vs_others
0.16999999999999998,0.08958084309506731,-0.025304741470775473,0.14751556433911123,0.06927114465032869,0.490280777537797,race_blind,0.23500000000000001,aa_vs_others
0.18,0.08958084309506731,-0.025304741470775473,0.14751556433911123,0.06927114465032869,0.490280777537797,race_blind,0.23500000000000001,aa_vs_others
0.19,0.13753685552633677,-0.04564048758635324,0.13708803505382927,0.11496936640765087,0.5286177105831533,race_blind,0.23500000000000001,aa_vs_others
0.19999999999999996,0.13753685552633677,-0.04564048758635324,0.13708803505382927,0.11496936640765087,0.5286177105831533,race_blind,0.23500000000000001,aa_vs_others
0.20999999999999996,0.13753685552633677,-0.04564048758635324,0.13708803505382927,0.11496936640765087,0.5286177105831533,race_blind,0.23500000000000001,aa_vs_others
0.21999999999999997,0.15454617897840472,-0.0628109306108976,0.13519137866963954,0.13471309025702327,0.5399568034557235,race_blind,0.23500000000000001,aa_vs_others
0.22999999999999998,0.15454617897840472,-0.0628109306108976,0.13519137866963954,0.13471309025702327,0.5399568034557235,race_blind,0.23500000000000001,aa_vs_others
0.24,0.15724758944935857,-0.07787117157475303,0.13662951109149102,0.14678440675433357,0.5539956803455723,race_blind,0.23500000000000001,aa_vs_others
0.24999999999999994,0.21751135548649303,-0.09776483625303564,0.11764837864671274,0.19248262851165576,0.5728941684665226,race_blind,0.23500000000000001,aa_vs_others
0.25999999999999995,0.21751135548649303,-0.09776483625303564,0.11764837864671274,0.19248262851165576,0.5728941684665226,race_blind,0.23500000000000001,aa_vs_others
0.26999999999999996,0.21027571918081123,-0.11900242850069553,0.12229895882383718,0.20183614763897184,0.5874730021598272,race_blind,0.23500000000000001,aa_vs_others
0.27999999999999997,0.22043987568730583,-0.12909367410935327,0.12074850551659089,0.21202088314405254,0.5890928725701944,race_blind,0.23500000000000001,aa_vs_others
0.29,0.22043987568730583,-0.12909367410935327,0.12074850551659089,0.21202088314405254,0.5890928725701944,race_blind,0.23500000000000001,aa_vs_others
0.3,0.2045461789784046,-0.1429632424020937,0.1208850406965925,0.21712959503885243,0.6177105831533477,race_blind,0.23500000000000001,aa_vs_others
0.30999999999999994,0.2045461789784046,-0.1429632424020937,0.1208850406965925,0.21712959503885243,0.6177105831533477,race_blind,0.23500000000000001,aa_vs_others
0.31999999999999995,0.20524743007410945,-0.1510975408483248,0.12115304768752466,0.22215425134488942,0.6220302375809935,race_blind,0.23500000000000001,aa_vs_others
0.32999999999999996,0.18667224480038258,-0.1553179449697027,0.12791204264790917,0.215532538852361,0.6279697624190065,race_blind,0.23500000000000001,aa_vs_others
0.33999999999999997,0.20508407044386,-0.17686204701388725,0.11637353548855711,0.2399553571428571,0.6474082073434125,race_blind,0.23500000000000001,aa_vs_others
0.3499999999999999,0.20508407044386,-0.17686204701388725,0.11637353548855711,0.2399553571428571,0.6474082073434125,race_blind,0.23500000000000001,aa_vs_others
0.35999999999999993,0.20508407044386,-0.17686204701388725,0.11637353548855711,0.2399553571428571,0.6474082073434125,race_blind,0.23500000000000001,aa_vs_others
0.36999999999999994,0.20236273806677824,-0.17987409520665837,0.11808191808191815,0.240095449790795,0.6484881209503239,race_blind,0.23500000000000001,aa_vs_others
0.37999999999999995,0.20413578771216828,-0.18092919623700282,0.11751720555771972,0.2412815675433354,0.6479481641468683,race_blind,0.23500000000000001,aa_vs_others
0.38999999999999996,0.2025898477966372,-0.1712977153231321,0.11254064981576395,0.23675190526001194,0.6506479481641468,race_blind,0.23500000000000001,aa_vs_others
0.3999999999999999,0.20599250936329588,-0.18923443283898805,0.10800904977375558,0.24708607292289303,0.6565874730021598,race_blind,0.23500000000000001,aa_vs_others
0.4099999999999999,0.20288070762610572,-0.2360832763539481,0.10890579474029694,0.2690012328153018,0.6711663066954644,race_blind,0.23500000000000001,aa_vs_others
0.41999999999999993,0.1963662443222568,-0.2535602291750171,0.11526479750778817,0.2724942095038853,0.6711663066954644,race_blind,0.23500000000000001,aa_vs_others
0.42999999999999994,0.1963662443222568,-0.2535602291750171,0.11526479750778817,0.2724942095038853,0.6711663066954644,race_blind,0.23500000000000001,aa_vs_others
0.43999999999999995,0.19352139612718147,-0.2567255322660505,0.114024864024864,0.27312462641960555,0.6744060475161987,race_blind,0.23500000000000001,aa_vs_others
0.4499999999999999,0.19127420511594548,-0.257780633296395,0.11602720083427476,0.27214864763897184,0.673866090712743,race_blind,0.23500000000000001,aa_vs_others
0.4599999999999999,0.18461630408797516,-0.2793424185980714,0.10767790262172283,0.2773274058577406,0.677645788336933,race_blind,0.23500000000000001,aa_vs_others
0.4699999999999999,0.1809466889792015,-0.2805507745266782,0.10855049615134937,0.27565563359234907,0.677645788336933,race_blind,0.23500000000000001,aa_vs_others
0.4799999999999999,0.18212208144075226,-0.27799849102869406,0.10129540598290598,0.274404139270771,0.6765658747300216,race_blind,0.23500000000000001,aa_vs_others
0.48999999999999994,0.154434616304088,-0.29547544384976304,0.11672330950427756,0.26862298266586976,0.683585313174946,race_blind,0.23500000000000001,aa_vs_others
0.49999999999999994,0.14994023428161607,-0.29758564591045206,0.1223382045929019,0.2666710251046025,0.6825053995680346,race_blind,0.23500000000000001,aa_vs_others
0.5099999999999999,0.1485178101840784,-0.29578195364628773,0.11969822240595285,0.2649292065152421,0.6825053995680346,race_blind,0.23500000000000001,aa_vs_others
0.5199999999999999,0.1385807634074428,-0.30422276188904346,0.13438584704960255,0.2614455693365212,0.6781857451403888,race_blind,0.23500000000000001,aa_vs_others
0.5299999999999999,0.133612240019125,-0.2994070214321081,0.13585239479337796,0.2563555364614465,0.677645788336933,race_blind,0.23500000000000001,aa_vs_others
0.5399999999999999,0.1209538608654076,-0.29368943484309057,0.1403549345148255,0.2472915421398685,0.6792656587473002,race_blind,0.23500000000000001,aa_vs_others
0.5499999999999999,0.11656307275480117,-0.285419564756089,0.12077068357173182,0.2414403392109982,0.6819654427645788,race_blind,0.23500000000000001,aa_vs_others
0.5599999999999999,0.11916088931388956,-0.28271402635984255,0.11186097256857852,0.24088463837417814,0.6803455723542117,race_blind,0.23500000000000001,aa_vs_others
0.57,0.11868674794804365,-0.2809103340956782,0.11173840313967709,0.2390027271368799,0.6781857451403888,race_blind,0.23500000000000001,aa_vs_others
0.58,0.11868674794804365,-0.2789533869332516,0.11111827783600747,0.23795670203227734,0.677645788336933,race_blind,0.23500000000000001,aa_vs_others
0.59,0.10425531914893618,-0.268573314785561,0.12203208556149736,0.22380267483562463,0.6733261339092873,race_blind,0.23500000000000001,aa_vs_others
0.6,0.10460594469678859,-0.25894183387169034,0.11030762167125807,0.21899282725642558,0.67170626349892,race_blind,0.23500000000000001,aa_vs_others
0.61,0.08590724360506814,-0.24119373776908026,0.10404713114754105,0.19856731918708906,0.6668466522678186,race_blind,0.23500000000000001,aa_vs_others
0.62,0.08945334289584829,-0.23954330040317828,0.09851823289633144,0.19794157202630006,0.661987041036717,race_blind,0.23500000000000001,aa_vs_others
0.63,0.09547374292772333,-0.22661094475750354,0.05263157894736836,0.19209036909742977,0.6538876889848813,race_blind,0.23500000000000001,aa_vs_others
0.6399999999999999,0.08423778787154355,-0.2221017140970929,0.07407407407407407,0.18198034967124924,0.6484881209503239,race_blind,0.23500000000000001,aa_vs_others
0.6499999999999999,0.08376364650569765,-0.20253224247282675,0.06082165632727432,0.17159014494919306,0.6441684665226782,race_blind,0.23500000000000001,aa_vs_others
0.6599999999999999,0.08009403139692406,-0.19395586258930053,0.049613086492310665,0.16468824716078898,0.6414686825053996,race_blind,0.23500000000000001,aa_vs_others
0.6699999999999999,0.07737269901984221,-0.1900419682644473,0.045353759322717235,0.1616202181709504,0.6420086393088553,race_blind,0.23500000000000001,aa_vs_others
0.6799999999999999,0.07689855765399634,-0.1921521703251362,0.04395953604152325,0.16183035714285715,0.6409287257019438,race_blind,0.23500000000000001,aa_vs_others
0.69,0.0539525061757909,-0.15813547733006394,0.06401294498381871,0.13177581440526004,0.6339092872570194,race_blind,0.23500000000000001,aa_vs_others
0.7,0.04803570005578134,-0.16101195388206446,0.0818840579710145,0.12550433353257623,0.6225701943844493,race_blind,0.23500000000000001,aa_vs_others
0.71,0.04211889393577178,-0.13392120340461644,0.06289308176100628,0.10716620591751345,0.6139308855291576,race_blind,0.23500000000000001,aa_vs_others
0.72,0.04211889393577178,-0.13392120340461644,0.06289308176100628,0.10716620591751345,0.6139308855291576,race_blind,0.23500000000000001,aa_vs_others
0.73,0.036676229181608094,-0.1155600877089571,0.051861702127659504,0.09391811117752541,0.6079913606911447,race_blind,0.23500000000000001,aa_vs_others
0.74,0.036676229181608094,-0.10577535189682408,0.04534313725490191,0.08868798565451286,0.6052915766738661,race_blind,0.23500000000000001,aa_vs_others
0.7499999999999999,0.0317077057932903,-0.09042628439393585,0.04768418995505175,0.07648591601912733,0.597732181425486,race_blind,0.23500000000000001,aa_vs_others
0.7599999999999999,0.0222448003825006,-0.07734067384999876,0.08575851393188849,0.06142595636580992,0.5863930885529157,race_blind,0.23500000000000001,aa_vs_others
0.7699999999999999,0.021770659016654717,-0.06876429396647254,0.07843137254901966,0.05542999103407053,0.5809935205183585,race_blind,0.23500000000000001,aa_vs_others
0.7799999999999999,0.023543708662044787,-0.06003465918468398,0.04746835443037978,0.05138598326359832,0.5777537796976242,race_blind,0.23500000000000001,aa_vs_others
0.7899999999999999,0.02259542593035302,-0.05807771202225731,0.0080971659919028,0.05048005080693365,0.5793736501079914,race_blind,0.23500000000000001,aa_vs_others
0.7999999999999999,0.019399952187425292,-0.05869073161530658,0.0071721311475410054,0.04595038852361028,0.5712742980561555,race_blind,0.23500000000000001,aa_vs_others
0.8099999999999999,0.017152761176189336,-0.04620045740692713,0.026687598116169498,0.036746301554094446,0.5642548596112311,race_blind,0.23500000000000001,aa_vs_others
0.82,0.010411188142481473,-0.043341664112418354,0.08720930232558144,0.031586222355050805,0.5637149028077754,race_blind,0.23500000000000001,aa_vs_others
0.83,0.008163997131245517,-0.03656897649305646,0.11056511056511054,0.02642614315600717,0.5610151187904968,race_blind,0.23500000000000001,aa_vs_others
0.84,0.008163997131245517,-0.030851389904038906,0.13978494623655913,0.02238213538553497,0.556695464362851,race_blind,0.23500000000000001,aa_vs_others
0.8499999999999999,0.009462905410789705,-0.02212175512225034,-0.04166666666666674,0.01840817393903168,0.5545356371490281,race_blind,0.23500000000000001,aa_vs_others
0.8599999999999999,0.0027213323770818396,-0.017306014665314895,0.08235294117647052,0.012202069635385535,0.5534557235421166,race_blind,0.23500000000000001,aa_vs_others
0.8699999999999999,0.0027213323770818396,-0.011435173178034996,0.05714285714285705,0.009063994321578003,0.5518358531317494,race_blind,0.23500000000000001,aa_vs_others
0.8799999999999999,-0.0017730496453900709,-0.01249027420837956,0.25,0.0070419904363419016,0.5518358531317494,race_blind,0.23500000000000001,aa_vs_others
0.8899999999999999,-0.0017730496453900709,-0.009631480913870782,0.33333333333333337,0.005019986551105797,0.5496760259179265,race_blind,0.23500000000000001,aa_vs_others
0.8999999999999999,-0.0017730496453900709,-0.006772687619362006,0.5,0.002997982665869695,0.5475161987041036,race_blind,0.23500000000000001,aa_vs_others
0.9099999999999999,0.0,-0.002858793294508777,0.0,0.002022003885236103,0.546976241900648,race_blind,0.23500000000000001,aa_vs_others
0.9199999999999999,0.0,-0.00195694716242667,,0.0010460251046025104,0.5453563714902808,race_blind,0.23500000000000001,aa_vs_others
0.9299999999999999,0.0,-0.00195694716242667,,0.0010460251046025104,0.5453563714902808,race_blind,0.23500000000000001,aa_vs_others
0.94,0.0,0.0,,0.0,0.5448164146868251,race_blind,0.23500000000000001,aa_vs_others
0.95,0.0,0.0,,0.0,0.5448164146868251,race_blind,0.23500000000000001,aa_vs_others
0.05,0.0,0.0,0.16242580519606886,0.0,0.45518358531317493,race_blind,0.23500000000000001,aa_vs_caucasian
0.06,0.0,0.0,0.16242580519606886,0.0,0.45518358531317493,race_blind,0.23500000000000001,aa_vs_caucasian
0.07,0.0,0.0,0.16242580519606886,0.0,0.45518358531317493,race_blind,0.23500000000000001,aa_vs_caucasian
0.08,0.0,0.0,0.16242580519606886,0.0,0.45518358531317493,race_blind,0.23500000000000001,aa_vs_caucasian
0.09,0.0,0.0,0.16242580519606886,0.0,0.45518358531317493,race_blind,0.23500000000000001,aa_vs_caucasian
0.09999999999999999,0.0,0.0,0.16242580519606886,0.0,0.45518358531317493,race_blind,0.23500000000000001,aa_vs_caucasian
0.10999999999999999,0.0,0.0,0.16242580519606886,0.0,0.45518358531317493,race_blind,0.23500000000000001,aa_vs_caucasian
0.12,0.030295464003329275,-0.0125,0.15821103842311113,0.024768901430378576,0.4632829373650108,race_blind,0.23500000000000001,aa_vs_caucasian
0.13,0.030295464003329275,-0.0125,0.15821103842311113,0.024768901430378576,0.4632829373650108,race_blind,0.23500000000000001,aa_vs_caucasian
0.13999999999999999,0.030295464003329275,-0.0125,0.15821103842311113,0.024768901430378576,0.4632829373650108,race_blind,0.23500000000000001,aa_vs_caucasian
0.14999999999999997,0.08683589956998194,-0.025505544683626875,0.14671576325337088,0.0674888910512147,0.4892008639308855,race_blind,0.23500000000000001,aa_vs_caucasian
0.15999999999999998,0.08683589956998194,-0.025505544683626875,0.14671576325337088,0.0674888910512147,0.4892008639308855,race_blind,0.23500000000000001,aa_vs_caucasian
0.16999999999999998,0.09424330697738936,-0.02967221135029354,0.14573815001799173,0.07369044143881154,0.490280777537797,race_blind,0.23500000000000001,aa_vs_caucasian
0.18,0.09424330697738936,-0.02967221135029354,0.14573815001799173,0.07369044143881154,0.490280777537797,race_blind,0.23500000000000001,aa_vs_caucasian
0.19,0.1518657234013039,-0.03655414220482714,0.12856437070278726,0.12033343063799418,0.5286177105831533,race_blind,0.23500000000000001,aa_vs_caucasian
0.19999999999999996,0.1518657234013039,-0.03655414220482714,0.12856437070278726,0.12033343063799418,0.5286177105831533,race_blind,0.23500000000000001,aa_vs_caucasian
0.20999999999999996,0.1518657234013039,-0.03655414220482714,0.12856437070278726,0.12033343063799418,0.5286177105831533,race_blind,0.23500000000000001,aa_vs_caucasian
0.21999999999999997,0.17608544874462484,-0.05347358121330724,0.12381985089186176,0.14448606921604878,0.5399568034557235,race_blind,0.23500000000000001,aa_vs_caucasian
0.22999999999999998,0.17608544874462484,-0.05347358121330724,0.12381985089186176,0.14448606921604878,0.5399568034557235,race_blind,0.23500000000000001,aa_vs_caucasian
0.24,0.17650159522818698,-0.0701402478799739,0.1260947306962487,0.15569394440660378,0.5539956803455723,race_blind,0.23500000000000001,aa_vs_caucasian
0.24999999999999994,0.20946039672631434,-0.09299575994781475,0.11784774068818005,0.18528267003989496,0.5728941684665226,race_blind,0.23500000000000001,aa_vs_caucasian
0.25999999999999995,0.20946039672631434,-0.09299575994781475,0.11784774068818005,0.18528267003989496,0.5728941684665226,race_blind,0.23500000000000001,aa_vs_caucasian
0.26999999999999996,0.20133166874739916,-0.12045825179386824,0.12490364726302772,0.19637864487042256,0.5874730021598272,race_blind,0.23500000000000001,aa_vs_caucasian
0.27999999999999997,0.21636842835344716,-0.13516797129810829,0.12274608103984697,0.21134085822710902,0.5890928725701944,race_blind,0.23500000000000001,aa_vs_caucasian
0.29,0.21636842835344716,-0.13516797129810829,0.12274608103984697,0.21134085822710902,0.5890928725701944,race_blind,0.23500000000000001,aa_vs_caucasian
0.3,0.20324594257178524,-0.15385681669928244,0.1234637100632972,0.21993448152833195,0.6177105831533477,race_blind,0.23500000000000001,aa_vs_caucasian
0.30999999999999994,0.20324594257178524,-0.15385681669928244,0.1234637100632972,0.21993448152833195,0.6177105831533477,race_blind,0.23500000000000001,aa_vs_caucasian
0.31999999999999995,0.19717020391177692,-0.16244292237442925,0.12750024563816797,0.22086860627290716,0.6220302375809935,race_blind,0.23500000000000001,aa_vs_caucasian
0.32999999999999996,0.1803023997780553,-0.16711513372472275,0.1336670884451046,0.21548928026985825,0.6279697624190065,race_blind,0.23500000000000001,aa_vs_caucasian
0.33999999999999997,0.1997780552087668,-0.18700260926288326,0.12166109210531895,0.2399224806201551,0.6474082073434125,race_blind,0.23500000000000001,aa_vs_caucasian
0.3499999999999999,0.1997780552087668,-0.18700260926288326,0.12166109210531895,0.2399224806201551,0.6474082073434125,race_blind,0.23500000000000001,aa_vs_caucasian
0.35999999999999993,0.1997780552087668,-0.18700260926288326,0.12166109210531895,0.2399224806201551,0.6474082073434125,race_blind,0.23500000000000001,aa_vs_caucasian
0.36999999999999994,0.19775280898876402,-0.1911692759295499,0.12338487200872528,0.24093120560474846,0.6484881209503239,race_blind,0.23500000000000001,aa_vs_caucasian
0.37999999999999995,0.20022194479123318,-0.19337899543378995,0.12283559577677228,0.24298595569394443,0.6479481641468683,race_blind,0.23500000000000001,aa_vs_caucasian
0.38999999999999996,0.19930642252739633,-0.1860567514677104,0.11842966292540491,0.23969867990010052,0.6506479481641468,race_blind,0.23500000000000001,aa_vs_caucasian
0.3999999999999999,0.20105423775835757,-0.2111219830397913,0.11871080415972057,0.2516541792351854,0.6565874730021598,race_blind,0.23500000000000001,aa_vs_caucasian
0.4099999999999999,0.19761409349424336,-0.26068166992824526,0.12303536018951045,0.27438779150854653,0.6711663066954644,race_blind,0.23500000000000001,aa_vs_caucasian
0.41999999999999993,0.1899569981966986,-0.27002609262883237,0.12753623188405794,0.27416399078849213,0.6711663066954644,race_blind,0.23500000000000001,aa_vs_caucasian
0.42999999999999994,0.1899569981966986,-0.27002609262883237,0.12753623188405794,0.27416399078849213,0.6711663066954644,race_blind,0.23500000000000001,aa_vs_caucasian
0.43999999999999995,0.18881953114162853,-0.27665525114155254,0.12667212667212668,0.2771528656222633,0.6744060475161987,race_blind,0.23500000000000001,aa_vs_caucasian
0.4499999999999999,0.18657234013039253,-0.2788649706457926,0.12931087195793078,0.27661120300995745,0.673866090712743,race_blind,0.23500000000000001,aa_vs_caucasian
0.4599999999999999,0.16584824524899433,-0.28461350293542076,0.13250059765718392,0.26710453764068637,0.677645788336933,race_blind,0.23500000000000001,aa_vs_caucasian
0.4699999999999999,0.16179775280898873,-0.28928571428571426,0.1365393006295581,0.2664882747883624,0.677645788336933,race_blind,0.23500000000000001,aa_vs_caucasian
0.4799999999999999,0.16043834096268553,-0.2925065231572081,0.13784123563218387,0.26579741169602017,0.6765658747300216,race_blind,0.23500000000000001,aa_vs_caucasian
0.48999999999999994,0.13300041614648359,-0.30601761252446186,0.15445915856088133,0.2587184976160358,0.683585313174946,race_blind,0.23500000000000001,aa_vs_caucasian
0.49999999999999994,0.12850603412401165,-0.31043705153294193,0.1618286504527745,0.2576351723914242,0.6825053995680346,race_blind,0.23500000000000001,aa_vs_caucasian
0.5099999999999999,0.12917186849771117,-0.3067759295499021,0.1559488202060485,0.25651454704680354,0.6825053995680346,race_blind,0.23500000000000001,aa_vs_caucasian
0.5199999999999999,0.12062699403523372,-0.3119536855838226,0.16761380630495903,0.25272290876066295,0.6781857451403888,race_blind,0.23500000000000001,aa_vs_caucasian
0.5299999999999999,0.11388542100152585,-0.3041258969341161,0.17006348145673233,0.24540073302844542,0.677645788336933,race_blind,0.23500000000000001,aa_vs_caucasian
0.5399999999999999,0.10331530031904562,-0.30071754729288974,0.17404287777723682,0.23850831954850638,0.6792656587473002,race_blind,0.23500000000000001,aa_vs_caucasian
0.5499999999999999,0.10373144680260785,-0.28803000652315724,0.14750122249388753,0.23402581817002366,0.6819654427645788,race_blind,0.23500000000000001,aa_vs_caucasian
0.5599999999999999,0.10911360799001249,-0.28462165688193086,0.13376223307278023,0.23495994291459896,0.6803455723542117,race_blind,0.23500000000000001,aa_vs_caucasian
0.57,0.10933555278124565,-0.2851272015655577,0.13436084987809127,0.2343809801822841,0.6781857451403888,race_blind,0.23500000000000001,aa_vs_caucasian
0.58,0.10933555278124565,-0.2831702544031311,0.13374072457442165,0.23333495507768154,0.677645788336933,race_blind,0.23500000000000001,aa_vs_caucasian
0.59,0.09382716049382717,-0.2785632746249185,0.15294117647058825,0.22067075346242418,0.6733261339092873,race_blind,0.23500000000000001,aa_vs_caucasian
0.6,0.09449299486752671,-0.27124103065883887,0.1440377804014168,0.2169164152962927,0.67170626349892,race_blind,0.23500000000000001,aa_vs_caucasian
0.61,0.08098210570120684,-0.26202707110241363,0.13731617647058825,0.2029450877363692,0.6668466522678186,race_blind,0.23500000000000001,aa_vs_caucasian
0.62,0.08345124150367597,-0.26082844096542723,0.13757740701297683,0.20182446239174856,0.661987041036717,race_blind,0.23500000000000001,aa_vs_caucasian
0.63,0.09219031765848246,-0.25110893672537504,0.09144736842105261,0.19889234861016508,0.6538876889848813,race_blind,0.23500000000000001,aa_vs_caucasian
0.6399999999999999,0.08095436260230268,-0.24820613176777562,0.11851851851851858,0.18940352242872432,0.6484881209503239,race_blind,0.23500000000000001,aa_vs_caucasian
0.6499999999999999,0.07870717159106672,-0.22863666014350947,0.11325611325611329,0.17789724627809672,0.6441684665226782,race_blind,0.23500000000000001,aa_vs_caucasian
0.6599999999999999,0.07712581495353031,-0.2193574690150033,0.09364375461936436,0.1720508579027602,0.6414686825053996,race_blind,0.23500000000000001,aa_vs_caucasian
0.6699999999999999,0.07510056873352752,-0.21544357469015007,0.08555249464340375,0.16941714508124942,0.6420086393088553,race_blind,0.23500000000000001,aa_vs_caucasian
0.6799999999999999,0.07285337772229158,-0.21986301369863015,0.09848728677180563,0.1693798449612403,0.6409287257019438,race_blind,0.23500000000000001,aa_vs_caucasian
0.69,0.048134276598696075,-0.18514350945857794,0.13067961165048536,0.13796179170315592,0.6339092872570194,race_blind,0.23500000000000001,aa_vs_caucasian
0.7,0.044305728949923705,-0.1810420743639921,0.14021739130434774,0.13045311537089294,0.6225701943844493,race_blind,0.23500000000000001,aa_vs_caucasian
0.71,0.038008045498682204,-0.15023646444879324,0.12316561844863738,0.11050403814342707,0.6139308855291576,race_blind,0.23500000000000001,aa_vs_caucasian
0.72,0.038008045498682204,-0.15023646444879324,0.12316561844863738,0.11050403814342707,0.6139308855291576,race_blind,0.23500000000000001,aa_vs_caucasian
0.73,0.03395755305867665,-0.1353392041748206,0.11301761610615413,0.09942752424507802,0.6079913606911447,race_blind,0.23500000000000001,aa_vs_caucasian
0.74,0.03395755305867665,-0.12555446836268758,0.10649905123339654,0.09419739872206546,0.6052915766738661,race_blind,0.23500000000000001,aa_vs_caucasian
0.7499999999999999,0.027215980024968788,-0.11065720808871493,0.13655462184873945,0.08106613473452046,0.597732181425486,race_blind,0.23500000000000001,aa_vs_caucasian
0.7599999999999999,0.01844916077125815,-0.09847521200260922,0.2020050125313283,0.06681424540235477,0.5863930885529157,race_blind,0.23500000000000001,aa_vs_caucasian
0.7699999999999999,0.018671105562491335,-0.09336268754076982,0.22352941176470587,0.06255554474392656,0.5809935205183585,race_blind,0.23500000000000001,aa_vs_caucasian
0.7799999999999999,0.02114024136496047,-0.08578767123287678,0.1974683544303798,0.05938016931010995,0.5777537796976242,race_blind,0.23500000000000001,aa_vs_caucasian
0.7899999999999999,0.02158413094742683,-0.08383072407045011,0.12348178137651822,0.05934286919010087,0.5793736501079914,race_blind,0.23500000000000001,aa_vs_caucasian
0.7999999999999999,0.017311693716188098,-0.07701402478799735,0.194672131147541,0.05140443060555934,0.5712742980561555,race_blind,0.23500000000000001,aa_vs_caucasian
0.8099999999999999,0.015064502704952142,-0.0596542726679713,0.22448979591836737,0.04040251694722844,0.5642548596112311,race_blind,0.23500000000000001,aa_vs_caucasian
0.82,0.008322929671244279,-0.05795009784735816,0.33720930232558144,0.0356767539165126,0.5637149028077754,race_blind,0.23500000000000001,aa_vs_caucasian
0.83,0.006075738660008323,-0.048165362035225145,0.33783783783783783,0.029400603288897535,0.5610151187904968,race_blind,0.23500000000000001,aa_vs_caucasian
0.84,0.006075738660008323,-0.04059034572733211,0.40645161290322573,0.0246748402581817,0.556695464362851,race_blind,0.23500000000000001,aa_vs_caucasian
0.8499999999999999,0.00876681925371064,-0.028848662752772425,0.125,0.020453439719762576,0.5545356371490281,race_blind,0.23500000000000001,aa_vs_caucasian
0.8599999999999999,0.0020252462200027748,-0.021020874103065967,0.21568627450980393,0.013131263987545005,0.5534557235421166,race_blind,0.23500000000000001,aa_vs_caucasian
0.8699999999999999,0.0020252462200027748,-0.015150032615786069,0.19047619047619047,0.009993188673737472,0.5518358531317494,race_blind,0.23500000000000001,aa_vs_caucasian
0.8799999999999999,-0.0024691358024691358,-0.017359752120026162,0.5,0.008405500956829166,0.5518358531317494,race_blind,0.23500000000000001,aa_vs_caucasian
0.8899999999999999,-0.0024691358024691358,-0.011488910632746263,0.5,0.005267425643021633,0.5496760259179265,race_blind,0.23500000000000001,aa_vs_caucasian
0.8999999999999999,-0.0024691358024691358,-0.0056180691454664755,0.5,0.0021293503292141025,0.5475161987041036,race_blind,0.23500000000000001,aa_vs_caucasian
0.9099999999999999,0.0,-0.0017041748206132468,0.0,0.0015876877169083065,0.546976241900648,race_blind,0.23500000000000001,aa_vs_caucasian
0.9199999999999999,0.0,-0.00195694716242667,,0.0010460251046025104,0.5453563714902808,race_blind,0.23500000000000001,aa_vs_caucasian
0.9299999999999999,0.0,-0.00195694716242667,,0.0010460251046025104,0.5453563714902808,race_blind,0.23500000000000001,aa_vs_caucasian
0.94,0.0,0.0,,0.0,0.5448164146868251,race_blind,0.23500000000000001,aa_vs_caucasian
0.95,0.0,0.0,,0.0,0.5448164146868251,race_blind,0.23500000000000001,aa_vs_caucasian
