feature,value,lime,kernelshap,archetype,defendant
Number_of_Priors,0.0,-0.2716297839327948,-0.1487245288292771,Low risk profile,59
Age_Above_FourtyFive,1.0,-0.11472717166718956,-0.09477502085560062,Low risk profile,59
Age_Below_TwentyFive,0.0,-0.18340299765213605,-0.017866448558947985,Low risk profile,59
African_American,1.0,0.01913578710162483,0.003870346059728789,Low risk profile,59
Asian,0.0,0.09268627074312068,0.0,Low risk profile,59
Hispanic,0.0,0.06479575007730662,0.0014706644302751593,Low risk profile,59
Native_American,0.0,-0.012326683505116466,0.0,Low risk profile,59
Other,0.0,0.002252988841912056,0.0,Low risk profile,59
Female,1.0,-0.06101532862286883,-0.051966489677192744,Low risk profile,59
Misdemeanor,1.0,-0.0566725653626309,-0.03529719077348441,Low risk profile,59
Number_of_Priors,4.0,0.05232132351900804,0.10520476478404786,Borderline profile,31
Age_Above_FourtyFive,0.0,0.11340867826253019,0.011841433875476178,Borderline profile,31
Age_Below_TwentyFive,0.0,-0.18899885130129365,-0.026110125978334054,Borderline profile,31
African_American,0.0,-0.022236092367205654,-0.006376265531030819,Borderline profile,31
Asian,0.0,0.10662690010405255,0.0,Borderline profile,31
Hispanic,0.0,0.06786085136935195,0.00206388219291646,Borderline profile,31
Native_American,0.0,-0.04611957321557844,0.0,Borderline profile,31
Other,0.0,0.005172670083634118,0.0,Borderline profile,31
Female,1.0,-0.07495620123288638,-0.06870589752536023,Borderline profile,31
Misdemeanor,1.0,-0.05227341095560291,-0.04575019162194425,Borderline profile,31
Number_of_Priors,8.0,0.3482127943014479,0.23234920136059545,High risk profile,88
Age_Above_FourtyFive,0.0,0.11279646978549766,0.010750984656175435,High risk profile,88
Age_Below_TwentyFive,1.0,0.18003451074570115,0.1539278539829778,High risk profile,88
African_American,0.0,0.0009727592383541752,-0.004738732351593056,High risk profile,88
Asian,0.0,0.11665937766811699,0.0,High risk profile,88
Hispanic,0.0,0.05415926651282664,0.0017301995604474365,High risk profile,88
Native_American,0.0,-0.06080394908458172,0.0,High risk profile,88
Other,0.0,-0.0010992008112016404,0.0,High risk profile,88
Female,0.0,0.06979153801248342,0.005408770433152801,High risk profile,88
Misdemeanor,0.0,0.05547737440236454,0.014358661111142517,High risk profile,88
