feature,perturbation,trial,mean_abs_shift,p95_abs_shift
Number_of_Priors,+-1 count,0,0.036366067376577306,0.1457478182602287
Number_of_Priors,+-1 count,1,0.03455498400105385,0.1393630614231607
Number_of_Priors,+-1 count,2,0.03443590326803082,0.11659544791538996
Number_of_Priors,+-1 count,3,0.03547069841309432,0.14311840036127949
Number_of_Priors,+-1 count,4,0.03531087942268627,0.1454702124140912
Number_of_Priors,+-1 count,5,0.03456609830343125,0.13881237960721388
Number_of_Priors,+-1 count,6,0.03525175356963108,0.13913374088349165
Number_of_Priors,+-1 count,7,0.034912302705119844,0.11659544791538996
Number_of_Priors,+-1 count,8,0.036495625809488653,0.1457478182602287
Number_of_Priors,+-1 count,9,0.03543272408881,0.10616857862591267
Number_of_Priors,+-1 count,10,0.03443522362459215,0.1454702124140912
Number_of_Priors,+-1 count,11,0.036590869732848925,0.1457478182602287
Number_of_Priors,+-1 count,12,0.034739843618218975,0.12506640533654417
Number_of_Priors,+-1 count,13,0.03363596593974374,0.13904170014688294
Number_of_Priors,+-1 count,14,0.03564428420646882,0.14014263416898437
Number_of_Priors,+-1 count,15,0.0356759854323272,0.14271429656952125
Number_of_Priors,+-1 count,16,0.03617848864206057,0.14280005849130395
Number_of_Priors,+-1 count,17,0.035557617768362346,0.14135012126676702
Number_of_Priors,+-1 count,18,0.03548274687799832,0.13904170014688294
Number_of_Priors,+-1 count,19,0.03494499998679324,0.14061538709993415
Misdemeanor,flip,0,0.05784867445203647,0.06855604328619613
