model,Number_of_Priors,predicted_risk
TabPFN,0.0,0.2697359
TabPFN,0.767894736842104,0.34223163
TabPFN,1.535789473684208,0.40385717
TabPFN,2.303684210526312,0.4765564
TabPFN,3.071578947368416,0.52694774
TabPFN,3.83947368421052,0.5647263
TabPFN,4.607368421052624,0.59675574
TabPFN,5.375263157894728,0.6251724
TabPFN,6.143157894736832,0.64886206
TabPFN,6.911052631578936,0.66938734
TabPFN,7.678947368421039,0.6870306
TabPFN,8.446842105263144,0.7023634
TabPFN,9.214736842105248,0.7173999
TabPFN,9.982631578947352,0.7300105
TabPFN,10.750526315789456,0.7406749
TabPFN,11.51842105263156,0.7508591
TabPFN,12.286315789473663,0.7605978
TabPFN,13.054210526315767,0.77083397
TabPFN,13.822105263157871,0.7805944
TabPFN,14.589999999999977,0.79040945
LogReg,0.0,0.2854100423048379
LogReg,0.767894736842104,0.3679371095476406
LogReg,1.535789473684208,0.43441593176074955
LogReg,2.303684210526312,0.4853861787041625
LogReg,3.071578947368416,0.5264964447128103
LogReg,3.83947368421052,0.5607877408293136
LogReg,4.607368421052624,0.5900866991932412
LogReg,5.375263157894728,0.6155760334462438
LogReg,6.143157894736832,0.6380649566337588
LogReg,6.911052631578936,0.6581311411510057
LogReg,7.678947368421039,0.6762011350568607
LogReg,8.446842105263144,0.6925986986788021
LogReg,9.214736842105248,0.7075752778898676
LogReg,9.982631578947352,0.7213299852059932
LogReg,10.750526315789456,0.73432918108054
LogReg,11.51842105263156,0.7463877234413405
LogReg,12.286315789473663,0.7576072727487544
LogReg,13.054210526315767,0.7680791087070593
LogReg,13.822105263157871,0.7778804772820525
LogReg,14.589999999999977,0.7870773346074184
XGBoost,0.0,0.35068127512931824
XGBoost,0.767894736842104,0.35068127512931824
XGBoost,1.535789473684208,0.41128742694854736
XGBoost,2.303684210526312,0.4415285587310791
XGBoost,3.071578947368416,0.5218015313148499
XGBoost,3.83947368421052,0.5218015313148499
XGBoost,4.607368421052624,0.5281254649162292
XGBoost,5.375263157894728,0.5370610356330872
XGBoost,6.143157894736832,0.5745587348937988
XGBoost,6.911052631578936,0.5745587348937988
XGBoost,7.678947368421039,0.5791708827018738
XGBoost,8.446842105263144,0.5791708827018738
XGBoost,9.214736842105248,0.6168720722198486
XGBoost,9.982631578947352,0.6168720722198486
XGBoost,10.750526315789456,0.6174839735031128
XGBoost,11.51842105263156,0.6121929883956909
XGBoost,12.286315789473663,0.6121929883956909
XGBoost,13.054210526315767,0.6121929883956909
XGBoost,13.822105263157871,0.6121929883956909
XGBoost,14.589999999999977,0.6199257969856262
