run,feature_set,score
holdout,priors_blind,0.3200212
holdout,priors_blind,0.26861352
holdout,priors_blind,0.4735536
holdout,priors_blind,0.26861352
holdout,priors_blind,0.4735536
holdout,priors_blind,0.6583816
holdout,priors_blind,0.38614565
holdout,priors_blind,0.3200212
holdout,priors_blind,0.26861352
holdout,priors_blind,0.5859115
holdout,priors_blind,0.35809273
holdout,priors_blind,0.28387314
holdout,priors_blind,0.5859115
holdout,priors_blind,0.5859115
holdout,priors_blind,0.4735536
holdout,priors_blind,0.3553552
holdout,priors_blind,0.2832921
holdout,priors_blind,0.20027223
holdout,priors_blind,0.29727694
holdout,priors_blind,0.5859115
holdout,priors_blind,0.27754742
holdout,priors_blind,0.5859115
holdout,priors_blind,0.38614565
holdout,priors_blind,0.17706773
holdout,priors_blind,0.5859115
holdout,priors_blind,0.55677503
holdout,priors_blind,0.35809273
holdout,priors_blind,0.4735536
holdout,priors_blind,0.5859115
holdout,priors_blind,0.5859115
holdout,priors_blind,0.3553552
holdout,priors_blind,0.22906539
holdout,priors_blind,0.35809273
holdout,priors_blind,0.35809273
holdout,priors_blind,0.35809273
holdout,priors_blind,0.35809273
holdout,priors_blind,0.26861352
holdout,priors_blind,0.44285822
holdout,priors_blind,0.28387314
holdout,priors_blind,0.35809273
holdout,priors_blind,0.22906539
holdout,priors_blind,0.33655983
holdout,priors_blind,0.4735536
holdout,priors_blind,0.41902608
holdout,priors_blind,0.47285417
holdout,priors_blind,0.22906539
holdout,priors_blind,0.6583816
holdout,priors_blind,0.3279824
holdout,priors_blind,0.47285417
holdout,priors_blind,0.22906539
holdout,priors_blind,0.4735536
holdout,priors_blind,0.33655983
holdout,priors_blind,0.3542226
holdout,priors_blind,0.26861352
holdout,priors_blind,0.41902608
holdout,priors_blind,0.41902608
holdout,priors_blind,0.41902608
holdout,priors_blind,0.27754742
holdout,priors_blind,0.5859115
holdout,priors_blind,0.47285417
holdout,priors_blind,0.33655983
holdout,priors_blind,0.4735536
holdout,priors_blind,0.4735536
holdout,priors_blind,0.4735536
holdout,priors_blind,0.22906539
holdout,priors_blind,0.3553552
holdout,priors_blind,0.5859115
holdout,priors_blind,0.44165257
holdout,priors_blind,0.41902608
holdout,priors_blind,0.50829464
holdout,priors_blind,0.42859954
holdout,priors_blind,0.28387314
holdout,priors_blind,0.4735536
holdout,priors_blind,0.5800594
holdout,priors_blind,0.27754742
holdout,priors_blind,0.4735536
holdout,priors_blind,0.5800594
holdout,priors_blind,0.44285822
holdout,priors_blind,0.35809273
holdout,priors_blind,0.55677503
holdout,priors_blind,0.5859115
holdout,priors_blind,0.5508465
holdout,priors_blind,0.33655983
holdout,priors_blind,0.4735536
holdout,priors_blind,0.50829464
holdout,priors_blind,0.35809273
holdout,priors_blind,0.5508465
holdout,priors_blind,0.17706773
holdout,priors_blind,0.22906539
holdout,priors_blind,0.23950182
holdout,priors_blind,0.42859954
holdout,priors_blind,0.6583816
holdout,priors_blind,0.5859115
holdout,priors_blind,0.2832921
holdout,priors_blind,0.3200212
holdout,priors_blind,0.42859954
holdout,priors_blind,0.44285822
holdout,priors_blind,0.17706773
holdout,priors_blind,0.6583816
holdout,priors_blind,0.6583816
holdout,priors_blind,0.5859115
holdout,priors_blind,0.33655983
holdout,priors_blind,0.5859115
holdout,priors_blind,0.5800594
holdout,priors_blind,0.4735536
holdout,priors_blind,0.22906539
holdout,priors_blind,0.36169246
holdout,priors_blind,0.55677503
holdout,priors_blind,0.55677503
holdout,priors_blind,0.5859115
holdout,priors_blind,0.35809273
holdout,priors_blind,0.3279824
holdout,priors_blind,0.6583816
holdout,priors_blind,0.47285417
holdout,priors_blind,0.4735536
holdout,priors_blind,0.42859954
holdout,priors_blind,0.38614565
holdout,priors_blind,0.35809273
holdout,priors_blind,0.5800594
holdout,priors_blind,0.33655983
holdout,priors_blind,0.44285822
holdout,priors_blind,0.45739985
holdout,priors_blind,0.44285822
holdout,priors_blind,0.44285822
holdout,priors_blind,0.5859115
holdout,priors_blind,0.5859115
holdout,priors_blind,0.6583816
holdout,priors_blind,0.33655983
holdout,priors_blind,0.4735536
holdout,priors_blind,0.45739985
holdout,priors_blind,0.3279824
holdout,priors_blind,0.5859115
holdout,priors_blind,0.17706773
holdout,priors_blind,0.5859115
holdout,priors_blind,0.47285417
holdout,priors_blind,0.22906539
holdout,priors_blind,0.27754742
holdout,priors_blind,0.2832921
holdout,priors_blind,0.3200212
holdout,priors_blind,0.33655983
holdout,priors_blind,0.6583816
holdout,priors_blind,0.55677503
holdout,priors_blind,0.45739985
holdout,priors_blind,0.4735536
holdout,priors_blind,0.44165257
holdout,priors_blind,0.5859115
holdout,priors_blind,0.5859115
holdout,priors_blind,0.22906539
holdout,priors_blind,0.2832921
holdout,priors_blind,0.33655983
holdout,priors_blind,0.47285417
holdout,priors_blind,0.25140446
holdout,priors_blind,0.6583816
holdout,priors_blind,0.6583816
holdout,priors_blind,0.27754742
holdout,priors_blind,0.4735536
holdout,priors_blind,0.44285822
holdout,priors_blind,0.35809273
holdout,priors_blind,0.401967
holdout,priors_blind,0.27754742
holdout,priors_blind,0.17706773
holdout,priors_blind,0.3200212
holdout,priors_blind,0.6583816
holdout,priors_blind,0.44285822
holdout,priors_blind,0.17706773
holdout,priors_blind,0.6583816
holdout,priors_blind,0.35809273
holdout,priors_blind,0.2832921
holdout,priors_blind,0.5859115
holdout,priors_blind,0.17706773
holdout,priors_blind,0.41902608
holdout,priors_blind,0.27118522
holdout,priors_blind,0.36169246
holdout,priors_blind,0.3200212
holdout,priors_blind,0.44285822
holdout,priors_blind,0.5859115
holdout,priors_blind,0.5242022
holdout,priors_blind,0.44285822
holdout,priors_blind,0.33655983
holdout,priors_blind,0.47285417
holdout,priors_blind,0.27118522
holdout,priors_blind,0.6583816
holdout,priors_blind,0.47285417
holdout,priors_blind,0.33655983
holdout,priors_blind,0.35809273
holdout,priors_blind,0.45739985
holdout,priors_blind,0.4735536
holdout,priors_blind,0.22906539
holdout,priors_blind,0.55677503
holdout,priors_blind,0.47285417
holdout,priors_blind,0.41902608
holdout,priors_blind,0.6583816
holdout,priors_blind,0.6583816
holdout,priors_blind,0.42859954
holdout,priors_blind,0.32598063
holdout,priors_blind,0.42859954
holdout,priors_blind,0.5859115
holdout,priors_blind,0.44285822
holdout,priors_blind,0.55677503
holdout,priors_blind,0.47285417
holdout,priors_blind,0.41902608
holdout,priors_blind,0.35809273
holdout,priors_blind,0.26276293
holdout,priors_blind,0.55677503
holdout,priors_blind,0.27754742
holdout,priors_blind,0.5859115
holdout,priors_blind,0.3200212
holdout,priors_blind,0.44285822
holdout,priors_blind,0.44285822
holdout,priors_blind,0.5859115
holdout,priors_blind,0.35809273
holdout,priors_blind,0.33655983
holdout,priors_blind,0.42859954
holdout,priors_blind,0.5859115
holdout,priors_blind,0.5859115
holdout,priors_blind,0.47285417
holdout,priors_blind,0.3279824
holdout,priors_blind,0.44285822
holdout,priors_blind,0.22906539
holdout,priors_blind,0.44165257
holdout,priors_blind,0.33655983
holdout,priors_blind,0.4735536
holdout,priors_blind,0.33655983
holdout,priors_blind,0.6583816
holdout,priors_blind,0.5859115
holdout,priors_blind,0.5859115
holdout,priors_blind,0.4735536
holdout,priors_blind,0.5859115
holdout,priors_blind,0.33655983
holdout,priors_blind,0.5859115
holdout,priors_blind,0.5859115
holdout,priors_blind,0.44285822
holdout,priors_blind,0.3279824
holdout,priors_blind,0.44285822
holdout,priors_blind,0.5859115
holdout,priors_blind,0.5859115
holdout,priors_blind,0.5859115
holdout,priors_blind,0.44285822
holdout,priors_blind,0.45886564
holdout,priors_blind,0.47285417
holdout,priors_blind,0.4735536
holdout,priors_blind,0.28624892
holdout,priors_blind,0.45739985
holdout,priors_blind,0.23950182
holdout,priors_blind,0.44285822
holdout,priors_blind,0.3279824
holdout,priors_blind,0.45739985
holdout,priors_blind,0.5859115
holdout,priors_blind,0.44285822
holdout,priors_blind,0.41902608
holdout,priors_blind,0.55677503
holdout,priors_blind,0.5800594
holdout,priors_blind,0.20315598
holdout,priors_blind,0.20315598
holdout,priors_blind,0.4735536
holdout,priors_blind,0.5859115
holdout,priors_blind,0.5859115
holdout,priors_blind,0.44285822
holdout,priors_blind,0.29727694
holdout,priors_blind,0.27754742
holdout,priors_blind,0.5859115
holdout,priors_blind,0.22906539
holdout,priors_blind,0.44165257
holdout,priors_blind,0.44285822
holdout,priors_blind,0.5859115
holdout,priors_blind,0.35809273
holdout,priors_blind,0.44285822
holdout,priors_blind,0.41902608
holdout,priors_blind,0.41902608
holdout,priors_blind,0.45886564
holdout,priors_blind,0.47285417
holdout,priors_blind,0.5859115
holdout,priors_blind,0.5859115
holdout,priors_blind,0.5859115
holdout,priors_blind,0.35809273
holdout,priors_blind,0.42859954
holdout,priors_blind,0.20315598
holdout,priors_blind,0.35809273
holdout,priors_blind,0.5859115
holdout,priors_blind,0.6583816
holdout,priors_blind,0.47285417
holdout,priors_blind,0.4735536
holdout,priors_blind,0.38614565
holdout,priors_blind,0.50829464
holdout,priors_blind,0.6583816
holdout,priors_blind,0.44285822
holdout,priors_blind,0.44285822
holdout,priors_blind,0.17706773
holdout,priors_blind,0.35809273
holdout,priors_blind,0.41902608
holdout,priors_blind,0.17706773
holdout,priors_blind,0.55677503
holdout,priors_blind,0.27118522
holdout,priors_blind,0.47285417
holdout,priors_blind,0.50829464
holdout,priors_blind,0.50829464
holdout,priors_blind,0.5859115
holdout,priors_blind,0.35809273
holdout,priors_blind,0.5859115
holdout,priors_blind,0.2832921
holdout,priors_blind,0.47285417
holdout,priors_blind,0.26861352
holdout,priors_blind,0.5800594
holdout,priors_blind,0.33655983
holdout,priors_blind,0.41902608
holdout,priors_blind,0.55677503
holdout,priors_blind,0.5859115
holdout,priors_blind,0.44285822
holdout,priors_blind,0.44285822
holdout,priors_blind,0.5800594
holdout,priors_blind,0.44285822
holdout,priors_blind,0.5800594
holdout,priors_blind,0.44285822
holdout,priors_blind,0.44285822
holdout,priors_blind,0.45886564
holdout,priors_blind,0.6583816
holdout,priors_blind,0.33655983
holdout,priors_blind,0.33655983
holdout,priors_blind,0.35809273
holdout,priors_blind,0.55677503
holdout,priors_blind,0.35809273
holdout,priors_blind,0.29727694
holdout,priors_blind,0.5800594
holdout,priors_blind,0.2832921
holdout,priors_blind,0.4735536
holdout,priors_blind,0.5859115
holdout,priors_blind,0.35809273
holdout,priors_blind,0.22906539
holdout,priors_blind,0.44285822
holdout,priors_blind,0.44285822
holdout,priors_blind,0.35809273
holdout,priors_blind,0.2832921
holdout,priors_blind,0.27118522
holdout,priors_blind,0.28387314
holdout,priors_blind,0.28624892
holdout,priors_blind,0.4735536
holdout,priors_blind,0.4735536
holdout,priors_blind,0.6583816
holdout,priors_blind,0.5859115
holdout,priors_blind,0.5859115
holdout,priors_blind,0.6583816
holdout,priors_blind,0.401967
holdout,priors_blind,0.47285417
holdout,priors_blind,0.4735536
holdout,priors_blind,0.6583816
holdout,priors_blind,0.44285822
holdout,priors_blind,0.22231753
holdout,priors_blind,0.5859115
holdout,priors_blind,0.4735536
holdout,priors_blind,0.5859115
holdout,priors_blind,0.3542226
holdout,priors_blind,0.33655983
holdout,priors_blind,0.41902608
holdout,priors_blind,0.35809273
holdout,priors_blind,0.4735536
holdout,priors_blind,0.6583816
holdout,priors_blind,0.5859115
holdout,priors_blind,0.41902608
holdout,priors_blind,0.5800594
holdout,priors_blind,0.5859115
holdout,priors_blind,0.5859115
holdout,priors_blind,0.41902608
holdout,priors_blind,0.6583816
holdout,priors_blind,0.5508465
holdout,priors_blind,0.33655983
holdout,priors_blind,0.3542226
holdout,priors_blind,0.41902608
holdout,priors_blind,0.4735536
holdout,priors_blind,0.6583816
holdout,priors_blind,0.35809273
holdout,priors_blind,0.3279824
holdout,priors_blind,0.44165257
holdout,priors_blind,0.41902608
holdout,priors_blind,0.33655983
holdout,priors_blind,0.27118522
holdout,priors_blind,0.401967
holdout,priors_blind,0.5800594
holdout,priors_blind,0.55677503
holdout,priors_blind,0.29727694
holdout,priors_blind,0.4735536
holdout,priors_blind,0.5859115
holdout,priors_blind,0.27118522
holdout,priors_blind,0.6583816
holdout,priors_blind,0.28387314
holdout,priors_blind,0.5800594
holdout,priors_blind,0.4317452
holdout,priors_blind,0.35809273
holdout,priors_blind,0.44285822
holdout,priors_blind,0.35809273
holdout,priors_blind,0.22906539
holdout,priors_blind,0.4735536
holdout,priors_blind,0.33655983
holdout,priors_blind,0.5859115
holdout,priors_blind,0.44165257
holdout,priors_blind,0.22906539
holdout,priors_blind,0.5859115
holdout,priors_blind,0.5859115
holdout,priors_blind,0.33655983
holdout,priors_blind,0.401967
holdout,priors_blind,0.5859115
holdout,priors_blind,0.47285417
holdout,priors_blind,0.35809273
holdout,priors_blind,0.47285417
holdout,priors_blind,0.47285417
holdout,priors_blind,0.42859954
holdout,priors_blind,0.44285822
holdout,priors_blind,0.55677503
holdout,priors_blind,0.27118522
holdout,priors_blind,0.42859954
holdout,priors_blind,0.2080741
holdout,priors_blind,0.5859115
holdout,priors_blind,0.38614565
holdout,priors_blind,0.21828872
holdout,priors_blind,0.44165257
holdout,priors_blind,0.55677503
holdout,priors_blind,0.6583816
holdout,priors_blind,0.22906539
holdout,priors_blind,0.3200212
holdout,priors_blind,0.5859115
holdout,priors_blind,0.5859115
holdout,priors_blind,0.4735536
holdout,priors_blind,0.5859115
holdout,priors_blind,0.41902608
holdout,priors_blind,0.5859115
holdout,priors_blind,0.17706773
holdout,priors_blind,0.22906539
holdout,priors_blind,0.45739985
holdout,priors_blind,0.5859115
holdout,priors_blind,0.42859954
holdout,priors_blind,0.22906539
holdout,priors_blind,0.44285822
holdout,priors_blind,0.44285822
holdout,priors_blind,0.45739985
holdout,priors_blind,0.33655983
holdout,priors_blind,0.3279824
holdout,priors_blind,0.4735536
holdout,priors_blind,0.3279824
holdout,priors_blind,0.45886564
holdout,priors_blind,0.31720644
holdout,priors_blind,0.45886564
holdout,priors_blind,0.6583816
holdout,priors_blind,0.5800594
holdout,priors_blind,0.35809273
holdout,priors_blind,0.5859115
holdout,priors_blind,0.5859115
holdout,priors_blind,0.33655983
holdout,priors_blind,0.47285417
holdout,priors_blind,0.5859115
holdout,priors_blind,0.33655983
holdout,priors_blind,0.44285822
holdout,priors_blind,0.33655983
holdout,priors_blind,0.5859115
holdout,priors_blind,0.5859115
holdout,priors_blind,0.6583816
holdout,priors_blind,0.55677503
holdout,priors_blind,0.5800594
holdout,priors_blind,0.26861352
holdout,priors_blind,0.5859115
holdout,priors_blind,0.5859115
holdout,priors_blind,0.27754742
holdout,priors_blind,0.27118522
holdout,priors_blind,0.27118522
holdout,priors_blind,0.6583816
holdout,priors_blind,0.2832921
holdout,priors_blind,0.44165257
holdout,priors_blind,0.33655983
holdout,priors_blind,0.38150147
holdout,priors_blind,0.47285417
holdout,priors_blind,0.5859115
holdout,priors_blind,0.5859115
holdout,priors_blind,0.3200212
holdout,priors_blind,0.5859115
holdout,priors_blind,0.2326663
holdout,priors_blind,0.22906539
holdout,priors_blind,0.5859115
holdout,priors_blind,0.5859115
holdout,priors_blind,0.6583816
holdout,priors_blind,0.27754742
holdout,priors_blind,0.5859115
holdout,priors_blind,0.22906539
holdout,priors_blind,0.5800594
holdout,priors_blind,0.20027223
holdout,priors_blind,0.5859115
holdout,priors_blind,0.44285822
holdout,priors_blind,0.5800594
holdout,priors_blind,0.35809273
holdout,priors_blind,0.44285822
holdout,priors_blind,0.22906539
holdout,priors_blind,0.55677503
holdout,priors_blind,0.3542226
holdout,priors_blind,0.401967
holdout,priors_blind,0.6583816
holdout,priors_blind,0.33655983
holdout,priors_blind,0.4735536
holdout,priors_blind,0.4735536
holdout,priors_blind,0.5859115
holdout,priors_blind,0.5859115
holdout,priors_blind,0.5800594
holdout,priors_blind,0.6583816
holdout,priors_blind,0.5859115
holdout,priors_blind,0.5859115
holdout,priors_blind,0.4735536
holdout,priors_blind,0.26861352
holdout,priors_blind,0.5800594
holdout,priors_blind,0.35809273
holdout,priors_blind,0.5859115
holdout,priors_blind,0.20315598
holdout,priors_blind,0.5859115
holdout,priors_blind,0.22906539
holdout,priors_blind,0.5859115
holdout,priors_blind,0.4735536
holdout,priors_blind,0.55677503
holdout,priors_blind,0.3279824
holdout,priors_blind,0.33655983
holdout,priors_blind,0.33655983
holdout,priors_blind,0.22906539
holdout,priors_blind,0.47285417
holdout,priors_blind,0.41902608
holdout,priors_blind,0.5508465
holdout,priors_blind,0.5859115
holdout,priors_blind,0.6583816
holdout,priors_blind,0.22906539
holdout,priors_blind,0.27754742
holdout,priors_blind,0.47285417
holdout,priors_blind,0.27754742
holdout,priors_blind,0.44285822
holdout,priors_blind,0.5859115
holdout,priors_blind,0.41902608
holdout,priors_blind,0.47285417
holdout,priors_blind,0.5859115
holdout,priors_blind,0.45739985
holdout,priors_blind,0.5859115
holdout,priors_blind,0.38253716
holdout,priors_blind,0.44285822
holdout,priors_blind,0.50829464
holdout,priors_blind,0.4735536
holdout,priors_blind,0.27754742
holdout,priors_blind,0.5508465
holdout,priors_blind,0.5859115
holdout,priors_blind,0.55677503
holdout,priors_blind,0.6583816
holdout,priors_blind,0.5859115
holdout,priors_blind,0.5508465
holdout,priors_blind,0.38614565
holdout,priors_blind,0.22906539
holdout,priors_blind,0.22906539
holdout,priors_blind,0.3200212
holdout,priors_blind,0.4735536
holdout,priors_blind,0.4735536
holdout,priors_blind,0.28387314
holdout,priors_blind,0.6583816
holdout,priors_blind,0.33655983
holdout,priors_blind,0.33655983
holdout,priors_blind,0.6583816
holdout,priors_blind,0.6583816
holdout,priors_blind,0.5859115
holdout,priors_blind,0.2832921
holdout,priors_blind,0.27754742
holdout,priors_blind,0.45886564
holdout,priors_blind,0.55677503
holdout,priors_blind,0.44285822
holdout,priors_blind,0.5859115
holdout,priors_blind,0.47285417
holdout,priors_blind,0.4735536
holdout,priors_blind,0.2080741
holdout,priors_blind,0.33655983
holdout,priors_blind,0.6583816
holdout,priors_blind,0.41902608
holdout,priors_blind,0.5859115
holdout,priors_blind,0.27754742
holdout,priors_blind,0.22906539
holdout,priors_blind,0.5859115
holdout,priors_blind,0.55677503
holdout,priors_blind,0.3279824
holdout,priors_blind,0.6583816
holdout,priors_blind,0.3279824
holdout,priors_blind,0.5859115
holdout,priors_blind,0.47285417
holdout,priors_blind,0.38614565
holdout,priors_blind,0.5800594
holdout,priors_blind,0.47285417
holdout,priors_blind,0.6583816
holdout,priors_blind,0.35809273
holdout,priors_blind,0.5859115
holdout,priors_blind,0.5800594
holdout,priors_blind,0.35809273
holdout,priors_blind,0.6583816
holdout,priors_blind,0.3279824
holdout,priors_blind,0.41902608
holdout,priors_blind,0.6583816
holdout,priors_blind,0.5859115
holdout,priors_blind,0.42859954
holdout,priors_blind,0.4735536
holdout,priors_blind,0.6583816
holdout,priors_blind,0.45886564
holdout,priors_blind,0.6583816
holdout,priors_blind,0.50829464
holdout,priors_blind,0.6583816
holdout,priors_blind,0.401967
holdout,priors_blind,0.47285417
holdout,priors_blind,0.5859115
holdout,priors_blind,0.5859115
holdout,priors_blind,0.33655983
holdout,priors_blind,0.2080741
holdout,priors_blind,0.22906539
holdout,priors_blind,0.45739985
holdout,priors_blind,0.5859115
holdout,priors_blind,0.27754742
holdout,priors_blind,0.44285822
holdout,priors_blind,0.5859115
holdout,priors_blind,0.33655983
holdout,priors_blind,0.44285822
holdout,priors_blind,0.17706773
holdout,priors_blind,0.35809273
holdout,priors_blind,0.6583816
holdout,priors_blind,0.33655983
holdout,priors_blind,0.4735536
holdout,priors_blind,0.28387314
holdout,priors_blind,0.35809273
holdout,priors_blind,0.6583816
holdout,priors_blind,0.4735536
holdout,priors_blind,0.6583816
holdout,priors_blind,0.5859115
holdout,priors_blind,0.5859115
holdout,priors_blind,0.47285417
holdout,priors_blind,0.5800594
holdout,priors_blind,0.27754742
holdout,priors_blind,0.31720644
holdout,priors_blind,0.47285417
holdout,priors_blind,0.5859115
holdout,priors_blind,0.44285822
holdout,priors_blind,0.5859115
holdout,priors_blind,0.47285417
holdout,priors_blind,0.4735536
holdout,priors_blind,0.28387314
holdout,priors_blind,0.5859115
holdout,priors_blind,0.47285417
holdout,priors_blind,0.5800594
holdout,priors_blind,0.33655983
holdout,priors_blind,0.6583816
holdout,priors_blind,0.27118522
holdout,priors_blind,0.6583816
holdout,priors_blind,0.5859115
holdout,priors_blind,0.50829464
holdout,priors_blind,0.44285822
holdout,priors_blind,0.3279824
holdout,priors_blind,0.44285822
holdout,priors_blind,0.5859115
holdout,priors_blind,0.5859115
holdout,priors_blind,0.5859115
holdout,priors_blind,0.36169246
holdout,priors_blind,0.4735536
holdout,priors_blind,0.22906539
holdout,priors_blind,0.47285417
holdout,priors_blind,0.5800594
holdout,priors_blind,0.28387314
holdout,priors_blind,0.44285822
holdout,priors_blind,0.27754742
holdout,priors_blind,0.55677503
holdout,priors_blind,0.33655983
holdout,priors_blind,0.3279824
holdout,priors_blind,0.5859115
holdout,priors_blind,0.5859115
holdout,priors_blind,0.41902608
holdout,priors_blind,0.35809273
holdout,priors_blind,0.5859115
holdout,priors_blind,0.22906539
holdout,priors_blind,0.42859954
holdout,priors_blind,0.36169246
holdout,priors_blind,0.5859115
holdout,priors_blind,0.5859115
holdout,priors_blind,0.29727694
holdout,priors_blind,0.6583816
holdout,priors_blind,0.5859115
holdout,priors_blind,0.6583816
holdout,priors_blind,0.22906539
holdout,priors_blind,0.4735536
holdout,priors_blind,0.35809273
holdout,priors_blind,0.5859115
holdout,priors_blind,0.33655983
holdout,priors_blind,0.35809273
holdout,priors_blind,0.27118522
holdout,priors_blind,0.5859115
holdout,priors_blind,0.2832921
holdout,priors_blind,0.5859115
holdout,priors_blind,0.47285417
holdout,priors_blind,0.41902608
holdout,priors_blind,0.35809273
holdout,priors_blind,0.26861352
holdout,priors_blind,0.3234904
holdout,priors_blind,0.27754742
holdout,priors_blind,0.5859115
holdout,priors_blind,0.5859115
holdout,priors_blind,0.4735536
holdout,priors_blind,0.35809273
holdout,priors_blind,0.55677503
holdout,priors_blind,0.5859115
holdout,priors_blind,0.5859115
holdout,priors_blind,0.4735536
holdout,priors_blind,0.55677503
holdout,priors_blind,0.5859115
holdout,priors_blind,0.44285822
holdout,priors_blind,0.5800594
holdout,priors_blind,0.44285822
holdout,priors_blind,0.4735536
holdout,priors_blind,0.5859115
holdout,priors_blind,0.401967
holdout,priors_blind,0.45886564
holdout,priors_blind,0.45739985
holdout,priors_blind,0.44285822
holdout,priors_blind,0.6583816
holdout,priors_blind,0.3279824
holdout,priors_blind,0.45886564
holdout,priors_blind,0.4735536
holdout,priors_blind,0.6583816
holdout,priors_blind,0.45886564
holdout,priors_blind,0.41902608
holdout,priors_blind,0.44285822
holdout,priors_blind,0.5859115
holdout,priors_blind,0.4735536
holdout,priors_blind,0.5859115
holdout,priors_blind,0.4735536
holdout,priors_blind,0.44285822
holdout,priors_blind,0.47285417
holdout,priors_blind,0.5859115
holdout,priors_blind,0.41902608
holdout,priors_blind,0.6583816
holdout,priors_blind,0.6583816
holdout,priors_blind,0.33655983
holdout,priors_blind,0.37781057
holdout,priors_blind,0.5508465
holdout,priors_blind,0.6583816
holdout,priors_blind,0.44285822
holdout,priors_blind,0.3279824
holdout,priors_blind,0.44285822
holdout,priors_blind,0.5800594
holdout,priors_blind,0.55677503
holdout,priors_blind,0.47285417
holdout,priors_blind,0.6583816
holdout,priors_blind,0.33655983
holdout,priors_blind,0.35809273
holdout,priors_blind,0.25140446
holdout,priors_blind,0.27754742
holdout,priors_blind,0.5859115
holdout,priors_blind,0.26276293
holdout,priors_blind,0.6583816
holdout,priors_blind,0.3279824
holdout,priors_blind,0.4735536
holdout,priors_blind,0.4735536
holdout,priors_blind,0.33655983
holdout,priors_blind,0.33655983
holdout,priors_blind,0.26861352
holdout,priors_blind,0.2832921
holdout,priors_blind,0.2080741
holdout,priors_blind,0.55677503
holdout,priors_blind,0.5859115
holdout,priors_blind,0.5859115
holdout,priors_blind,0.5859115
holdout,priors_blind,0.41902608
holdout,priors_blind,0.44285822
holdout,priors_blind,0.47285417
holdout,priors_blind,0.6583816
holdout,priors_blind,0.50829464
holdout,priors_blind,0.5859115
holdout,priors_blind,0.6583816
holdout,priors_blind,0.55677503
holdout,priors_blind,0.6583816
holdout,priors_blind,0.5508465
holdout,priors_blind,0.22906539
holdout,priors_blind,0.6583816
holdout,priors_blind,0.41902608
holdout,priors_blind,0.5859115
holdout,priors_blind,0.44285822
holdout,priors_blind,0.44285822
holdout,priors_blind,0.2832921
holdout,priors_blind,0.44285822
holdout,priors_blind,0.4735536
holdout,priors_blind,0.22906539
holdout,priors_blind,0.4735536
holdout,priors_blind,0.28784618
holdout,priors_blind,0.5859115
holdout,priors_blind,0.3279824
holdout,priors_blind,0.20315598
holdout,priors_blind,0.6583816
holdout,priors_blind,0.44285822
holdout,priors_blind,0.5859115
holdout,priors_blind,0.22906539
holdout,priors_blind,0.5859115
holdout,priors_blind,0.42859954
holdout,priors_blind,0.5859115
holdout,priors_blind,0.6583816
holdout,priors_blind,0.45886564
holdout,priors_blind,0.5859115
holdout,priors_blind,0.33655983
holdout,priors_blind,0.5800594
holdout,priors_blind,0.3200212
holdout,priors_blind,0.2832921
holdout,priors_blind,0.20027223
holdout,priors_blind,0.29727694
holdout,priors_blind,0.401967
holdout,priors_blind,0.4735536
holdout,priors_blind,0.5859115
holdout,priors_blind,0.4735536
holdout,priors_blind,0.35809273
holdout,priors_blind,0.6583816
holdout,priors_blind,0.47285417
holdout,priors_blind,0.5859115
holdout,priors_blind,0.401967
holdout,priors_blind,0.47285417
holdout,priors_blind,0.2832921
holdout,priors_blind,0.4735536
holdout,priors_blind,0.4735536
holdout,priors_blind,0.6583816
holdout,priors_blind,0.22906539
holdout,priors_blind,0.3542226
holdout,priors_blind,0.33655983
holdout,priors_blind,0.44285822
holdout,priors_blind,0.401967
holdout,priors_blind,0.22906539
holdout,priors_blind,0.5859115
holdout,priors_blind,0.5859115
holdout,priors_blind,0.5859115
holdout,priors_blind,0.2080741
holdout,priors_blind,0.5859115
holdout,priors_blind,0.45739985
holdout,priors_blind,0.41902608
holdout,priors_blind,0.5859115
holdout,priors_blind,0.5800594
holdout,priors_blind,0.5859115
holdout,priors_blind,0.23942736
holdout,priors_blind,0.3553552
holdout,priors_blind,0.22231753
holdout,priors_blind,0.6583816
holdout,priors_blind,0.33655983
holdout,priors_blind,0.31720644
holdout,priors_blind,0.2832921
holdout,priors_blind,0.47285417
holdout,priors_blind,0.6583816
holdout,priors_blind,0.5800594
holdout,priors_blind,0.4735536
holdout,priors_blind,0.3279824
holdout,priors_blind,0.45739985
holdout,priors_blind,0.26861352
holdout,priors_blind,0.5800594
holdout,priors_blind,0.5859115
holdout,priors_blind,0.5859115
holdout,priors_blind,0.4735536
holdout,priors_blind,0.4735536
holdout,priors_blind,0.5800594
holdout,priors_blind,0.401967
holdout,priors_blind,0.45886564
holdout,priors_blind,0.5859115
holdout,priors_blind,0.45739985
holdout,priors_blind,0.3279824
holdout,priors_blind,0.4735536
holdout,priors_blind,0.5800594
holdout,priors_blind,0.28387314
holdout,priors_blind,0.4735536
holdout,priors_blind,0.42859954
holdout,priors_blind,0.5859115
holdout,priors_blind,0.5859115
holdout,priors_blind,0.401967
holdout,priors_blind,0.35809273
holdout,priors_blind,0.5859115
holdout,priors_blind,0.20027223
holdout,priors_blind,0.2832921
holdout,priors_blind,0.41902608
holdout,priors_blind,0.55677503
holdout,priors_blind,0.28624892
holdout,priors_blind,0.35809273
holdout,priors_blind,0.4735536
holdout,priors_blind,0.5508465
holdout,priors_blind,0.5859115
holdout,priors_blind,0.33655983
holdout,priors_blind,0.5800594
holdout,priors_blind,0.5859115
holdout,priors_blind,0.41287407
holdout,priors_blind,0.45886564
holdout,priors_blind,0.27118522
holdout,priors_blind,0.17706773
holdout,priors_blind,0.6583816
holdout,priors_blind,0.55677503
holdout,priors_blind,0.20315598
holdout,priors_blind,0.35809273
holdout,priors_blind,0.6583816
holdout,priors_blind,0.33655983
holdout,priors_blind,0.41287407
holdout,priors_blind,0.3200212
holdout,priors_blind,0.5859115
holdout,priors_blind,0.22906539
holdout,priors_blind,0.41902608
holdout,priors_blind,0.35809273
holdout,priors_blind,0.3200212
holdout,priors_blind,0.26861352
holdout,priors_blind,0.5859115
holdout,priors_blind,0.33655983
holdout,priors_blind,0.4735536
holdout,priors_blind,0.33655983
holdout,priors_blind,0.4735536
holdout,priors_blind,0.44285822
holdout,priors_blind,0.45739985
holdout,priors_blind,0.44285822
holdout,priors_blind,0.33655983
holdout,priors_blind,0.41902608
holdout,priors_blind,0.41287407
holdout,priors_blind,0.6583816
holdout,priors_blind,0.45886564
holdout,priors_blind,0.33655983
holdout,priors_blind,0.5800594
holdout,priors_blind,0.42859954
holdout,priors_blind,0.5859115
holdout,priors_blind,0.44285822
holdout,priors_blind,0.33655983
holdout,priors_blind,0.26861352
holdout,priors_blind,0.3279824
holdout,priors_blind,0.41902608
holdout,priors_blind,0.3279824
holdout,priors_blind,0.47285417
holdout,priors_blind,0.44285822
holdout,priors_blind,0.4735536
holdout,priors_blind,0.4735536
holdout,priors_blind,0.42859954
holdout,priors_blind,0.45886564
holdout,priors_blind,0.3279824
holdout,priors_blind,0.6583816
holdout,priors_blind,0.5859115
holdout,priors_blind,0.44285822
holdout,priors_blind,0.47285417
holdout,priors_blind,0.2832921
holdout,priors_blind,0.33655983
holdout,priors_blind,0.55677503
holdout,priors_blind,0.44285822
holdout,priors_blind,0.26861352
holdout,priors_blind,0.35809273
holdout,priors_blind,0.44285822
holdout,priors_blind,0.23942736
holdout,priors_blind,0.55677503
holdout,priors_blind,0.2080741
holdout,priors_blind,0.55677503
holdout,priors_blind,0.47285417
holdout,priors_blind,0.3279824
holdout,priors_blind,0.5859115
holdout,priors_blind,0.4735536
holdout,priors_blind,0.5859115
holdout,priors_blind,0.45886564
holdout,priors_blind,0.45739985
holdout,priors_blind,0.22906539
holdout,priors_blind,0.33655983
holdout,priors_blind,0.35809273
holdout,priors_blind,0.27754742
holdout,priors_blind,0.5859115
holdout,priors_blind,0.2832921
holdout,priors_blind,0.5859115
holdout,priors_blind,0.28624892
holdout,priors_blind,0.33655983
holdout,priors_blind,0.44285822
holdout,priors_blind,0.2832921
holdout,priors_blind,0.55677503
holdout,priors_blind,0.35809273
holdout,priors_blind,0.17706773
holdout,priors_blind,0.3542226
holdout,priors_blind,0.3234904
holdout,priors_blind,0.3200212
holdout,priors_blind,0.6583816
holdout,priors_blind,0.17706773
holdout,priors_blind,0.41902608
holdout,priors_blind,0.41902608
holdout,priors_blind,0.35809273
holdout,priors_blind,0.5859115
holdout,priors_blind,0.22906539
holdout,priors_blind,0.35809273
holdout,priors_blind,0.4735536
holdout,priors_blind,0.3279824
holdout,priors_blind,0.4735536
holdout,priors_blind,0.5859115
holdout,priors_blind,0.29727694
holdout,priors_blind,0.47285417
holdout,priors_blind,0.35809273
holdout,priors_blind,0.27754742
holdout,priors_blind,0.6583816
holdout,priors_blind,0.33655983
holdout,priors_blind,0.5800594
holdout,priors_blind,0.5859115
holdout,priors_blind,0.44285822
holdout,priors_blind,0.5859115
holdout,priors_blind,0.35809273
holdout,priors_blind,0.401967
holdout,priors_blind,0.5859115
holdout,priors_blind,0.5800594
holdout,priors_blind,0.3553552
holdout,priors_blind,0.5859115
holdout,priors_blind,0.45886564
holdout,priors_blind,0.33655983
holdout,priors_blind,0.28387314
holdout,priors_blind,0.44285822
holdout,priors_blind,0.55677503
holdout,priors_blind,0.5859115
holdout,priors_blind,0.5859115
holdout,priors_blind,0.5859115
holdout,priors_blind,0.44285822
holdout,priors_blind,0.33655983
holdout,priors_blind,0.4735536
holdout,priors_blind,0.45886564
holdout,priors_blind,0.6583816
holdout,priors_blind,0.4735536
holdout,priors_blind,0.22906539
holdout,priors_blind,0.4735536
holdout,priors_blind,0.22906539
holdout,priors_blind,0.33655983
holdout,priors_blind,0.5859115
holdout,priors_blind,0.44285822
holdout,priors_blind,0.22906539
holdout,priors_blind,0.42859954
holdout,priors_blind,0.27754742
holdout,priors_blind,0.44165257
holdout,priors_blind,0.41902608
holdout,priors_blind,0.55677503
holdout,priors_blind,0.4735536
holdout,priors_blind,0.55677503
holdout,priors_blind,0.35809273
holdout,priors_blind,0.33655983
holdout,priors_blind,0.6583816
holdout,priors_blind,0.44165257
holdout,priors_blind,0.47285417
holdout,priors_blind,0.44285822
holdout,priors_blind,0.5859115
holdout,priors_blind,0.45886564
holdout,priors_blind,0.44285822
holdout,priors_blind,0.5859115
holdout,priors_blind,0.38614565
holdout,priors_blind,0.44285822
holdout,priors_blind,0.5859115
holdout,priors_blind,0.38614565
holdout,priors_blind,0.3279824
holdout,priors_blind,0.44285822
holdout,priors_blind,0.33655983
holdout,priors_blind,0.5859115
holdout,priors_blind,0.27754742
holdout,priors_blind,0.6583816
holdout,priors_blind,0.44285822
holdout,priors_blind,0.5859115
holdout,priors_blind,0.45886564
holdout,priors_blind,0.44285822
holdout,priors_blind,0.3279824
holdout,priors_blind,0.35809273
holdout,priors_blind,0.4735536
holdout,priors_blind,0.5859115
holdout,priors_blind,0.6583816
holdout,priors_blind,0.27118522
holdout,priors_blind,0.2832921
holdout,priors_blind,0.47285417
holdout,priors_blind,0.29727694
holdout,priors_blind,0.6583816
holdout,priors_blind,0.35809273
holdout,priors_blind,0.401967
holdout,priors_blind,0.47285417
holdout,priors_blind,0.4735536
holdout,priors_blind,0.401967
holdout,priors_blind,0.44285822
holdout,priors_blind,0.4735536
holdout,priors_blind,0.6583816
holdout,priors_blind,0.3279824
holdout,priors_blind,0.44285822
holdout,priors_blind,0.5859115
holdout,priors_blind,0.55677503
holdout,priors_blind,0.4735536
holdout,priors_blind,0.45739985
holdout,priors_blind,0.26861352
holdout,priors_blind,0.3279824
holdout,priors_blind,0.3200212
holdout,priors_blind,0.6583816
holdout,priors_blind,0.6583816
holdout,priors_blind,0.27118522
holdout,priors_blind,0.401967
holdout,priors_blind,0.3234904
holdout,priors_blind,0.47285417
holdout,priors_blind,0.44285822
holdout,priors_blind,0.5859115
holdout,priors_blind,0.5859115
holdout,priors_blind,0.44285822
holdout,priors_blind,0.6583816
holdout,priors_blind,0.23950182
holdout,priors_blind,0.45886564
holdout,priors_blind,0.47285417
holdout,priors_blind,0.27754742
holdout,priors_blind,0.5859115
holdout,priors_blind,0.5508465
holdout,priors_blind,0.47285417
holdout,priors_blind,0.45886564
holdout,priors_blind,0.2832921
holdout,priors_blind,0.4735536
holdout,priors_blind,0.5859115
holdout,priors_blind,0.6583816
holdout,priors_blind,0.22906539
holdout,priors_blind,0.5508465
holdout,priors_blind,0.42859954
holdout,priors_blind,0.33655983
holdout,priors_blind,0.27118522
holdout,priors_blind,0.27754742
holdout,priors_blind,0.35809273
holdout,priors_blind,0.55677503
holdout,priors_blind,0.44285822
holdout,priors_blind,0.44285822
holdout,priors_blind,0.401967
holdout,priors_blind,0.4735536
holdout,priors_blind,0.33655983
holdout,priors_blind,0.6583816
holdout,priors_blind,0.41902608
holdout,priors_blind,0.4735536
holdout,priors_blind,0.41902608
holdout,priors_blind,0.5859115
holdout,priors_blind,0.6583816
holdout,priors_blind,0.6583816
holdout,priors_blind,0.28387314
holdout,priors_blind,0.5859115
holdout,priors_blind,0.25140446
holdout,priors_blind,0.5859115
holdout,priors_blind,0.44285822
holdout,priors_blind,0.26861352
holdout,priors_blind,0.6583816
holdout,priors_blind,0.44285822
holdout,priors_blind,0.41902608
holdout,priors_blind,0.41902608
holdout,priors_blind,0.5859115
holdout,priors_blind,0.6583816
holdout,priors_blind,0.55677503
holdout,priors_blind,0.42859954
holdout,priors_blind,0.38614565
holdout,priors_blind,0.4735536
holdout,priors_blind,0.4735536
holdout,priors_blind,0.22906539
holdout,priors_blind,0.5859115
holdout,priors_blind,0.6583816
holdout,priors_blind,0.35809273
holdout,priors_blind,0.5859115
holdout,priors_blind,0.26861352
holdout,priors_blind,0.4735536
holdout,priors_blind,0.44165257
holdout,priors_blind,0.45886564
holdout,priors_blind,0.35809273
holdout,priors_blind,0.27754742
holdout,priors_blind,0.26861352
holdout,priors_blind,0.55677503
holdout,priors_blind,0.6583816
holdout,priors_blind,0.5800594
holdout,priors_blind,0.23950182
holdout,priors_blind,0.26861352
holdout,priors_blind,0.5859115
holdout,priors_blind,0.47285417
holdout,priors_blind,0.5859115
holdout,priors_blind,0.33655983
holdout,priors_blind,0.401967
holdout,priors_blind,0.4735536
holdout,priors_blind,0.4735536
holdout,priors_blind,0.26861352
holdout,priors_blind,0.47285417
holdout,priors_blind,0.6583816
holdout,priors_blind,0.22231753
holdout,priors_blind,0.17706773
holdout,priors_blind,0.29727694
holdout,priors_blind,0.38614565
holdout,priors_blind,0.55677503
holdout,priors_blind,0.45886564
holdout,priors_blind,0.5859115
holdout,priors_blind,0.17706773
holdout,priors_blind,0.35809273
holdout,priors_blind,0.5859115
holdout,priors_blind,0.5859115
holdout,priors_blind,0.42859954
holdout,priors_blind,0.36169246
holdout,priors_blind,0.5859115
holdout,priors_blind,0.4735536
holdout,priors_blind,0.4735536
holdout,priors_blind,0.44285822
holdout,priors_blind,0.41902608
holdout,priors_blind,0.6583816
holdout,priors_blind,0.33655983
holdout,priors_blind,0.42859954
holdout,priors_blind,0.6583816
holdout,priors_blind,0.5859115
holdout,priors_blind,0.33655983
holdout,priors_blind,0.6583816
holdout,priors_blind,0.41902608
holdout,priors_blind,0.44285822
holdout,priors_blind,0.27118522
holdout,priors_blind,0.5859115
holdout,priors_blind,0.35809273
holdout,priors_blind,0.2832921
holdout,priors_blind,0.44285822
holdout,priors_blind,0.47285417
holdout,priors_blind,0.3279824
holdout,priors_blind,0.55677503
holdout,priors_blind,0.4735536
holdout,priors_blind,0.44285822
holdout,priors_blind,0.4735536
holdout,priors_blind,0.4735536
holdout,priors_blind,0.44285822
holdout,priors_blind,0.2832921
holdout,priors_blind,0.55677503
holdout,priors_blind,0.47285417
holdout,priors_blind,0.45739985
holdout,priors_blind,0.28624892
holdout,priors_blind,0.4735536
holdout,priors_blind,0.5859115
holdout,priors_blind,0.22906539
holdout,priors_blind,0.33655983
holdout,priors_blind,0.44285822
holdout,priors_blind,0.41902608
holdout,priors_blind,0.4735536
holdout,priors_blind,0.3553552
holdout,priors_blind,0.47285417
holdout,priors_blind,0.5800594
holdout,priors_blind,0.22906539
holdout,priors_blind,0.47285417
holdout,priors_blind,0.2832921
holdout,priors_blind,0.401967
holdout,priors_blind,0.44285822
holdout,priors_blind,0.55677503
holdout,priors_blind,0.4735536
holdout,priors_blind,0.5859115
holdout,priors_blind,0.3234904
holdout,priors_blind,0.4735536
holdout,priors_blind,0.47285417
holdout,priors_blind,0.4735536
holdout,priors_blind,0.5859115
holdout,priors_blind,0.27754742
holdout,priors_blind,0.5859115
holdout,priors_blind,0.5859115
holdout,priors_blind,0.4735536
holdout,priors_blind,0.401967
holdout,priors_blind,0.44285822
holdout,priors_blind,0.44285822
holdout,priors_blind,0.5859115
holdout,priors_blind,0.35809273
holdout,priors_blind,0.29727694
holdout,priors_blind,0.17706773
holdout,priors_blind,0.26861352
holdout,priors_blind,0.35809273
holdout,priors_blind,0.5859115
holdout,priors_blind,0.5859115
holdout,priors_blind,0.33655983
holdout,priors_blind,0.5800594
holdout,priors_blind,0.55677503
holdout,priors_blind,0.6583816
holdout,priors_blind,0.5859115
holdout,priors_blind,0.6583816
holdout,priors_blind,0.44165257
holdout,priors_blind,0.45886564
holdout,priors_blind,0.6583816
holdout,priors_blind,0.26861352
holdout,priors_blind,0.4735536
holdout,priors_blind,0.3279824
holdout,priors_blind,0.6583816
holdout,priors_blind,0.4735536
holdout,priors_blind,0.35809273
holdout,priors_blind,0.28624892
holdout,priors_blind,0.4735536
holdout,priors_blind,0.2832921
holdout,priors_blind,0.6583816
holdout,priors_blind,0.35809273
holdout,priors_blind,0.5859115
holdout,priors_blind,0.45739985
holdout,priors_blind,0.5859115
holdout,priors_blind,0.5859115
holdout,priors_blind,0.44285822
holdout,priors_blind,0.55677503
holdout,priors_blind,0.26276293
holdout,priors_blind,0.55677503
holdout,priors_blind,0.55677503
holdout,priors_blind,0.4735536
holdout,priors_blind,0.6583816
holdout,priors_blind,0.35809273
holdout,priors_blind,0.41902608
holdout,priors_blind,0.6583816
holdout,priors_blind,0.6583816
holdout,priors_blind,0.27754742
holdout,priors_blind,0.5859115
holdout,priors_blind,0.45739985
holdout,priors_blind,0.5859115
holdout,priors_blind,0.55677503
holdout,priors_blind,0.5800594
holdout,priors_blind,0.4735536
holdout,priors_blind,0.5859115
holdout,priors_blind,0.26861352
holdout,priors_blind,0.5859115
holdout,priors_blind,0.5859115
holdout,priors_blind,0.27754742
holdout,priors_blind,0.3200212
holdout,priors_blind,0.35809273
holdout,priors_blind,0.47285417
holdout,priors_blind,0.55677503
holdout,priors_blind,0.44165257
holdout,priors_blind,0.5859115
holdout,priors_blind,0.22231753
holdout,priors_blind,0.47285417
holdout,priors_blind,0.5800594
holdout,priors_blind,0.55677503
holdout,priors_blind,0.26861352
holdout,priors_blind,0.22906539
holdout,priors_blind,0.23942736
holdout,priors_blind,0.22906539
holdout,priors_blind,0.5859115
holdout,priors_blind,0.20315598
holdout,priors_blind,0.55677503
holdout,priors_blind,0.5859115
holdout,priors_blind,0.50829464
holdout,priors_blind,0.44285822
holdout,priors_blind,0.6583816
holdout,priors_blind,0.22906539
holdout,priors_blind,0.4735536
holdout,priors_blind,0.3279824
holdout,priors_blind,0.35809273
holdout,priors_blind,0.47285417
holdout,priors_blind,0.26861352
holdout,priors_blind,0.5859115
holdout,priors_blind,0.5859115
holdout,priors_blind,0.5800594
holdout,priors_blind,0.41902608
holdout,priors_blind,0.44285822
holdout,priors_blind,0.35809273
holdout,priors_blind,0.4735536
holdout,priors_blind,0.5859115
holdout,priors_blind,0.27118522
holdout,priors_blind,0.5859115
holdout,priors_blind,0.26861352
holdout,priors_blind,0.44285822
holdout,priors_blind,0.6583816
holdout,priors_blind,0.44285822
holdout,priors_blind,0.5800594
holdout,priors_blind,0.401967
holdout,priors_blind,0.44285822
holdout,priors_blind,0.44165257
holdout,priors_blind,0.41902608
holdout,priors_blind,0.42859954
holdout,priors_blind,0.4735536
holdout,priors_blind,0.4735536
holdout,priors_blind,0.4735536
holdout,priors_blind,0.28624892
holdout,priors_blind,0.6583816
holdout,priors_blind,0.3200212
holdout,priors_blind,0.20315598
holdout,priors_blind,0.35809273
holdout,priors_blind,0.4735536
holdout,priors_blind,0.6583816
holdout,priors_blind,0.2832921
holdout,priors_blind,0.50829464
holdout,priors_blind,0.45886564
holdout,priors_blind,0.55677503
holdout,priors_blind,0.4735536
holdout,priors_blind,0.5800594
holdout,priors_blind,0.5859115
holdout,priors_blind,0.5859115
holdout,priors_blind,0.47285417
holdout,priors_blind,0.44285822
holdout,priors_blind,0.45739985
holdout,priors_blind,0.4735536
holdout,priors_blind,0.27754742
holdout,priors_blind,0.22906539
holdout,priors_blind,0.5800594
holdout,priors_blind,0.47285417
holdout,priors_blind,0.6583816
holdout,priors_blind,0.6583816
holdout,priors_blind,0.5859115
holdout,priors_blind,0.3542226
holdout,priors_blind,0.17706773
holdout,priors_blind,0.55677503
holdout,priors_blind,0.55677503
holdout,priors_blind,0.6583816
holdout,priors_blind,0.35809273
holdout,priors_blind,0.2326663
holdout,priors_blind,0.5859115
holdout,priors_blind,0.5859115
holdout,priors_blind,0.35809273
holdout,priors_blind,0.2832921
holdout,priors_blind,0.4735536
holdout,priors_blind,0.33330163
holdout,priors_blind,0.5859115
holdout,priors_blind,0.5859115
holdout,priors_blind,0.3279824
holdout,priors_blind,0.5800594
holdout,priors_blind,0.33655983
holdout,priors_blind,0.44285822
holdout,priors_blind,0.33655983
holdout,priors_blind,0.33655983
holdout,priors_blind,0.35809273
holdout,priors_blind,0.42859954
holdout,priors_blind,0.21828872
holdout,priors_blind,0.50829464
holdout,priors_blind,0.28624892
holdout,priors_blind,0.44285822
holdout,priors_blind,0.401967
holdout,priors_blind,0.22906539
holdout,priors_blind,0.6583816
holdout,priors_blind,0.3553552
holdout,priors_blind,0.5859115
holdout,priors_blind,0.47285417
holdout,priors_blind,0.401967
holdout,priors_blind,0.4735536
holdout,priors_blind,0.28624892
holdout,priors_blind,0.5859115
holdout,priors_blind,0.6583816
holdout,priors_blind,0.17706773
holdout,priors_blind,0.5859115
holdout,priors_blind,0.44165257
holdout,priors_blind,0.44285822
holdout,priors_blind,0.28387314
holdout,priors_blind,0.41902608
holdout,priors_blind,0.22906539
holdout,priors_blind,0.5859115
holdout,priors_blind,0.5859115
holdout,priors_blind,0.42859954
holdout,priors_blind,0.5859115
holdout,priors_blind,0.22231753
holdout,priors_blind,0.33330163
holdout,priors_blind,0.401967
holdout,priors_blind,0.4735536
holdout,priors_blind,0.20315598
holdout,priors_blind,0.5859115
holdout,priors_blind,0.50829464
holdout,priors_blind,0.5859115
holdout,priors_blind,0.42859954
holdout,priors_blind,0.45886564
holdout,priors_blind,0.44285822
holdout,priors_blind,0.5859115
holdout,priors_blind,0.44165257
holdout,priors_blind,0.33655983
holdout,priors_blind,0.5859115
holdout,priors_blind,0.26861352
holdout,priors_blind,0.28387314
holdout,priors_blind,0.26861352
holdout,priors_blind,0.6583816
holdout,priors_blind,0.44285822
holdout,priors_blind,0.26276293
holdout,priors_blind,0.401967
holdout,priors_blind,0.27754742
holdout,priors_blind,0.29727694
holdout,priors_blind,0.45886564
holdout,priors_blind,0.27118522
holdout,priors_blind,0.5859115
holdout,priors_blind,0.5859115
holdout,priors_blind,0.47285417
holdout,priors_blind,0.22906539
holdout,priors_blind,0.44285822
holdout,priors_blind,0.26861352
holdout,priors_blind,0.17706773
holdout,priors_blind,0.3279824
holdout,priors_blind,0.44165257
holdout,priors_blind,0.6583816
holdout,priors_blind,0.5859115
holdout,priors_blind,0.5859115
holdout,priors_blind,0.44165257
holdout,priors_blind,0.5859115
holdout,priors_blind,0.5859115
holdout,priors_blind,0.47285417
holdout,priors_blind,0.5859115
holdout,priors_blind,0.22906539
holdout,priors_blind,0.33655983
holdout,priors_blind,0.33655983
holdout,priors_blind,0.44165257
holdout,priors_blind,0.50829464
holdout,priors_blind,0.5859115
holdout,priors_blind,0.35809273
holdout,priors_blind,0.5859115
holdout,priors_blind,0.5859115
holdout,priors_blind,0.42859954
holdout,priors_blind,0.5508465
holdout,priors_blind,0.44285822
holdout,priors_blind,0.44285822
holdout,priors_blind,0.26861352
holdout,priors_blind,0.4735536
holdout,priors_blind,0.31720644
holdout,priors_blind,0.4735536
holdout,priors_blind,0.4735536
holdout,priors_blind,0.2832921
holdout,priors_blind,0.55677503
holdout,priors_blind,0.22906539
holdout,priors_blind,0.44285822
holdout,priors_blind,0.6583816
holdout,priors_blind,0.28784618
holdout,priors_blind,0.55677503
holdout,priors_blind,0.17706773
holdout,priors_blind,0.44285822
holdout,priors_blind,0.33330163
holdout,priors_blind,0.45886564
holdout,priors_blind,0.28387314
holdout,priors_blind,0.36292878
holdout,priors_blind,0.27754742
holdout,priors_blind,0.33655983
holdout,priors_blind,0.6583816
holdout,priors_blind,0.33655983
holdout,priors_blind,0.44285822
holdout,priors_blind,0.401967
holdout,priors_blind,0.6583816
holdout,priors_blind,0.55677503
holdout,priors_blind,0.5859115
holdout,priors_blind,0.35809273
holdout,priors_blind,0.5859115
holdout,priors_blind,0.5859115
holdout,priors_blind,0.41287407
holdout,priors_blind,0.22906539
holdout,priors_blind,0.22906539
holdout,priors_blind,0.41902608
holdout,priors_blind,0.33655983
holdout,priors_blind,0.5859115
holdout,priors_blind,0.5800594
holdout,priors_blind,0.401967
holdout,priors_blind,0.5859115
holdout,priors_blind,0.27754742
holdout,priors_blind,0.6583816
holdout,priors_blind,0.2832921
holdout,priors_blind,0.6583816
holdout,priors_blind,0.4735536
holdout,priors_blind,0.33655983
holdout,priors_blind,0.50829464
holdout,priors_blind,0.5859115
holdout,priors_blind,0.22906539
holdout,priors_blind,0.5508465
holdout,priors_blind,0.44285822
holdout,priors_blind,0.41902608
holdout,priors_blind,0.6583816
holdout,priors_blind,0.5859115
holdout,priors_blind,0.33655983
holdout,priors_blind,0.26861352
holdout,priors_blind,0.5859115
holdout,priors_blind,0.27754742
holdout,priors_blind,0.55677503
holdout,priors_blind,0.50829464
holdout,priors_blind,0.22906539
holdout,priors_blind,0.6583816
holdout,priors_blind,0.6583816
holdout,priors_blind,0.4735536
holdout,priors_blind,0.33655983
holdout,priors_blind,0.5859115
holdout,priors_blind,0.5859115
holdout,priors_blind,0.41287407
holdout,priors_blind,0.45886564
holdout,priors_blind,0.5859115
holdout,priors_blind,0.5800594
holdout,priors_blind,0.3542226
holdout,priors_blind,0.55677503
holdout,priors_blind,0.5859115
holdout,priors_blind,0.2832921
holdout,priors_blind,0.55677503
holdout,priors_blind,0.4735536
holdout,priors_blind,0.14254433
holdout,priors_blind,0.41902608
holdout,priors_blind,0.26861352
holdout,priors_blind,0.47285417
holdout,priors_blind,0.44285822
holdout,priors_blind,0.50829464
holdout,priors_blind,0.33655983
holdout,priors_blind,0.27754742
holdout,priors_blind,0.44285822
holdout,priors_blind,0.5859115
holdout,priors_blind,0.50829464
holdout,priors_blind,0.33655983
holdout,priors_blind,0.6583816
holdout,priors_blind,0.4735536
holdout,priors_blind,0.5800594
holdout,priors_blind,0.28624892
holdout,priors_blind,0.44285822
holdout,priors_blind,0.5859115
holdout,priors_blind,0.5859115
holdout,priors_blind,0.4735536
holdout,priors_blind,0.5859115
holdout,priors_blind,0.22906539
holdout,priors_blind,0.29727694
holdout,priors_blind,0.41902608
holdout,priors_blind,0.26861352
holdout,priors_blind,0.22906539
holdout,priors_blind,0.27754742
holdout,priors_blind,0.4735536
holdout,priors_blind,0.47285417
holdout,priors_blind,0.5859115
holdout,priors_blind,0.5859115
holdout,priors_blind,0.41902608
holdout,priors_blind,0.44165257
holdout,priors_blind,0.5800594
holdout,priors_blind,0.27118522
holdout,priors_blind,0.5859115
holdout,priors_blind,0.6583816
holdout,priors_blind,0.6583816
holdout,priors_blind,0.6583816
holdout,priors_blind,0.47285417
holdout,priors_blind,0.27754742
holdout,priors_blind,0.44285822
holdout,priors_blind,0.55677503
holdout,priors_blind,0.4735536
holdout,priors_blind,0.47285417
holdout,priors_blind,0.5859115
holdout,priors_blind,0.15940462
holdout,priors_blind,0.47285417
holdout,priors_blind,0.29727694
holdout,priors_blind,0.4735536
holdout,priors_blind,0.4735536
holdout,priors_blind,0.45739985
holdout,priors_blind,0.5859115
holdout,priors_blind,0.27754742
holdout,priors_blind,0.35809273
holdout,priors_blind,0.5859115
holdout,priors_blind,0.5859115
holdout,priors_blind,0.5859115
holdout,priors_blind,0.45886564
holdout,priors_blind,0.22906539
holdout,priors_blind,0.44285822
holdout,priors_blind,0.5800594
holdout,priors_blind,0.41287407
holdout,priors_blind,0.2832921
holdout,priors_blind,0.45739985
holdout,priors_blind,0.5859115
holdout,priors_blind,0.45739985
holdout,priors_blind,0.44285822
holdout,priors_blind,0.4735536
holdout,priors_blind,0.50829464
holdout,priors_blind,0.5859115
holdout,priors_blind,0.5859115
holdout,priors_blind,0.35809273
holdout,priors_blind,0.5859115
holdout,priors_blind,0.20315598
holdout,priors_blind,0.401967
holdout,priors_blind,0.2832921
holdout,priors_blind,0.5859115
holdout,priors_blind,0.47285417
holdout,priors_blind,0.401967
holdout,priors_blind,0.27754742
holdout,priors_blind,0.55677503
holdout,priors_blind,0.35809273
holdout,priors_blind,0.5859115
holdout,priors_blind,0.44285822
holdout,priors_blind,0.28387314
holdout,priors_blind,0.3542226
holdout,priors_blind,0.33655983
holdout,priors_blind,0.27118522
holdout,priors_blind,0.45739985
holdout,priors_blind,0.6583816
holdout,priors_blind,0.45886564
holdout,priors_blind,0.55677503
holdout,priors_blind,0.33655983
holdout,priors_blind,0.45886564
holdout,priors_blind,0.27754742
holdout,priors_blind,0.401967
holdout,priors_blind,0.47285417
holdout,priors_blind,0.35809273
holdout,priors_blind,0.5859115
holdout,priors_blind,0.55677503
holdout,priors_blind,0.44285822
holdout,priors_blind,0.27754742
holdout,priors_blind,0.5859115
holdout,priors_blind,0.6583816
holdout,priors_blind,0.44285822
holdout,priors_blind,0.44285822
holdout,priors_blind,0.22906539
holdout,priors_blind,0.5859115
holdout,priors_blind,0.44285822
holdout,priors_blind,0.44285822
holdout,priors_blind,0.22906539
holdout,priors_blind,0.42859954
holdout,priors_blind,0.5859115
holdout,priors_blind,0.22906539
holdout,priors_blind,0.41902608
holdout,priors_blind,0.44285822
holdout,priors_blind,0.47285417
holdout,priors_blind,0.5859115
holdout,priors_blind,0.55677503
holdout,priors_blind,0.17706773
holdout,priors_blind,0.5859115
holdout,priors_blind,0.5859115
holdout,priors_blind,0.45739985
holdout,priors_blind,0.44285822
holdout,priors_blind,0.44285822
holdout,priors_blind,0.5859115
holdout,priors_blind,0.5859115
holdout,priors_blind,0.6583816
holdout,priors_blind,0.29727694
holdout,priors_blind,0.3279824
holdout,priors_blind,0.33655983
holdout,priors_blind,0.5859115
holdout,priors_blind,0.27118522
holdout,priors_blind,0.6583816
holdout,priors_blind,0.45886564
holdout,priors_blind,0.45739985
holdout,priors_blind,0.6583816
holdout,priors_blind,0.5859115
holdout,priors_blind,0.42859954
holdout,priors_blind,0.5508465
holdout,priors_blind,0.4735536
holdout,priors_blind,0.6583816
holdout,priors_blind,0.33655983
holdout,priors_blind,0.41902608
holdout,priors_blind,0.28387314
holdout,priors_blind,0.44285822
holdout,priors_blind,0.20027223
holdout,priors_blind,0.55677503
holdout,priors_blind,0.41902608
holdout,priors_blind,0.5859115
holdout,priors_blind,0.45886564
holdout,priors_blind,0.35809273
holdout,priors_blind,0.47285417
holdout,priors_blind,0.45886564
holdout,priors_blind,0.45739985
holdout,priors_blind,0.37781057
holdout,priors_blind,0.6583816
holdout,priors_blind,0.23942736
holdout,priors_blind,0.35809273
holdout,priors_blind,0.44285822
holdout,priors_blind,0.35809273
holdout,priors_blind,0.4735536
holdout,priors_blind,0.33655983
holdout,priors_blind,0.3279824
holdout,priors_blind,0.44285822
holdout,priors_blind,0.35809273
holdout,priors_blind,0.28387314
holdout,priors_blind,0.3542226
holdout,priors_blind,0.6583816
holdout,priors_blind,0.5800594
holdout,priors_blind,0.6583816
holdout,priors_blind,0.44165257
holdout,priors_blind,0.5859115
holdout,priors_blind,0.22906539
holdout,priors_blind,0.6583816
holdout,priors_blind,0.35809273
holdout,priors_blind,0.4735536
holdout,priors_blind,0.44165257
holdout,priors_blind,0.33655983
holdout,priors_blind,0.3200212
holdout,priors_blind,0.2080741
holdout,priors_blind,0.44285822
holdout,priors_blind,0.5859115
holdout,priors_blind,0.3200212
holdout,priors_blind,0.6583816
holdout,priors_blind,0.55677503
holdout,priors_blind,0.5859115
holdout,priors_blind,0.44285822
holdout,priors_blind,0.22906539
holdout,priors_blind,0.6583816
holdout,priors_blind,0.33655983
holdout,priors_blind,0.5859115
holdout,priors_blind,0.47285417
holdout,priors_blind,0.5859115
holdout,priors_blind,0.3279824
holdout,priors_blind,0.45739985
holdout,priors_blind,0.25140446
holdout,priors_blind,0.5800594
holdout,priors_blind,0.5859115
holdout,priors_blind,0.45886564
holdout,priors_blind,0.17706773
holdout,priors_blind,0.4735536
holdout,priors_blind,0.45739985
holdout,priors_blind,0.23942736
holdout,priors_blind,0.5859115
holdout,priors_blind,0.45739985
holdout,priors_blind,0.22906539
holdout,priors_blind,0.47285417
holdout,priors_blind,0.3279824
holdout,priors_blind,0.33655983
holdout,priors_blind,0.3200212
holdout,priors_blind,0.401967
holdout,priors_blind,0.4735536
holdout,priors_blind,0.2832921
holdout,priors_blind,0.33655983
holdout,priors_blind,0.20027223
holdout,priors_blind,0.41902608
holdout,priors_blind,0.3234904
holdout,priors_blind,0.3200212
holdout,priors_blind,0.45886564
holdout,priors_blind,0.5800594
holdout,priors_blind,0.35809273
holdout,priors_blind,0.3234904
holdout,priors_blind,0.5859115
holdout,priors_blind,0.4735536
holdout,priors_blind,0.4735536
holdout,priors_blind,0.4735536
holdout,priors_blind,0.44285822
holdout,priors_blind,0.55677503
holdout,priors_blind,0.44285822
holdout,priors_blind,0.42859954
holdout,priors_blind,0.5859115
holdout,priors_blind,0.4735536
holdout,priors_blind,0.41902608
holdout,priors_blind,0.5859115
holdout,priors_blind,0.5800594
holdout,priors_blind,0.3279824
holdout,priors_blind,0.4735536
holdout,priors_blind,0.47285417
holdout,priors_blind,0.44285822
holdout,priors_blind,0.4735536
holdout,priors_blind,0.5859115
holdout,priors_blind,0.44285822
holdout,priors_blind,0.5508465
holdout,priors_blind,0.41902608
holdout,priors_blind,0.3200212
holdout,priors_blind,0.45886564
holdout,priors_blind,0.35809273
holdout,priors_blind,0.35809273
holdout,priors_blind,0.5859115
holdout,priors_blind,0.6583816
holdout,priors_blind,0.28387314
holdout,priors_blind,0.5859115
holdout,priors_blind,0.5859115
holdout,priors_blind,0.41902608
holdout,priors_blind,0.6583816
holdout,priors_blind,0.47285417
holdout,priors_blind,0.5859115
holdout,priors_blind,0.44285822
holdout,priors_blind,0.4735536
holdout,priors_blind,0.23950182
holdout,priors_blind,0.41902608
holdout,priors_blind,0.27754742
holdout,priors_blind,0.35809273
holdout,priors_blind,0.41902608
holdout,priors_blind,0.17706773
holdout,priors_blind,0.6583816
holdout,priors_blind,0.4735536
holdout,priors_blind,0.50829464
holdout,priors_blind,0.6583816
holdout,priors_blind,0.2080741
holdout,priors_blind,0.35809273
holdout,priors_blind,0.33655983
holdout,priors_blind,0.4735536
holdout,priors_blind,0.20027223
holdout,priors_blind,0.4735536
holdout,priors_blind,0.47285417
holdout,priors_blind,0.5859115
holdout,priors_blind,0.44285822
holdout,priors_blind,0.36169246
holdout,priors_blind,0.41902608
holdout,priors_blind,0.41902608
holdout,priors_blind,0.5859115
holdout,priors_blind,0.6583816
holdout,priors_blind,0.47285417
holdout,priors_blind,0.27754742
holdout,priors_blind,0.38253716
holdout,priors_blind,0.4735536
holdout,priors_blind,0.2326663
holdout,priors_blind,0.47285417
holdout,priors_blind,0.5859115
holdout,priors_blind,0.35809273
holdout,priors_blind,0.4735536
holdout,priors_blind,0.5859115
holdout,priors_blind,0.5859115
holdout,priors_blind,0.401967
holdout,priors_blind,0.35809273
holdout,priors_blind,0.28329214
holdout,priors_blind,0.17706773
holdout,priors_blind,0.35809273
holdout,priors_blind,0.44285822
holdout,priors_blind,0.35809273
holdout,priors_blind,0.44285822
holdout,priors_blind,0.5800594
holdout,priors_blind,0.47355357
holdout,priors_blind,0.5859115
holdout,priors_blind,0.44285822
