feature_set,threshold,cost_per_capita
race_aware,0.0,7355.021598272138
race_aware,0.005,7355.021598272138
race_aware,0.01,7355.021598272138
race_aware,0.015,7355.021598272138
race_aware,0.02,7355.021598272138
race_aware,0.025,7355.021598272138
race_aware,0.03,7355.021598272138
race_aware,0.035,7355.021598272138
race_aware,0.04,7355.021598272138
race_aware,0.045,7355.021598272138
race_aware,0.05,7355.021598272138
race_aware,0.055,7355.021598272138
race_aware,0.06,7355.021598272138
race_aware,0.065,7355.021598272138
race_aware,0.07,7355.021598272138
race_aware,0.075,7355.021598272138
race_aware,0.08,7340.442764578834
race_aware,0.085,7340.442764578834
race_aware,0.09,7340.442764578834
race_aware,0.095,7362.0410367170625
race_aware,0.1,7362.0410367170625
race_aware,0.105,7340.172786177106
race_aware,0.11,7340.172786177106
race_aware,0.115,7288.336933045356
race_aware,0.12,7266.4686825054
race_aware,0.125,7244.330453563715
race_aware,0.13,7244.330453563715
race_aware,0.135,7229.751619870411
race_aware,0.14,7229.751619870411
race_aware,0.145,7221.922246220302
race_aware,0.15,7221.922246220302
race_aware,0.155,7095.572354211663
race_aware,0.16,7116.630669546436
race_aware,0.165,7116.630669546436
race_aware,0.17,7116.360691144709
race_aware,0.17500000000000002,7159.557235421166
race_aware,0.18,7159.557235421166
race_aware,0.185,7144.978401727862
race_aware,0.19,7071.0043196544275
race_aware,0.195,6895.518358531317
race_aware,0.2,6813.984881209503
race_aware,0.20500000000000002,6791.306695464363
race_aware,0.21,6784.017278617711
race_aware,0.215,6740.280777537797
race_aware,0.22,6754.589632829374
race_aware,0.225,6745.9503239740825
race_aware,0.23,6774.5680345572355
race_aware,0.23500000000000001,6686.015118790497
race_aware,0.24,6686.015118790497
race_aware,0.245,6525.377969762419
race_aware,0.25,6601.781857451404
race_aware,0.255,6838.012958963283
race_aware,0.26,6838.012958963283
race_aware,0.265,6845.0323974082075
race_aware,0.27,6837.473002159827
race_aware,0.275,6922.7861771058315
race_aware,0.28,6937.095032397408
race_aware,0.28500000000000003,6884.449244060475
race_aware,0.29,6890.928725701944
race_aware,0.295,6905.23758099352
race_aware,0.3,6923.326133909287
race_aware,0.305,6923.326133909287
race_aware,0.31,6966.5226781857455
race_aware,0.315,6991.360691144709
race_aware,0.32,7034.287257019439
race_aware,0.325,7026.997840172786
race_aware,0.33,7054.805615550756
race_aware,0.335,7068.844492440605
race_aware,0.34,7051.025917926566
race_aware,0.34500000000000003,7072.354211663067
race_aware,0.35000000000000003,7056.965442764579
race_aware,0.355,7184.935205183585
race_aware,0.36,7206.533477321815
race_aware,0.365,7199.244060475162
race_aware,0.37,7199.244060475162
race_aware,0.375,7198.974082073434
race_aware,0.38,7183.855291576674
race_aware,0.385,7205.453563714903
race_aware,0.39,7226.781857451404
race_aware,0.395,7505.129589632829
race_aware,0.4,7583.693304535637
race_aware,0.405,8091.252699784017
race_aware,0.41000000000000003,8054.535637149028
race_aware,0.41500000000000004,8219.222462203024
race_aware,0.42,8267.278617710583
race_aware,0.425,8259.98920086393
race_aware,0.43,8359.881209503239
race_aware,0.435,8388.498920086393
race_aware,0.44,8380.939524838013
race_aware,0.445,8402.537796976241
race_aware,0.45,8416.846652267819
race_aware,0.455,8451.94384449244
race_aware,0.46,8781.047516198703
race_aware,0.465,8773.758099352051
race_aware,0.47000000000000003,8773.488120950324
race_aware,0.47500000000000003,9288.606911447085
race_aware,0.48,9382.019438444924
race_aware,0.485,9618.790496760259
race_aware,0.49,9632.829373650107
race_aware,0.495,9681.425485961123
race_aware,0.5,9717.332613390929
race_aware,0.505,9738.66090712743
race_aware,0.51,9788.876889848812
race_aware,0.515,9839.092872570194
race_aware,0.52,9968.41252699784
race_aware,0.525,9946.544276457884
race_aware,0.53,10061.285097192225
race_aware,0.535,10075.593952483801
race_aware,0.54,10131.479481641469
race_aware,0.545,10153.077753779698
race_aware,0.55,10174.676025917926
race_aware,0.555,10446.274298056156
race_aware,0.56,10496.22030237581
race_aware,0.5650000000000001,10510.529157667386
race_aware,0.5700000000000001,10639.848812095033
race_aware,0.5750000000000001,10661.447084233261
race_aware,0.58,10762.149028077754
race_aware,0.585,10783.747300215982
race_aware,0.59,10869.600431965442
race_aware,0.595,10891.198704103672
race_aware,0.6,11120.950323974082
race_aware,0.605,11429.2656587473
race_aware,0.61,11450.863930885529
race_aware,0.615,11479.481641468683
race_aware,0.62,12032.127429805616
race_aware,0.625,12146.59827213823
race_aware,0.63,12225.701943844493
race_aware,0.635,12707.613390928725
race_aware,0.64,12765.118790496761
race_aware,0.645,12966.522678185745
race_aware,0.65,12958.963282937366
race_aware,0.655,13188.984881209502
race_aware,0.66,13188.984881209502
race_aware,0.665,13354.211663066955
race_aware,0.67,13346.922246220302
race_aware,0.675,13411.717062634989
race_aware,0.68,13440.334773218143
race_aware,0.685,13490.550755939525
race_aware,0.6900000000000001,13483.261339092873
race_aware,0.6950000000000001,13892.54859611231
race_aware,0.7000000000000001,14101.241900647949
race_aware,0.705,14424.676025917926
race_aware,0.71,14503.77969762419
race_aware,0.715,14899.298056155507
race_aware,0.72,14899.298056155507
race_aware,0.725,14949.51403887689
race_aware,0.73,14971.112311015118
race_aware,0.735,15222.732181425486
race_aware,0.74,15244.330453563714
race_aware,0.745,15395.518358531317
race_aware,0.75,15503.509719222462
race_aware,0.755,15841.522678185745
race_aware,0.76,15942.224622030237
race_aware,0.765,16337.742980561556
race_aware,0.77,16503.239740820733
race_aware,0.775,16539.14686825054
race_aware,0.78,16531.85745140389
race_aware,0.785,16675.75593952484
race_aware,0.79,16740.2807775378
race_aware,0.795,16776.187904967603
race_aware,0.8,17035.09719222462
race_aware,0.805,17056.695464362852
race_aware,0.81,17272.67818574514
race_aware,0.8150000000000001,17330.183585313174
race_aware,0.8200000000000001,17351.511879049674
race_aware,0.8250000000000001,17373.110151187906
race_aware,0.8300000000000001,17473.812095032397
race_aware,0.835,17560.205183585313
race_aware,0.84,17603.401727861772
race_aware,0.845,17653.617710583152
race_aware,0.85,17696.81425485961
race_aware,0.855,17768.628509719223
race_aware,0.86,17790.22678185745
race_aware,0.865,17818.844492440603
race_aware,0.87,17862.041036717063
race_aware,0.875,17876.34989200864
race_aware,0.88,17897.948164146866
race_aware,0.885,17933.855291576674
race_aware,0.89,18020.24838012959
race_aware,0.895,18041.846652267817
race_aware,0.9,18077.753779697625
race_aware,0.905,18099.352051835853
race_aware,0.91,18142.548596112312
race_aware,0.915,18164.14686825054
race_aware,0.92,18164.14686825054
race_aware,0.925,18185.745140388768
race_aware,0.93,18185.745140388768
race_aware,0.935,18185.745140388768
race_aware,0.9400000000000001,18207.343412527
race_aware,0.9450000000000001,18207.343412527
race_aware,0.9500000000000001,18207.343412527
race_aware,0.9550000000000001,18207.343412527
race_aware,0.96,18207.343412527
race_aware,0.965,18207.343412527
race_aware,0.97,18207.343412527
race_aware,0.975,18207.343412527
race_aware,0.98,18207.343412527
race_aware,0.985,18207.343412527
race_aware,0.99,18207.343412527
race_aware,0.995,18207.343412527
race_aware,1.0,18207.343412527
race_blind,0.0,7355.021598272138
race_blind,0.005,7355.021598272138
race_blind,0.01,7355.021598272138
race_blind,0.015,7355.021598272138
race_blind,0.02,7355.021598272138
race_blind,0.025,7355.021598272138
race_blind,0.03,7355.021598272138
race_blind,0.035,7355.021598272138
race_blind,0.04,7355.021598272138
race_blind,0.045,7355.021598272138
race_blind,0.05,7355.021598272138
race_blind,0.055,7355.021598272138
race_blind,0.06,7355.021598272138
race_blind,0.065,7355.021598272138
race_blind,0.07,7355.021598272138
race_blind,0.075,7355.021598272138
race_blind,0.08,7355.021598272138
race_blind,0.085,7355.021598272138
race_blind,0.09,7355.021598272138
race_blind,0.095,7355.021598272138
race_blind,0.1,7355.021598272138
race_blind,0.105,7355.021598272138
race_blind,0.11,7355.021598272138
race_blind,0.115,7302.915766738661
race_blind,0.12,7302.915766738661
race_blind,0.125,7302.915766738661
race_blind,0.13,7302.915766738661
race_blind,0.135,7302.915766738661
race_blind,0.14,7302.915766738661
race_blind,0.145,7287.526997840173
race_blind,0.15,7096.112311015118
race_blind,0.155,7096.112311015118
race_blind,0.16,7096.112311015118
race_blind,0.165,7096.112311015118
race_blind,0.17,7095.842332613391
race_blind,0.17500000000000002,7095.842332613391
race_blind,0.18,7095.842332613391
race_blind,0.185,7095.842332613391
race_blind,0.19,6792.92656587473
race_blind,0.195,6792.92656587473
race_blind,0.2,6792.92656587473
race_blind,0.20500000000000002,6792.92656587473
race_blind,0.21,6792.92656587473
race_blind,0.215,6792.116630669547
race_blind,0.22,6768.628509719222
race_blind,0.225,6768.628509719222
race_blind,0.23,6768.628509719222
race_blind,0.23500000000000001,6650.647948164147
race_blind,0.24,6650.647948164147
race_blind,0.245,6867.710583153348
race_blind,0.25,6867.710583153348
race_blind,0.255,6867.710583153348
race_blind,0.26,6867.710583153348
race_blind,0.265,6860.421166306695
race_blind,0.27,6842.602591792656
race_blind,0.275,6842.602591792656
race_blind,0.28,6892.278617710584
race_blind,0.28500000000000003,6892.278617710584
race_blind,0.29,6892.278617710584
race_blind,0.295,6892.278617710584
race_blind,0.3,6949.51403887689
race_blind,0.305,6949.51403887689
race_blind,0.31,6949.51403887689
race_blind,0.315,6949.51403887689
race_blind,0.32,6977.051835853132
race_blind,0.325,6977.051835853132
race_blind,0.33,7011.33909287257
race_blind,0.335,7011.33909287257
race_blind,0.34,7063.714902807776
race_blind,0.34500000000000003,7063.714902807776
race_blind,0.35000000000000003,7063.714902807776
race_blind,0.355,7063.714902807776
race_blind,0.36,7063.714902807776
race_blind,0.365,7063.444924406048
race_blind,0.37,7063.444924406048
race_blind,0.375,7099.352051835853
race_blind,0.38,7099.352051835853
race_blind,0.385,7205.993520518358
race_blind,0.39,7205.993520518358
race_blind,0.395,7626.889848812095
race_blind,0.4,7612.31101511879
race_blind,0.405,7959.50323974082
race_blind,0.41000000000000003,7944.924406047517
race_blind,0.41500000000000004,8216.792656587473
race_blind,0.42,8216.792656587473
race_blind,0.425,8216.792656587473
race_blind,0.43,8216.792656587473
race_blind,0.435,8216.792656587473
race_blind,0.44,8258.90928725702
race_blind,0.445,8294.816414686826
race_blind,0.45,8294.816414686826
race_blind,0.455,8294.816414686826
race_blind,0.46,9030.777537796976
race_blind,0.465,9130.939524838013
race_blind,0.47000000000000003,9130.939524838013
race_blind,0.47500000000000003,9310.205183585313
race_blind,0.48,9345.84233261339
race_blind,0.485,9508.639308855292
race_blind,0.49,9522.948164146868
race_blind,0.495,9522.948164146868
race_blind,0.5,9594.76241900648
race_blind,0.505,9594.76241900648
race_blind,0.51,9680.61555075594
race_blind,0.515,9766.738660907127
race_blind,0.52,9967.872570194384
race_blind,0.525,9967.872570194384
race_blind,0.53,10046.70626349892
race_blind,0.535,10046.70626349892
race_blind,0.54,10139.308855291576
race_blind,0.545,10396.3282937365
race_blind,0.55,10417.656587473002
race_blind,0.555,10439.254859611232
race_blind,0.56,10568.30453563715
race_blind,0.5650000000000001,10568.30453563715
race_blind,0.5700000000000001,10683.315334773219
race_blind,0.5750000000000001,10704.913606911447
race_blind,0.58,10704.913606911447
race_blind,0.585,10719.222462203024
race_blind,0.59,11020.788336933045
race_blind,0.595,11185.745140388768
race_blind,0.6,11185.745140388768
race_blind,0.605,11185.745140388768
race_blind,0.61,11780.777537796976
race_blind,0.615,11910.36717062635
race_blind,0.62,12003.77969762419
race_blind,0.625,12190.60475161987
race_blind,0.63,12571.004319654428
race_blind,0.635,12815.60475161987
race_blind,0.64,12858.5313174946
race_blind,0.645,12858.5313174946
race_blind,0.65,13059.935205183585
race_blind,0.655,13059.935205183585
race_blind,0.66,13268.088552915766
race_blind,0.665,13268.088552915766
race_blind,0.67,13289.416846652268
race_blind,0.675,13339.63282937365
race_blind,0.68,13361.23110151188
race_blind,0.685,13691.414686825054
race_blind,0.6900000000000001,13813.714902807775
race_blind,0.6950000000000001,13835.313174946004
race_blind,0.7000000000000001,14381.749460043196
race_blind,0.705,14381.749460043196
race_blind,0.71,14841.792656587473
race_blind,0.715,14841.792656587473
race_blind,0.72,14841.792656587473
race_blind,0.725,14863.390928725701
race_blind,0.73,15165.226781857451
race_blind,0.735,15208.423326133909
race_blind,0.74,15273.218142548596
race_blind,0.745,15338.012958963283
race_blind,0.75,15632.829373650107
race_blind,0.755,16093.142548596112
race_blind,0.76,16172.246220302375
race_blind,0.765,16395.24838012959
race_blind,0.77,16416.846652267817
race_blind,0.775,16460.043196544277
race_blind,0.78,16560.745140388768
race_blind,0.785,16567.764578833692
race_blind,0.79,16553.18574514039
race_blind,0.795,16883.909287257018
race_blind,0.8,16948.704103671706
race_blind,0.805,17207.883369330455
race_blind,0.81,17243.79049676026
race_blind,0.8150000000000001,17243.79049676026
race_blind,0.8200000000000001,17308.31533477322
race_blind,0.8250000000000001,17329.913606911447
race_blind,0.8300000000000001,17430.615550755938
race_blind,0.835,17495.410367170625
race_blind,0.84,17603.401727861772
race_blind,0.845,17668.19654427646
race_blind,0.85,17732.721382289415
race_blind,0.855,17790.22678185745
race_blind,0.86,17818.844492440603
race_blind,0.865,17818.844492440603
race_blind,0.87,17883.63930885529
race_blind,0.875,17876.34989200864
race_blind,0.88,17912.257019438446
race_blind,0.885,17912.257019438446
race_blind,0.89,17998.65010799136
race_blind,0.895,18085.043196544277
race_blind,0.9,18085.043196544277
race_blind,0.905,18099.352051835853
race_blind,0.91,18120.95032397408
race_blind,0.915,18164.14686825054
race_blind,0.92,18185.745140388768
race_blind,0.925,18185.745140388768
race_blind,0.93,18185.745140388768
race_blind,0.935,18185.745140388768
race_blind,0.9400000000000001,18207.343412527
race_blind,0.9450000000000001,18207.343412527
race_blind,0.9500000000000001,18207.343412527
race_blind,0.9550000000000001,18207.343412527
race_blind,0.96,18207.343412527
race_blind,0.965,18207.343412527
race_blind,0.97,18207.343412527
race_blind,0.975,18207.343412527
race_blind,0.98,18207.343412527
race_blind,0.985,18207.343412527
race_blind,0.99,18207.343412527
race_blind,0.995,18207.343412527
race_blind,1.0,18207.343412527
