feature_set,comparison,threshold,metric,delta,estimate,tost_lower,tost_upper,certified_fair,minimum_delta,verdict
race_aware,aa_vs_others,0.245,demographic_parity_difference,0.05,0.1880752841516186,0.16091441291582734,0.21520099923362834,False,0.21520099923362834,cannot certify fair
race_aware,aa_vs_others,0.245,fpr_difference,0.05,0.21430900514728654,0.17103755124701486,0.25618531588380106,False,0.25618531588380106,cannot certify fair
race_aware,aa_vs_others,0.245,fnr_difference,0.05,-0.09245720437174422,-0.12197223998397788,-0.062948648127537,False,0.12197223998397788,cannot certify fair
race_aware,aa_vs_others,0.245,equalized_odds_difference,0.05,0.21430900514728654,0.17103755124701486,0.25618531588380106,False,0.25618531588380106,cannot certify fair
race_aware,aa_vs_caucasian,0.245,demographic_parity_difference,0.05,0.156163267830329,0.12654256387753102,0.18492356948329092,False,0.18492356948329092,cannot certify fair
race_aware,aa_vs_caucasian,0.245,fpr_difference,0.05,0.17744235394089453,0.13158361359019163,0.22328909100513583,False,0.22328909100513583,cannot certify fair
race_aware,aa_vs_caucasian,0.245,fnr_difference,0.05,-0.06973144710054172,-0.10425973785417039,-0.038275755637771816,False,0.10425973785417039,cannot certify fair
race_aware,aa_vs_caucasian,0.245,equalized_odds_difference,0.05,0.17744235394089453,0.13158361359019163,0.22328909100513583,False,0.22328909100513583,cannot certify fair
race_blind,aa_vs_others,0.23500000000000001,demographic_parity_difference,0.05,0.14682937112502123,0.12156068730719471,0.1721991809355638,False,0.1721991809355638,cannot certify fair
race_blind,aa_vs_others,0.23500000000000001,fpr_difference,0.05,0.15768186396435546,0.11694060336564782,0.1963281214682296,False,0.1963281214682296,cannot certify fair
race_blind,aa_vs_others,0.23500000000000001,fnr_difference,0.05,-0.07739596128376047,-0.10671934894052257,-0.04975510122069478,False,0.10671934894052257,cannot certify fair
race_blind,aa_vs_others,0.23500000000000001,equalized_odds_difference,0.05,0.15773439492866845,0.11771903376474441,0.1963281214682296,False,0.1963281214682296,cannot certify fair
race_blind,aa_vs_caucasian,0.23500000000000001,demographic_parity_difference,0.05,0.156163267830329,0.12654256387753102,0.18492356948329092,False,0.18492356948329092,cannot certify fair
race_blind,aa_vs_caucasian,0.23500000000000001,fpr_difference,0.05,0.17744235394089453,0.13158361359019163,0.22328909100513583,False,0.22328909100513583,cannot certify fair
race_blind,aa_vs_caucasian,0.23500000000000001,fnr_difference,0.05,-0.06973144710054172,-0.10425973785417039,-0.038275755637771816,False,0.10425973785417039,cannot certify fair
race_blind,aa_vs_caucasian,0.23500000000000001,equalized_odds_difference,0.05,0.17744235394089453,0.13158361359019163,0.22328909100513583,False,0.22328909100513583,cannot certify fair
