stratum,n_protected,n_reference,flag_rate_protected,flag_rate_reference,odds_ratio,feature_set,threshold,selection_rate,comparison,reference_group,stratifier
0,252,400,0.7579365079365079,0.505,3.069144619379971,race_aware,0.245,0.8336933045356372,aa_vs_others,all other groups,priors_band
1,161,174,0.937888198757764,0.7988505747126436,3.802158273381295,race_aware,0.245,0.8336933045356372,aa_vs_others,all other groups,priors_band
2-3,169,168,0.9940828402366864,0.9821428571428571,3.0545454545454547,race_aware,0.245,0.8336933045356372,aa_vs_others,all other groups,priors_band
25 - 45,568,459,0.9401408450704225,0.8148148148148148,3.56951871657754,race_aware,0.245,0.8336933045356372,aa_vs_others,all other groups,age_band
Less than 25,240,182,1.0,0.9945054945054945,3.975206611570248,race_aware,0.245,0.8336933045356372,aa_vs_others,all other groups,age_band
Greater than 45,148,255,0.7432432432432432,0.4117647058823529,4.135338345864661,race_aware,0.245,0.8336933045356372,aa_vs_others,all other groups,age_band
Male,782,710,0.9667519181585678,0.8084507042253521,6.889305816135084,race_aware,0.245,0.8336933045356372,aa_vs_others,all other groups,sex
Female,174,186,0.735632183908046,0.46236559139784944,3.235591506572295,race_aware,0.245,0.8336933045356372,aa_vs_others,all other groups,sex
Misdemeanor,300,376,0.8633333333333333,0.598404255319149,4.239457994579946,race_aware,0.245,0.8336933045356372,aa_vs_others,all other groups,charge_degree
Felony,656,520,0.9527439024390244,0.8365384615384616,3.939562476826103,race_aware,0.245,0.8336933045356372,aa_vs_others,all other groups,charge_degree
0,252,270,0.7579365079365079,0.5481481481481482,2.581081081081081,race_aware,0.245,0.8336933045356372,aa_vs_caucasian,Caucasian,priors_band
1,161,128,0.937888198757764,0.8046875,3.6650485436893203,race_aware,0.245,0.8336933045356372,aa_vs_caucasian,Caucasian,priors_band
2-3,169,131,0.9940828402366864,0.9847328244274809,2.604651162790698,race_aware,0.245,0.8336933045356372,aa_vs_caucasian,Caucasian,priors_band
25 - 45,568,316,0.9401408450704225,0.879746835443038,2.146847228099873,race_aware,0.245,0.8336933045356372,aa_vs_caucasian,Caucasian,age_band
Greater than 45,148,208,0.7432432432432432,0.46634615384615385,3.312533912099837,race_aware,0.245,0.8336933045356372,aa_vs_caucasian,Caucasian,age_band
Female,174,139,0.735632183908046,0.4676258992805755,3.167892976588629,race_aware,0.245,0.8336933045356372,aa_vs_caucasian,Caucasian,sex
Male,782,506,0.9667519181585678,0.8517786561264822,5.059789398536498,race_aware,0.245,0.8336933045356372,aa_vs_caucasian,Caucasian,sex
Misdemeanor,300,262,0.8633333333333333,0.648854961832061,3.418651362984218,race_aware,0.245,0.8336933045356372,aa_vs_caucasian,Caucasian,charge_degree
Felony,656,383,0.9527439024390244,0.8511749347258486,3.5251335840094993,race_aware,0.245,0.8336933045356372,aa_vs_caucasian,Caucasian,charge_degree
0,252,400,0.7579365079365079,0.5825,2.2442130443959756,race_blind,0.23500000000000001,0.853671706263499,aa_vs_others,all other groups,priors_band
1,161,174,0.937888198757764,0.8275862068965517,3.1458333333333335,race_blind,0.23500000000000001,0.853671706263499,aa_vs_others,all other groups,priors_band
2-3,169,168,0.9940828402366864,0.9880952380952381,2.0240963855421685,race_blind,0.23500000000000001,0.853671706263499,aa_vs_others,all other groups,priors_band
25 - 45,568,459,0.9401408450704225,0.8845315904139434,2.050275282526804,race_blind,0.23500000000000001,0.853671706263499,aa_vs_others,all other groups,age_band
Greater than 45,148,255,0.7432432432432432,0.42745098039215684,3.877353935296958,race_blind,0.23500000000000001,0.853671706263499,aa_vs_others,all other groups,age_band
Male,782,710,0.9667519181585678,0.856338028169014,4.878036437246964,race_blind,0.23500000000000001,0.853671706263499,aa_vs_others,all other groups,sex
Female,174,186,0.735632183908046,0.478494623655914,3.0327308255984367,race_blind,0.23500000000000001,0.853671706263499,aa_vs_others,all other groups,sex
Misdemeanor,300,376,0.8633333333333333,0.6861702127659575,2.889204008319153,race_blind,0.23500000000000001,0.853671706263499,aa_vs_others,all other groups,charge_degree
Felony,656,520,0.9527439024390244,0.8442307692307692,3.719964729223308,race_blind,0.23500000000000001,0.853671706263499,aa_vs_others,all other groups,charge_degree
0,252,270,0.7579365079365079,0.5481481481481482,2.581081081081081,race_blind,0.23500000000000001,0.853671706263499,aa_vs_caucasian,Caucasian,priors_band
1,161,128,0.937888198757764,0.8046875,3.6650485436893203,race_blind,0.23500000000000001,0.853671706263499,aa_vs_caucasian,Caucasian,priors_band
2-3,169,131,0.9940828402366864,0.9847328244274809,2.604651162790698,race_blind,0.23500000000000001,0.853671706263499,aa_vs_caucasian,Caucasian,priors_band
25 - 45,568,316,0.9401408450704225,0.879746835443038,2.146847228099873,race_blind,0.23500000000000001,0.853671706263499,aa_vs_caucasian,Caucasian,age_band
Greater than 45,148,208,0.7432432432432432,0.46634615384615385,3.312533912099837,race_blind,0.23500000000000001,0.853671706263499,aa_vs_caucasian,Caucasian,age_band
Female,174,139,0.735632183908046,0.4676258992805755,3.167892976588629,race_blind,0.23500000000000001,0.853671706263499,aa_vs_caucasian,Caucasian,sex
Male,782,506,0.9667519181585678,0.8517786561264822,5.059789398536498,race_blind,0.23500000000000001,0.853671706263499,aa_vs_caucasian,Caucasian,sex
Misdemeanor,300,262,0.8633333333333333,0.648854961832061,3.418651362984218,race_blind,0.23500000000000001,0.853671706263499,aa_vs_caucasian,Caucasian,charge_degree
Felony,656,383,0.9527439024390244,0.8511749347258486,3.5251335840094993,race_blind,0.23500000000000001,0.853671706263499,aa_vs_caucasian,Caucasian,charge_degree
