defendant,term,value,contribution,intercept,archetype
59,Number_of_Priors,0.0,-0.08359263550427144,-0.20307424155774384,Low risk profile
59,Age_Above_FourtyFive,1.0,-0.4721924199519108,-0.20307424155774384,Low risk profile
59,Age_Below_TwentyFive,0.0,-0.14624377148012271,-0.20307424155774384,Low risk profile
59,African_American,1.0,0.025213152922075613,-0.20307424155774384,Low risk profile
59,Asian,0.0,0.003458549584237088,-0.20307424155774384,Low risk profile
59,Hispanic,0.0,0.02150407191753365,-0.20307424155774384,Low risk profile
59,Native_American,0.0,-0.0004311047557112643,-0.20307424155774384,Low risk profile
59,Other,0.0,0.0007366205962646434,-0.20307424155774384,Low risk profile
59,Female,1.0,-0.26814420793173677,-0.20307424155774384,Low risk profile
59,Misdemeanor,1.0,-0.17806919782374808,-0.20307424155774384,Low risk profile
59,log_priors,0.0,-0.7205084783904013,-0.20307424155774384,Low risk profile
59,priors_capped,0.0,0.006169767704545729,-0.20307424155774384,Low risk profile
59,no_priors,1.0,0.0418296713131566,-0.20307424155774384,Low risk profile
59,young_x_log_priors,0.0,-0.02522027473215837,-0.20307424155774384,Low risk profile
31,Number_of_Priors,4.0,0.01944472390180677,-0.20307424155774384,Borderline profile
31,Age_Above_FourtyFive,0.0,0.12252223141609347,-0.20307424155774384,Borderline profile
31,Age_Below_TwentyFive,0.0,-0.14624377148012271,-0.20307424155774384,Borderline profile
31,African_American,0.0,-0.02662921767448157,-0.20307424155774384,Borderline profile
31,Asian,0.0,0.003458549584237088,-0.20307424155774384,Borderline profile
31,Hispanic,0.0,0.02150407191753365,-0.20307424155774384,Borderline profile
31,Native_American,0.0,-0.0004311047557112643,-0.20307424155774384,Borderline profile
31,Other,0.0,0.0007366205962646434,-0.20307424155774384,Borderline profile
31,Female,1.0,-0.26814420793173677,-0.20307424155774384,Borderline profile
31,Misdemeanor,1.0,-0.17806919782374808,-0.20307424155774384,Borderline profile
31,log_priors,1.6094379124341003,0.4414150242505608,-0.20307424155774384,Borderline profile
31,priors_capped,4.0,-0.002759343345249095,-0.20307424155774384,Borderline profile
31,no_priors,0.0,-0.020762701417302878,-0.20307424155774384,Borderline profile
31,young_x_log_priors,0.0,-0.02522027473215837,-0.20307424155774384,Borderline profile
88,Number_of_Priors,8.0,0.122482083307885,-0.20307424155774384,High risk profile
88,Age_Above_FourtyFive,0.0,0.12252223141609347,-0.20307424155774384,High risk profile
88,Age_Below_TwentyFive,1.0,0.5367541666756936,-0.20307424155774384,High risk profile
88,African_American,0.0,-0.02662921767448157,-0.20307424155774384,High risk profile
88,Asian,0.0,0.003458549584237088,-0.20307424155774384,High risk profile
88,Hispanic,0.0,0.02150407191753365,-0.20307424155774384,High risk profile
88,Native_American,0.0,-0.0004311047557112643,-0.20307424155774384,High risk profile
88,Other,0.0,0.0007366205962646434,-0.20307424155774384,High risk profile
88,Female,0.0,0.06235022238640955,-0.20307424155774384,High risk profile
88,Misdemeanor,0.0,0.09725611878276291,-0.20307424155774384,High risk profile
88,log_priors,2.1972245773362196,0.8657638824527466,-0.20307424155774384,High risk profile
88,priors_capped,8.0,-0.011688454395043919,-0.20307424155774384,High risk profile
88,no_priors,0.0,-0.020762701417302878,-0.20307424155774384,High risk profile
88,young_x_log_priors,2.1972245773362196,0.3888006260494011,-0.20307424155774384,High risk profile
