feature,coefficient,std_error,p_value,odds_ratio,or_lower,or_upper,significant
log_priors,0.7795025602746829,0.3108323074523418,0.012148839372550166,2.1803873843875166,1.1856396671368497,4.0097251110674135,True
Age_Below_TwentyFive,0.6866277251778116,0.11865109347652904,7.167669340391373e-09,1.987003500318441,1.574717443510361,2.5072326000761413,True
Native_American,0.20598392215928216,0.7171298939981786,0.7739333314565189,1.2287334484558303,0.3013253074099798,5.010484848854593,False
young_x_log_priors,0.18479981521508126,0.13192719220690102,0.1612824946873218,1.2029775982102962,0.9288827769572778,1.5579523462973754,False
no_priors,0.09795104919362162,0.21570972788054676,0.6497659894796841,1.1029087955121992,0.7226485688076179,1.6832632952214424,False
African_American,0.05172012945629109,0.07596766066884279,0.49598683680217226,1.0530809749218848,0.9073983324796959,1.2221529399462965,False
Number_of_Priors,0.024131776981413455,0.02455891094092025,0.3258005134161741,1.0244253046706842,0.9762829722934064,1.0749416251564297,False
priors_capped,-0.012367384363879786,0.06172340032127053,0.8411929098764861,0.9877087774367155,0.8751648363234978,1.114725579153548,False
Other,-0.013432957807186454,0.15206669185650296,0.9296096555842056,0.9866568617400063,0.7323635779854881,1.3292465546913474,False
Hispanic,-0.2522009190544151,0.13152603811903266,0.055174690946250826,0.7770885904781627,0.6005032551182374,1.0056010059969416,False
Misdemeanor,-0.2755393265713024,0.07150965394232255,0.00011659522274602604,0.7591625762458039,0.6598810596554472,0.8733813597757936,True
Female,-0.3308381801023216,0.08741401649848905,0.00015387745851966686,0.7183213983313889,0.6052180309223467,0.8525615644900806,True
Age_Above_FourtyFive,-0.5947231524926206,0.09065358139798774,5.366602579855875e-11,0.551715285728435,0.4619027503655628,0.6589910024686063,True
Asian,-0.747347147959765,0.5427299141955976,0.16850765862697992,0.4736213349540791,0.16347777458976578,1.3721569766079194,False
const,-0.9486103754552865,0.21963554709908706,1.5672340325936013e-05,0.38727882185552703,0.25180806273427353,0.5956317848967377,True
