feature,coefficient,points_per_unit,base_points
log_priors,0.6567779332756376,-18.9506053460413,43.27567743032521
Age_Below_TwentyFive,0.2801730781005267,-8.084086207324523,43.27567743032521
Number_of_Priors,0.12108957374808602,-3.4939065509944425,43.27567743032521
young_x_log_priors,0.07531458323452696,-2.173119514781422,43.27567743032521
no_priors,0.029470272748296545,-0.8503323269522518,43.27567743032521
African_American,0.025911513607312538,-0.7476482436639339,43.27567743032521
Native_American,0.009435188269457065,-0.27224198652398857,43.27567743032521
Other,-0.00299769067226199,0.08649506933982952,43.27567743032521
priors_capped,-0.007256585220873295,0.20938079023884093,43.27567743032521
Asian,-0.050712291643394546,1.4632474333208028,43.27567743032521
Hispanic,-0.07047016079334309,2.0333390301440786,43.27567743032521
Female,-0.1293013959560044,3.7308496545149565,43.27567743032521
Misdemeanor,-0.13159908455265845,3.797146933392955,43.27567743032521
Age_Above_FourtyFive,-0.24052872791056207,6.940192058957974,43.27567743032521
