seed,auc,brier,mean_score
42,0.7341230232768664,0.20717238694561668,0.45163466858998347
43,0.7341230232768664,0.20717238694561668,0.45163466858998347
44,0.7341230232768664,0.20717238694561668,0.45163466858998347
45,0.7341230232768664,0.20717238694561668,0.45163466858998347
46,0.7341230232768664,0.20717238694561668,0.45163466858998347
47,0.7341230232768664,0.20717238694561668,0.45163466858998347
48,0.7341230232768664,0.20717238694561668,0.45163466858998347
49,0.7341230232768664,0.20717238694561668,0.45163466858998347
50,0.7341230232768664,0.20717238694561668,0.45163466858998347
51,0.7341230232768664,0.20717238694561668,0.45163466858998347
