attribute,group,n,auc,brier
race,African-American,956,0.7372303700609073,0.2075214460390668
race,Caucasian,645,0.6901491769547325,0.2108539239993028
race,Hispanic,141,0.687962962962963,0.21737437053556594
race,Other,97,0.7860040567951319,0.1698838818820981
sex,Female,360,0.7140684667635431,0.19438562269415485
sex,Male,1492,0.7280936834072452,0.21025766518323485
age_band,25 - 45,1027,0.7250386481155712,0.21071299313207328
age_band,Greater than 45,403,0.7295207538443751,0.17824115282285957
age_band,Less than 25,422,0.6690034709535988,0.22618443622992998
charge_degree,Felony,1176,0.7337845312667424,0.20864808325356227
charge_degree,Misdemeanor,676,0.7358106884057971,0.20460519928564033
