feature,contribution,feature_set,metric_value,share_of_explained
benchmark,0.5,race_aware,0.7637362637362638,
Number_of_Priors,0.15437376079577916,race_aware,0.7637362637362638,0.5810155698057431
Age_Above_FourtyFive,0.03715512316429753,race_aware,0.7637362637362638,0.1398405075138724
Age_Below_TwentyFive,0.01344161517818138,race_aware,0.7637362637362638,0.05059012400554351
African_American,0.031566762202411,race_aware,0.7637362637362638,0.11880762788579864
Asian,0.0019200164187058077,race_aware,0.7637362637362638,0.0072263539334674175
Hispanic,0.008728858515883448,race_aware,0.7637362637362638,0.03285275087046011
Native_American,0.0,race_aware,0.7637362637362638,0.0
Other,0.009837661246573436,race_aware,0.7637362637362638,0.037025944857916694
Female,0.007692547731866232,race_aware,0.7637362637362638,0.028952394374849862
Misdemeanor,-0.0009800815174340817,race_aware,0.7637362637362638,0.0036887267523485106
benchmark,0.5,race_blind,0.7585946163927815,
Number_of_Priors,0.17645932049601776,race_blind,0.7585946163927815,0.6823781676413259
Age_Above_FourtyFive,0.043452801021608325,race_blind,0.7585946163927815,0.16803443794671857
Age_Below_TwentyFive,0.01854269583627381,race_blind,0.7585946163927815,0.0717056530214425
Female,0.01410256410256409,race_blind,0.7585946163927815,0.05453541260558802
Misdemeanor,0.006037234936317475,race_blind,0.7585946163927815,0.02334632878492517
