band,g,n,predicted,observed,model
"(-0.001, 0.2]",African-American,51,0.17856204784313726,0.19607843137254902,TabPFN
"(-0.001, 0.2]",Caucasian,133,0.15961067518796992,0.13533834586466165,TabPFN
"(-0.001, 0.2]",Hispanic,24,0.15587221333333334,0.375,TabPFN
"(0.2, 0.4]",African-American,276,0.29641372561594204,0.3079710144927536,TabPFN
"(0.2, 0.4]",Caucasian,276,0.2949856114492754,0.3333333333333333,TabPFN
"(0.2, 0.4]",Hispanic,65,0.2765515809230769,0.26153846153846155,TabPFN
"(0.2, 0.4]",Other,44,0.28154716204545455,0.18181818181818182,TabPFN
"(0.4, 0.6]",African-American,244,0.5043001518852459,0.5163934426229508,TabPFN
"(0.4, 0.6]",Caucasian,152,0.5038125493421053,0.5,TabPFN
"(0.4, 0.6]",Hispanic,27,0.47319029370370375,0.5555555555555556,TabPFN
"(0.4, 0.6]",Other,27,0.4736877133333333,0.4074074074074074,TabPFN
"(0.6, 0.8]",African-American,305,0.698442778557377,0.7377049180327869,TabPFN
"(0.6, 0.8]",Caucasian,74,0.6927089920270271,0.6621621621621622,TabPFN
"(0.6, 0.8]",Hispanic,23,0.6746346617391304,0.7391304347826086,TabPFN
"(0.8, 1.0]",African-American,80,0.856534837375,0.8125,TabPFN
"(-0.001, 0.2]",African-American,414,0.0,0.3671497584541063,COMPAS tool
"(-0.001, 0.2]",Caucasian,433,0.0,0.27713625866050806,COMPAS tool
"(-0.001, 0.2]",Hispanic,101,0.0,0.3564356435643564,COMPAS tool
"(-0.001, 0.2]",Other,76,0.0,0.2236842105263158,COMPAS tool
"(0.8, 1.0]",African-American,542,1.0,0.6623616236162362,COMPAS tool
"(0.8, 1.0]",Caucasian,212,1.0,0.5660377358490566,COMPAS tool
"(0.8, 1.0]",Hispanic,40,1.0,0.6,COMPAS tool
"(0.8, 1.0]",Other,21,1.0,0.5714285714285714,COMPAS tool
