threshold,fpr_gap,fnr_gap,ppv_gap,selection_rate_gap,accuracy,feature_set
0.05,0.0,0.0,0.16242580519606886,0.0,0.46908182386008745,race_aware
0.06,0.0,0.0,0.16242580519606886,0.0,0.46908182386008745,race_aware
0.07,0.0,0.0,0.16242580519606886,0.0,0.46908182386008745,race_aware
0.08,0.0,0.0,0.16242580519606886,0.0,0.46908182386008745,race_aware
0.09,0.0,0.0,0.16242580519606886,0.0,0.46908182386008745,race_aware
0.09999999999999999,0.0,0.0,0.16242580519606886,0.0,0.46908182386008745,race_aware
0.10999999999999999,0.0,0.0,0.16242580519606886,0.0,0.46908182386008745,race_aware
0.12,0.030295464003329275,-0.0125,0.15821103842311113,0.024768901430378576,0.47845096814490945,race_aware
0.13,0.030295464003329275,-0.0125,0.15821103842311113,0.024768901430378576,0.47845096814490945,race_aware
0.13999999999999999,0.040172007213205796,-0.020833333333333332,0.15777956888409006,0.0340712270117739,0.4797001873828857,race_aware
0.14999999999999997,0.10031904563739769,-0.03137638617090672,0.1447543445612529,0.0769031169926373,0.4971892567145534,race_aware
0.15999999999999998,0.1077264530448051,-0.035543052837573384,0.14377673132587376,0.08310466738023414,0.49843847595252966,race_aware
0.16999999999999998,0.16337910944652512,-0.03383887801696021,0.12700971085401602,0.11865168174888907,0.5171767645221736,race_aware
0.18,0.16337910944652512,-0.03383887801696021,0.12700971085401602,0.11865168174888907,0.5171767645221736,race_aware
0.19,0.17369954223886808,-0.03188193085453359,0.12317542308467894,0.1248159320164769,0.5215490318550906,race_aware
0.19999999999999996,0.19181578582327652,-0.055430528375733853,0.11999741022099453,0.1528542700528689,0.5490318550905684,race_aware
0.20999999999999996,0.19181578582327652,-0.05347358121330724,0.11950359513274333,0.1518082449482664,0.5484072454715803,race_aware
0.21999999999999997,0.21403800804549866,-0.07847358121330725,0.11848969925749181,0.1750640589017548,0.5502810743285447,race_aware
0.22999999999999998,0.13538632265224027,-0.04716242661448142,0.13280149832170046,0.12171677856702678,0.5621486570893192,race_aware
0.24,0.22224996532112629,-0.12020547945205479,0.12027149321266967,0.20385002108267647,0.5746408494690818,race_aware
0.24999999999999994,0.23456790123456794,-0.1432485322896282,0.11912199048747435,0.2238558593623301,0.5865084322298564,race_aware
0.25999999999999995,0.21883756415591626,-0.13933463796477497,0.12295384932766779,0.2144416334209075,0.589631480324797,race_aware
0.26999999999999996,0.12670273269524202,-0.10802348336594914,0.14497926230416108,0.15481820245856448,0.6052467207995003,race_aware
0.27999999999999997,0.23781384380635312,-0.17885681669928244,0.113571088371556,0.2509422334663164,0.622735790131168,race_aware
0.29,0.22926896934387564,-0.17910958904109592,0.11594799694099656,0.24722519542019394,0.6258588382261087,race_aware
0.3,0.24452767374115686,-0.183529028049576,0.10815333130514149,0.2585449709707761,0.6296064959400375,race_aware
0.30999999999999994,0.18385351643778608,-0.16200260926288323,0.12477382992009989,0.2187960169958808,0.6396002498438476,race_aware
0.31999999999999995,0.2134831460674157,-0.18283594259621655,0.11428487231516637,0.2451526061431677,0.6439725171767645,race_aware
0.32999999999999996,0.19775280898876402,-0.18700260926288326,0.12187446699641824,0.23938081800784927,0.6477201748906933,race_aware
0.33999999999999997,0.18696074351505065,-0.17134703196347034,0.12079754601227,0.22679121663261004,0.6483447845096815,race_aware
0.3499999999999999,0.211652101539742,-0.20051369863013702,0.1154368932038835,0.2531478057798968,0.6502186133666459,race_aware
0.35999999999999993,0.21659037314468027,-0.1985567514677104,0.11155536294287327,0.2552025558690928,0.650843222985634,race_aware
0.36999999999999994,0.25989735053405466,-0.25076647097195043,0.0956476761299404,0.3036943336252473,0.660212367270456,race_aware
0.37999999999999995,0.20615896795672073,-0.25720808871493805,0.11587460815047013,0.27976711751159544,0.6720799500312304,race_aware
0.38999999999999996,0.21670134554029685,-0.2763372472276582,0.1128691983122363,0.29364600564367027,0.6727045596502186,race_aware
0.3999999999999999,0.21692329033153002,-0.27242335290280495,0.11051979197542505,0.292058317926762,0.6727045596502186,race_aware
0.4099999999999999,0.21242890830905814,-0.27046640574037834,0.11209183949748203,0.2889202426129545,0.6733291692692067,race_aware
0.41999999999999993,0.22230545151893472,-0.27463307240704504,0.10449773868304224,0.29667218059745065,0.6752029981261711,race_aware
0.42999999999999994,0.19128866694409769,-0.26636497064579256,0.11959406831570107,0.27455645292076164,0.6720799500312304,race_aware
0.43999999999999995,0.19128866694409769,-0.2705316373124592,0.12161402549260891,0.2761068405176608,0.6714553404122423,race_aware
0.4499999999999999,0.23079483978360385,-0.33107469015003266,0.1103986840243385,0.3231228309169342,0.6714553404122423,race_aware
0.4599999999999999,0.24380635316964905,-0.35411774298760607,0.10284791882854838,0.34064415685511334,0.6739537788881949,race_aware
0.4699999999999999,0.23570536828963792,-0.361252446183953,0.10745450012465718,0.3389072686581688,0.6739537788881949,race_aware
0.4799999999999999,0.19076154806491882,-0.3318982387475538,0.12373871481678178,0.30229638999708086,0.6770768269831355,race_aware
0.48999999999999994,0.19098349285615202,-0.3402315720808871,0.1267648552564754,0.305901527683176,0.6770768269831355,race_aware
0.49999999999999994,0.12356776251907337,-0.2918134377038487,0.1573401442616218,0.24728682170542637,0.6764522173641474,race_aware
0.5099999999999999,0.1386045221251214,-0.31681343770384873,0.14993710691823892,0.2663958353605138,0.6777014366021237,race_aware
0.5199999999999999,0.13411014010264946,-0.31706621004566216,0.15468876371014662,0.26376212253900294,0.6770768269831355,race_aware
0.5299999999999999,0.13230683867387985,-0.3092384213959557,0.14923651864179155,0.25954072200058387,0.6777014366021237,race_aware
0.5399999999999999,0.12847829102510752,-0.312206457925636,0.15270610446821897,0.25784113392364827,0.6758276077451593,race_aware
0.5499999999999999,0.14395894021362188,-0.31883561643835623,0.125,0.2701696344588239,0.6795752654590881,race_aware
0.5599999999999999,0.1538354834234984,-0.33550228310502284,0.1177083333333333,0.2825727352340177,0.6795752654590881,race_aware
0.57,0.1336107643223748,-0.3103147423352903,0.1271206595845885,0.2590185203204567,0.6752029981261711,race_aware
0.58,0.15402968511582743,-0.34415362035225056,0.10054813292223364,0.2842544841231228,0.6752029981261711,race_aware
0.59,0.13693993619087252,-0.31947162426614484,0.09454535102203498,0.2626804190587396,0.6714553404122423,race_aware
0.6,0.13940907199334165,-0.34251467710371825,0.11038961038961037,0.2724871071324316,0.6677076826983136,race_aware
0.61,0.13963101678457485,-0.353310502283105,0.12036944748994982,0.27605494469851777,0.6645846346033729,race_aware
0.62,0.12390067970592314,-0.33620352250489244,0.1356261467064791,0.258235217800266,0.6595877576514678,race_aware
0.63,0.11760299625468164,-0.3386660143509459,0.1375683961348908,0.2560685673510428,0.6608369768894441,race_aware
0.6399999999999999,0.07940074906367041,-0.28803816046966735,0.16396103896103897,0.21054782524082905,0.6533416614615865,race_aware
0.6499999999999999,0.09668469968095436,-0.30716731898238747,0.12586829674909694,0.22756478868671143,0.6520924422236103,race_aware
0.6599999999999999,0.08320155361353865,-0.2802756033920417,0.14091278017106823,0.2055609613700496,0.6433479075577764,race_aware
0.6699999999999999,0.08095436260230268,-0.2871575342465754,0.16644939965694683,0.20548636113003144,0.6383510306058713,race_aware
0.6799999999999999,0.09576917741711749,-0.3079908675799087,0.12242424242424244,0.22254062469592292,0.6389756402248594,race_aware
0.69,0.08003884033846581,-0.24341161121983035,0.11631205673758871,0.1806996205118225,0.622735790131168,race_aware
0.7,0.08003884033846581,-0.24341161121983035,0.11631205673758871,0.1806996205118225,0.622735790131168,race_aware
0.71,0.05778887501733943,-0.20427266797129806,0.12099473935915828,0.1498232298660439,0.617738913179263,race_aware
0.72,0.05554168400610348,-0.2023157208088715,0.12400386380101425,0.1477311796568389,0.617738913179263,race_aware
0.73,0.04677486475239284,-0.17712818003913888,0.1208791208791209,0.12991145275858712,0.6114928169893816,race_aware
0.74,0.040255236509918156,-0.1485322896281801,0.12320291173794362,0.10996237553112127,0.5996252342286071,race_aware
0.7499999999999999,0.03417949784990984,-0.15472113502935425,0.17004830917874392,0.10555447439265674,0.589631480324797,race_aware
0.7599999999999999,0.03417949784990984,-0.16526418786692754,0.22089552238805976,0.10915961207875191,0.5871330418488445,race_aware
0.7699999999999999,0.027437924816201973,-0.1420335942596217,0.24156545209176783,0.09292757289740845,0.5796377264209869,race_aware
0.7799999999999999,0.02765986960743515,-0.14866275277234187,0.28967551622418874,0.09494502286659531,0.5771392879450343,race_aware
0.7899999999999999,0.01889305035372451,-0.10756686236138291,0.2561576354679803,0.06929875774382926,0.5677701436602124,race_aware
0.7999999999999999,0.021362186156193647,-0.10636823222439662,0.3125,0.06817813239920859,0.5621486570893192,race_aware
0.8099999999999999,0.02158413094742683,-0.0848418134377038,0.2385620915032679,0.05717621874087769,0.5565271705184259,race_aware
0.82,0.019336939936190872,-0.08534735812133076,0.36507936507936506,0.05504686841166359,0.5534041224234854,race_aware
0.83,0.02224996532112637,-0.06773483365949129,0.038461538461538436,0.04819175505173365,0.5509056839475328,race_aware
0.84,0.013261201276182551,-0.05990704500978483,0.09090909090909094,0.03982355421491356,0.5509056839475328,race_aware
0.8499999999999999,0.013261201276182551,-0.060159817351598255,0.16666666666666674,0.03928189160260776,0.5490318550905684,race_aware
0.8599999999999999,0.00876681925371064,-0.05062785388127855,0.3484848484848485,0.031418053258084395,0.5452841973766396,race_aware
0.8699999999999999,0.00876681925371064,-0.04475701239399876,0.33333333333333337,0.028279977944276863,0.5434103685196752,race_aware
0.8799999999999999,0.011235955056179775,-0.034972276581865636,-0.19999999999999996,0.024600240018163536,0.5409119300437226,race_aware
0.8899999999999999,0.008988764044943821,-0.0332681017612525,,0.021966527196652718,0.5390381011867583,race_aware
0.8999999999999999,0.0044943820224719105,-0.025440313111546042,,0.015690376569037656,0.537788881948782,race_aware
0.9099999999999999,0.0044943820224719105,-0.013698630136986356,,0.009414225941422594,0.5340412242348532,race_aware
0.9199999999999999,0.0022471910112359553,-0.013698630136986356,,0.008368200836820083,0.5346658338538414,race_aware
0.9299999999999999,0.0,-0.00195694716242667,,0.0010460251046025104,0.5315427857589007,race_aware
0.94,0.0,-0.00195694716242667,,0.0010460251046025104,0.5315427857589007,race_aware
0.95,0.0,0.0,,0.0,0.5309181761399125,race_aware
0.05,0.0,0.0,0.16242580519606886,0.0,0.46908182386008745,race_blind
0.06,0.0,0.0,0.16242580519606886,0.0,0.46908182386008745,race_blind
0.07,0.0,0.0,0.16242580519606886,0.0,0.46908182386008745,race_blind
0.08,0.0,0.0,0.16242580519606886,0.0,0.46908182386008745,race_blind
0.09,0.0,0.0,0.16242580519606886,0.0,0.46908182386008745,race_blind
0.09999999999999999,0.0,0.0,0.16242580519606886,0.0,0.46908182386008745,race_blind
0.10999999999999999,0.0,0.0,0.16242580519606886,0.0,0.46908182386008745,race_blind
0.12,0.0,0.0,0.16242580519606886,0.0,0.46908182386008745,race_blind
0.13,0.030295464003329275,-0.0125,0.15821103842311113,0.024768901430378576,0.47845096814490945,race_blind
0.13999999999999999,0.030295464003329275,-0.0125,0.15821103842311113,0.024768901430378576,0.47845096814490945,race_blind
0.14999999999999997,0.03118324316826193,-0.018876386170906718,0.15955278338327317,0.02884110148876129,0.4815740162398501,race_blind
0.15999999999999998,0.08683589956998194,-0.025505544683626875,0.14671576325337088,0.0674888910512147,0.4990630855715178,race_blind
0.16999999999999998,0.09424330697738936,-0.02967221135029354,0.14573815001799173,0.07369044143881154,0.5003123048094941,race_blind
0.18,0.09424330697738936,-0.02967221135029354,0.14573815001799173,0.07369044143881154,0.5003123048094941,race_blind
0.19,0.09424330697738936,-0.02967221135029354,0.14573815001799173,0.07369044143881154,0.5003123048094941,race_blind
0.19999999999999996,0.16218615619364685,-0.034597195042400525,0.12447962903006826,0.1264976809055821,0.5446595877576514,race_blind
0.20999999999999996,0.17361631294215563,-0.05126386170906719,0.12405431871950634,0.1424313191268528,0.5534041224234854,race_blind
0.21999999999999997,0.17608544874462484,-0.05347358121330724,0.12381985089186176,0.14448606921604878,0.5527795128044972,race_blind
0.22999999999999998,0.17608544874462484,-0.05347358121330724,0.12381985089186176,0.14448606921604878,0.5527795128044972,race_blind
0.24,0.2065473713413788,-0.09937214611872147,0.12137245758151877,0.18477830754759828,0.5690193628981887,race_blind
0.24999999999999994,0.21212373422111253,-0.11824853228962817,0.12140419972561867,0.200095682916545,0.5833853841349157,race_blind
0.25999999999999995,0.22716049382716053,-0.13295825179386825,0.11927238460632372,0.21505789627323146,0.5852592129918801,race_blind
0.26999999999999996,0.21253988070467478,-0.1395874103065884,0.12457071677202292,0.21177062047938766,0.5921299188007495,race_blind
0.27999999999999997,0.19941739492301297,-0.15827625570776255,0.12531194295900172,0.22036424378061048,0.6202373516552155,race_blind
0.29,0.19941739492301297,-0.15827625570776255,0.12531194295900172,0.22036424378061048,0.6202373516552155,race_blind
0.3,0.2270217783326397,-0.17102902804957598,0.11427172708768135,0.24253673250948715,0.6258588382261087,race_blind
0.30999999999999994,0.22114024136496052,-0.17841650358773647,0.11295773736851045,0.245301806623204,0.636477201748907,race_blind
0.31999999999999995,0.22022471910112362,-0.17109425962165686,0.10853473458154905,0.24201453082936009,0.6383510306058713,race_blind
0.32999999999999996,0.22022471910112362,-0.17109425962165686,0.10853473458154905,0.24201453082936009,0.6383510306058713,race_blind
0.33999999999999997,0.20516021639617144,-0.17968036529680365,0.11602243815712843,0.2387645551555253,0.6433479075577764,race_blind
0.3499999999999999,0.19436815092245802,-0.18384703196347035,0.12062499999999998,0.23609354221400536,0.6483447845096815,race_blind
0.35999999999999993,0.19683728672492717,-0.1860567514677104,0.12003671012497641,0.23814829230320128,0.6477201748906933,race_blind
0.36999999999999994,0.1974476349008184,-0.2206539465101109,0.1192215671195419,0.25735136713048556,0.6633354153653966,race_blind
0.37999999999999995,0.19877930364821744,-0.23119699934768428,0.1181695017311456,0.263982679770361,0.6683322923173017,race_blind
0.38999999999999996,0.19381328894437505,-0.23858447488584478,0.11880011880011876,0.26476760403489996,0.6708307307932542,race_blind
0.3999999999999999,0.19403523373560827,-0.2388372472276582,0.11844996256244711,0.2647303039148909,0.670206121174266,race_blind
0.4099999999999999,0.1967263143293106,-0.2388372472276582,0.11524951212712575,0.26678505400408686,0.6720799500312304,race_blind
0.41999999999999993,0.19264807879040086,-0.26806914546640576,0.12336164871413136,0.2751727157730855,0.6689569019362899,race_blind
0.42999999999999994,0.19128866694409769,-0.26636497064579256,0.11959406831570107,0.27455645292076164,0.6720799500312304,race_blind
0.43999999999999995,0.19128866694409769,-0.2685746901500326,0.12105855855855852,0.2750608154130582,0.6708307307932542,race_blind
0.4499999999999999,0.19128866694409769,-0.2685746901500326,0.12105855855855852,0.2750608154130582,0.6708307307932542,race_blind
0.4599999999999999,0.19667082813150227,-0.2656718851924331,0.11583951015146632,0.2749116149330219,0.6658338538413492,race_blind
0.4699999999999999,0.17347759744763488,-0.28171069797782133,0.1253133630762694,0.26800136226525256,0.6664584634603373,race_blind
0.4799999999999999,0.14154529060896098,-0.2890981735159817,0.14054180060363652,0.25623398527456126,0.6764522173641474,race_blind
0.48999999999999994,0.13255652656401717,-0.29130789302022175,0.14841002618780397,0.252554247348448,0.6777014366021237,race_blind
0.49999999999999994,0.13300041614648359,-0.297937051532942,0.1505847193347194,0.25507605980993153,0.6764522173641474,race_blind
0.5099999999999999,0.13119711471771398,-0.31068982387475536,0.15775401069518713,0.25914825986831436,0.6758276077451593,race_blind
0.5199999999999999,0.13119711471771398,-0.31068982387475536,0.15775401069518713,0.25914825986831436,0.6758276077451593,race_blind
0.5299999999999999,0.1132195866278263,-0.3055772994129159,0.17355610382490017,0.24601699588076933,0.6733291692692067,race_blind
0.5399999999999999,0.11613261201276184,-0.30778701891715593,0.16783029001074112,0.24908047095455874,0.6752029981261711,race_blind
0.5499999999999999,0.1210708836177001,-0.3002120026092629,0.1594444444444445,0.24745548311764132,0.6720799500312304,race_blind
0.5599999999999999,0.11316410043001802,-0.284116112198304,0.1327250680819766,0.2371265933638221,0.6770768269831355,race_blind
0.57,0.11316410043001802,-0.284116112198304,0.1327250680819766,0.2371265933638221,0.6770768269831355,race_blind
0.58,0.11854626161742265,-0.2868313763861709,0.1219334362669412,0.24065713080989914,0.6758276077451593,race_blind
0.59,0.12123734221112499,-0.2875896934116113,0.1187364579769643,0.24108689306217765,0.6720799500312304,race_blind
0.6,0.11224857816618115,-0.2778049575994782,0.12325537973206369,0.2316726671207551,0.6714553404122423,race_blind
0.61,0.09898737688999862,-0.2670743639921722,0.13626260015507885,0.21745807790859847,0.665209244222361,race_blind
0.62,0.08838951310861425,-0.26695205479452055,0.1264086232239099,0.20752165028704875,0.655840099937539,race_blind
0.63,0.08838951310861425,-0.26695205479452055,0.1264086232239099,0.20752165028704875,0.655840099937539,race_blind
0.6399999999999999,0.08389513108614231,-0.2733284409654272,0.1398290742934507,0.20748435016703964,0.6552154903185509,race_blind
0.6499999999999999,0.08095436260230268,-0.261904761904762,0.12394705174488574,0.19672569816094193,0.6439725171767645,race_blind
0.6599999999999999,0.07870717159106672,-0.26632420091324205,0.13679838912660458,0.19668839804093283,0.6420986883198001,race_blind
0.6699999999999999,0.07645998057983078,-0.258749184605349,0.14113936526710036,0.1909166099056145,0.6383510306058713,race_blind
0.6799999999999999,0.07645998057983078,-0.25679223744292234,0.14035087719298245,0.18987058480101193,0.6377264209868831,race_blind
0.69,0.07263143293105839,-0.22207273320287013,0.11353395558416479,0.1693798449612403,0.6277326670830731,race_blind
0.7,0.07038424191982244,-0.22308382257012394,0.13677536231884058,0.1661671694074146,0.6208619612742037,race_blind
0.71,0.0690248300735192,-0.21014350945857796,0.10480901978831103,0.158191430702864,0.6164896939412867,race_blind
0.72,0.04880011097239561,-0.1749184605348989,0.12247857613711266,0.1299487528785962,0.6108682073703935,race_blind
0.73,0.04880011097239561,-0.16930039138943243,0.125,0.12626901495248288,0.6071205496564647,race_blind
0.74,0.04003329171868497,-0.14827951728636668,0.13057432432432436,0.10999967565113035,0.6002498438475953,race_blind
0.7499999999999999,0.03395755305867665,-0.13363502935420746,0.11884057971014494,0.09783983652816969,0.5933791380387258,race_blind
0.7599999999999999,0.03395755305867665,-0.1316780821917808,0.11751824817518253,0.09679381142356719,0.5927545284197376,race_blind
0.7699999999999999,0.020696351782494102,-0.11829745596868879,0.2269230769230769,0.0777788589406766,0.5758900687070581,race_blind
0.7799999999999999,0.020696351782494102,-0.112426614481409,0.22178217821782176,0.07464078362686906,0.5740162398500936,race_blind
0.7899999999999999,0.018671105562491335,-0.10560991519895635,0.2827586206896552,0.06774837014693004,0.565896314803248,race_blind
0.7999999999999999,0.01889305035372451,-0.09582517938682322,0.24338624338624337,0.0630226071162142,0.5640224859462836,race_blind
0.8099999999999999,0.01686780413372174,-0.08288486627527725,0.303030303030303,0.05353378093477344,0.5559025608994379,race_blind
0.82,0.019558884727424054,-0.08313763861709067,0.23809523809523814,0.05504686841166359,0.5559025608994379,race_blind
0.83,0.015064502704952142,-0.06773483365949129,0.303921568627451,0.044044954753332685,0.5502810743285447,race_blind
0.84,0.008322929671244279,-0.05795009784735816,0.33720930232558144,0.0356767539165126,0.5490318550905684,race_blind
0.8499999999999999,0.006075738660008323,-0.050122309197651704,0.3421052631578947,0.03044662839350005,0.547158026233604,race_blind
0.8599999999999999,0.00876681925371064,-0.04059034572733211,0.16666666666666674,0.026729590347377638,0.5440349781386633,race_blind
0.8699999999999999,0.00876681925371064,-0.03667645140247888,0.15476190476190477,0.02463754013817262,0.542785758900687,race_blind
0.8799999999999999,0.006519628242474686,-0.031058382257012407,0.31818181818181823,0.01991177710745678,0.5396627108057465,race_blind
0.8899999999999999,0.0020252462200027748,-0.02518754076973262,0.38235294117647056,0.01468165158444423,0.5390381011867583,race_blind
0.8999999999999999,0.0044943820224719105,-0.015402804957599492,-0.16666666666666663,0.0110019136583309,0.5365396627108058,race_blind
0.9099999999999999,0.0044943820224719105,-0.015655577299412915,,0.010460251046025104,0.5346658338538414,race_blind
0.9199999999999999,0.0,-0.007827788649706457,,0.0041841004184100415,0.5334166146158651,race_blind
0.9299999999999999,0.0,-0.00195694716242667,,0.0010460251046025104,0.5315427857589007,race_blind
0.94,0.0,0.0,,0.0,0.5309181761399125,race_blind
0.95,0.0,0.0,,0.0,0.5309181761399125,race_blind
