run,design,feature_set,model,n,base_rate,auc,brier,ece,auc_ci_low,auc_ci_high,operating_point,threshold,accuracy,precision,recall,f1,specificity,balanced_accuracy,type_i_error,type_ii_error,power,selection_rate,cost_per_defendant,tp,fp,tn,fn
holdout,holdout,race_aware,TabPFN,1852,0.45518358531317493,0.735756601029642,0.20669053307350646,0.01821260177645785,0.7129026667650199,0.7577420655838731,0.5,0.5,0.6819654427645788,0.6829971181556196,0.5622775800711743,0.6167859466493169,0.7819623389494549,0.6721199595103147,0.2180376610505451,0.4377224199288256,0.5622775800711743,0.3747300215982721,9573.434125269978,474,220,789,369
holdout,holdout,race_aware,TabPFN,1852,0.45518358531317493,0.735756601029642,0.20669053307350646,0.01821260177645785,0.7129026667650199,0.7577420655838731,break_even,0.2523364485981308,0.588012958963283,0.5282087447108603,0.8884934756820878,0.6625386996904024,0.33696729435084244,0.6127303850164652,0.6630327056491576,0.11150652431791222,0.8884934756820878,0.765658747300216,6906.857451403887,749,669,340,94
holdout,holdout,race_aware,COMPAS tool,1852,0.45518358531317493,0.6574853601101358,0.3385529157667387,0.3385529157667386,0.6356724335026777,0.6790165191083695,0.5,0.5,0.6614470842332614,0.6320293398533008,0.6132858837485172,0.6225165562913907,0.7016848364717542,0.6574853601101357,0.2983151635282458,0.3867141162514828,0.6132858837485172,0.44168466522678185,9235.151187904967,517,301,708,326
holdout,holdout,race_aware,COMPAS tool,1852,0.45518358531317493,0.6574853601101358,0.3385529157667387,0.3385529157667386,0.6356724335026777,0.6790165191083695,break_even,0.2523364485981308,0.6614470842332614,0.6320293398533008,0.6132858837485172,0.6225165562913907,0.7016848364717542,0.6574853601101357,0.2983151635282458,0.3867141162514828,0.6132858837485172,0.44168466522678185,9235.151187904967,517,301,708,326
holdout,holdout,race_blind,TabPFN,1852,0.45518358531317493,0.7343446349403411,0.20661739112970062,0.015375985631749446,0.7114325068870523,0.7569256142710734,0.5,0.5,0.683585313174946,0.6854256854256854,0.5634638196915777,0.6184895833333333,0.7839444995044599,0.6737041595980188,0.21605550049554015,0.4365361803084223,0.5634638196915777,0.3741900647948164,9537.257019438444,475,218,791,368
holdout,holdout,race_blind,TabPFN,1852,0.45518358531317493,0.7343446349403411,0.20661739112970062,0.015375985631749446,0.7114325068870523,0.7569256142710734,break_even,0.2523364485981308,0.5836933045356372,0.5251748251748252,0.8908659549228944,0.6608007039155301,0.3270564915758176,0.608961223249356,0.6729435084241824,0.10913404507710557,0.8908659549228944,0.7721382289416847,6936.555075593952,751,679,330,92
holdout,holdout,race_blind,COMPAS tool,1852,0.45518358531317493,0.6574853601101358,0.3385529157667387,0.3385529157667386,0.6356724335026777,0.6790165191083695,0.5,0.5,0.6614470842332614,0.6320293398533008,0.6132858837485172,0.6225165562913907,0.7016848364717542,0.6574853601101357,0.2983151635282458,0.3867141162514828,0.6132858837485172,0.44168466522678185,9235.151187904967,517,301,708,326
holdout,holdout,race_blind,COMPAS tool,1852,0.45518358531317493,0.6574853601101358,0.3385529157667387,0.3385529157667386,0.6356724335026777,0.6790165191083695,break_even,0.2523364485981308,0.6614470842332614,0.6320293398533008,0.6132858837485172,0.6225165562913907,0.7016848364717542,0.6574853601101357,0.2983151635282458,0.3867141162514828,0.6132858837485172,0.44168466522678185,9235.151187904967,517,301,708,326
holdout,holdout,sex_blind,TabPFN,1852,0.45518358531317493,0.7338590879004734,0.2067714205312135,0.0178196426889849,0.7111663602524111,0.7562424840359113,0.5,0.5,0.6819654427645788,0.6793785310734464,0.5705812574139977,0.6202450032237267,0.7750247770069376,0.6728030172104676,0.22497522299306244,0.4294187425860024,0.5705812574139977,0.38228941684665224,9473.272138228942,481,227,782,362
holdout,holdout,sex_blind,TabPFN,1852,0.45518358531317493,0.7338590879004734,0.2067714205312135,0.0178196426889849,0.7111663602524111,0.7562424840359113,break_even,0.2523364485981308,0.5755939524838013,0.5195876288659794,0.896797153024911,0.6579634464751958,0.3072348860257681,0.6020160195253396,0.6927651139742319,0.10320284697508897,0.896797153024911,0.7856371490280778,6974.352051835853,756,699,310,87
holdout,holdout,sex_blind,COMPAS tool,1852,0.45518358531317493,0.6574853601101358,0.3385529157667387,0.3385529157667386,0.6356724335026777,0.6790165191083695,0.5,0.5,0.6614470842332614,0.6320293398533008,0.6132858837485172,0.6225165562913907,0.7016848364717542,0.6574853601101357,0.2983151635282458,0.3867141162514828,0.6132858837485172,0.44168466522678185,9235.151187904967,517,301,708,326
holdout,holdout,sex_blind,COMPAS tool,1852,0.45518358531317493,0.6574853601101358,0.3385529157667387,0.3385529157667386,0.6356724335026777,0.6790165191083695,break_even,0.2523364485981308,0.6614470842332614,0.6320293398533008,0.6132858837485172,0.6225165562913907,0.7016848364717542,0.6574853601101357,0.2983151635282458,0.3867141162514828,0.6132858837485172,0.44168466522678185,9235.151187904967,517,301,708,326
holdout,holdout,age_blind,TabPFN,1852,0.45518358531317493,0.6940218931161657,0.21979175245708468,0.03013372048056155,0.670461523377149,0.7171159124141367,0.5,0.5,0.6457883369330454,0.6458658346333853,0.49110320284697506,0.5579514824797844,0.7750247770069376,0.6330639899269563,0.22497522299306244,0.5088967971530249,0.49110320284697506,0.3461123110151188,10920.356371490281,414,227,782,429
holdout,holdout,age_blind,TabPFN,1852,0.45518358531317493,0.6940218931161657,0.21979175245708468,0.03013372048056155,0.670461523377149,0.7171159124141367,break_even,0.2523364485981308,0.5426565874730022,0.49871959026888607,0.9240806642941874,0.6478170478170479,0.22398414271555997,0.5740324035048737,0.77601585728444,0.07591933570581258,0.9240806642941874,0.8434125269978402,7089.902807775378,779,783,226,64
holdout,holdout,age_blind,COMPAS tool,1852,0.45518358531317493,0.6574853601101358,0.3385529157667387,0.3385529157667386,0.6356724335026777,0.6790165191083695,0.5,0.5,0.6614470842332614,0.6320293398533008,0.6132858837485172,0.6225165562913907,0.7016848364717542,0.6574853601101357,0.2983151635282458,0.3867141162514828,0.6132858837485172,0.44168466522678185,9235.151187904967,517,301,708,326
holdout,holdout,age_blind,COMPAS tool,1852,0.45518358531317493,0.6574853601101358,0.3385529157667387,0.3385529157667386,0.6356724335026777,0.6790165191083695,break_even,0.2523364485981308,0.6614470842332614,0.6320293398533008,0.6132858837485172,0.6225165562913907,0.7016848364717542,0.6574853601101357,0.2983151635282458,0.3867141162514828,0.6132858837485172,0.44168466522678185,9235.151187904967,517,301,708,326
holdout,holdout,protected_blind,TabPFN,1852,0.45518358531317493,0.6831423475787897,0.22167538238701,0.02390617860691149,0.6586865508798706,0.7068571420542376,0.5,0.5,0.6474082073434125,0.6583333333333333,0.46856465005931197,0.5474705474705475,0.796828543111992,0.632696596585652,0.20317145688800792,0.531435349940688,0.46856465005931197,0.32397408207343414,11170.356371490281,395,205,804,448
holdout,holdout,protected_blind,TabPFN,1852,0.45518358531317493,0.6831423475787897,0.22167538238701,0.02390617860691149,0.6586865508798706,0.7068571420542376,break_even,0.2523364485981308,0.525377969762419,0.48838709677419356,0.8979833926453143,0.632678646050982,0.21407333994053518,0.5560283662929247,0.7859266600594648,0.10201660735468565,0.8979833926453143,0.8369330453563715,7637.9589632829375,757,793,216,86
holdout,holdout,protected_blind,COMPAS tool,1852,0.45518358531317493,0.6574853601101358,0.3385529157667387,0.3385529157667386,0.6356724335026777,0.6790165191083695,0.5,0.5,0.6614470842332614,0.6320293398533008,0.6132858837485172,0.6225165562913907,0.7016848364717542,0.6574853601101357,0.2983151635282458,0.3867141162514828,0.6132858837485172,0.44168466522678185,9235.151187904967,517,301,708,326
holdout,holdout,protected_blind,COMPAS tool,1852,0.45518358531317493,0.6574853601101358,0.3385529157667387,0.3385529157667386,0.6356724335026777,0.6790165191083695,break_even,0.2523364485981308,0.6614470842332614,0.6320293398533008,0.6132858837485172,0.6225165562913907,0.7016848364717542,0.6574853601101357,0.2983151635282458,0.3867141162514828,0.6132858837485172,0.44168466522678185,9235.151187904967,517,301,708,326
X1+X2_to_X3,partition,race_aware,TabPFN,1235,0.45587044534412957,0.7131795546815529,0.21470426039991897,0.03349547073846154,0.6852225756542345,0.7414299889433029,0.5,0.5,0.6639676113360324,0.6504065040650406,0.5683836589698046,0.6066350710900474,0.7440476190476191,0.6562156390087118,0.25595238095238093,0.43161634103019536,0.5683836589698046,0.39838056680161943,9750.607287449393,320,172,500,243
X1+X2_to_X3,partition,race_aware,TabPFN,1235,0.45587044534412957,0.7131795546815529,0.21470426039991897,0.03349547073846154,0.6852225756542345,0.7414299889433029,break_even,0.2523364485981308,0.5676113360323887,0.5147507629704985,0.8987566607460036,0.6545924967658474,0.29017857142857145,0.5944676160872875,0.7098214285714286,0.10124333925399645,0.8987566607460036,0.7959514170040486,7060.323886639676,506,477,195,57
X1+X2_to_X3,partition,race_aware,COMPAS tool,1235,0.45587044534412957,0.6655301108009811,0.3327935222672065,0.3327935222672065,0.6379200808718685,0.6915931235918518,0.5,0.5,0.6672064777327935,0.6319444444444444,0.6465364120781527,0.6391571553994732,0.6845238095238095,0.6655301108009811,0.31547619047619047,0.35346358792184723,0.6465364120781527,0.46639676113360323,8762.753036437247,364,212,460,199
X1+X2_to_X3,partition,race_aware,COMPAS tool,1235,0.45587044534412957,0.6655301108009811,0.3327935222672065,0.3327935222672065,0.6379200808718685,0.6915931235918518,break_even,0.2523364485981308,0.6672064777327935,0.6319444444444444,0.6465364120781527,0.6391571553994732,0.6845238095238095,0.6655301108009811,0.31547619047619047,0.35346358792184723,0.6465364120781527,0.46639676113360323,8762.753036437247,364,212,460,199
X1_to_X3,partition,race_aware,TabPFN,1235,0.45587044534412957,0.7118632643998986,0.21538009957102808,0.03465703775708502,0.6832911130159731,0.7397332952581256,0.5,0.5,0.6647773279352227,0.6492985971943888,0.5754884547069272,0.6101694915254238,0.7395833333333334,0.6575358940201304,0.2604166666666667,0.42451154529307283,0.5754884547069272,0.4040485829959514,9653.846153846154,324,175,497,239
X1_to_X3,partition,race_aware,TabPFN,1235,0.45587044534412957,0.7118632643998986,0.21538009957102808,0.03465703775708502,0.6832911130159731,0.7397332952581256,break_even,0.2523364485981308,0.5935222672064777,0.5331882480957563,0.8703374777975134,0.6612685560053981,0.36160714285714285,0.6159723103273281,0.6383928571428571,0.12966252220248667,0.8703374777975134,0.7441295546558705,7053.846153846154,490,429,243,73
X1_to_X3,partition,race_aware,COMPAS tool,1235,0.45587044534412957,0.6655301108009811,0.3327935222672065,0.3327935222672065,0.6379200808718685,0.6915931235918518,0.5,0.5,0.6672064777327935,0.6319444444444444,0.6465364120781527,0.6391571553994732,0.6845238095238095,0.6655301108009811,0.31547619047619047,0.35346358792184723,0.6465364120781527,0.46639676113360323,8762.753036437247,364,212,460,199
X1_to_X3,partition,race_aware,COMPAS tool,1235,0.45587044534412957,0.6655301108009811,0.3327935222672065,0.3327935222672065,0.6379200808718685,0.6915931235918518,break_even,0.2523364485981308,0.6672064777327935,0.6319444444444444,0.6465364120781527,0.6391571553994732,0.6845238095238095,0.6655301108009811,0.31547619047619047,0.35346358792184723,0.6465364120781527,0.46639676113360323,8762.753036437247,364,212,460,199
X2_to_X3,partition,race_aware,TabPFN,1235,0.45587044534412957,0.7139196375708365,0.21453380669145475,0.029785955327935258,0.6852432389909296,0.7423290319487694,0.5,0.5,0.665587044534413,0.6637554585152838,0.5399644760213144,0.5954946131243878,0.7708333333333334,0.6553989046773239,0.22916666666666666,0.46003552397868563,0.5399644760213144,0.3708502024291498,10072.064777327936,304,154,518,259
X2_to_X3,partition,race_aware,TabPFN,1235,0.45587044534412957,0.7139196375708365,0.21453380669145475,0.029785955327935258,0.6852432389909296,0.7423290319487694,break_even,0.2523364485981308,0.5684210526315789,0.5152439024390244,0.9005328596802842,0.6554621848739496,0.29017857142857145,0.5953557155544278,0.7098214285714286,0.0994671403197158,0.9005328596802842,0.7967611336032389,7027.935222672065,507,477,195,56
X2_to_X3,partition,race_aware,COMPAS tool,1235,0.45587044534412957,0.6655301108009811,0.3327935222672065,0.3327935222672065,0.6379200808718685,0.6915931235918518,0.5,0.5,0.6672064777327935,0.6319444444444444,0.6465364120781527,0.6391571553994732,0.6845238095238095,0.6655301108009811,0.31547619047619047,0.35346358792184723,0.6465364120781527,0.46639676113360323,8762.753036437247,364,212,460,199
X2_to_X3,partition,race_aware,COMPAS tool,1235,0.45587044534412957,0.6655301108009811,0.3327935222672065,0.3327935222672065,0.6379200808718685,0.6915931235918518,break_even,0.2523364485981308,0.6672064777327935,0.6319444444444444,0.6465364120781527,0.6391571553994732,0.6845238095238095,0.6655301108009811,0.31547619047619047,0.35346358792184723,0.6465364120781527,0.46639676113360323,8762.753036437247,364,212,460,199
X1+X2_to_X3,partition,race_blind,TabPFN,1235,0.45587044534412957,0.7107359595703291,0.21536347809438913,0.03426929718218622,0.6822919979580795,0.7392268335368722,0.5,0.5,0.6672064777327935,0.6610169491525424,0.5541740674955595,0.6028985507246377,0.7619047619047619,0.6580394147001607,0.23809523809523808,0.44582593250444047,0.5541740674955595,0.3821862348178138,9878.542510121457,312,160,512,251
X1+X2_to_X3,partition,race_blind,TabPFN,1235,0.45587044534412957,0.7107359595703291,0.21536347809438913,0.03426929718218622,0.6822919979580795,0.7392268335368722,break_even,0.2523364485981308,0.5797570850202429,0.5229166666666667,0.8916518650088809,0.6592252133946159,0.31845238095238093,0.6050521229806309,0.6815476190476191,0.108348134991119,0.8916518650088809,0.7773279352226721,6982.186234817814,502,458,214,61
X1+X2_to_X3,partition,race_blind,COMPAS tool,1235,0.45587044534412957,0.6655301108009811,0.3327935222672065,0.3327935222672065,0.6379200808718685,0.6915931235918518,0.5,0.5,0.6672064777327935,0.6319444444444444,0.6465364120781527,0.6391571553994732,0.6845238095238095,0.6655301108009811,0.31547619047619047,0.35346358792184723,0.6465364120781527,0.46639676113360323,8762.753036437247,364,212,460,199
X1+X2_to_X3,partition,race_blind,COMPAS tool,1235,0.45587044534412957,0.6655301108009811,0.3327935222672065,0.3327935222672065,0.6379200808718685,0.6915931235918518,break_even,0.2523364485981308,0.6672064777327935,0.6319444444444444,0.6465364120781527,0.6391571553994732,0.6845238095238095,0.6655301108009811,0.31547619047619047,0.35346358792184723,0.6465364120781527,0.46639676113360323,8762.753036437247,364,212,460,199
X1_to_X3,partition,race_blind,TabPFN,1235,0.45587044534412957,0.7103764907383913,0.21579331799865553,0.03009859782186239,0.6819709823137958,0.7380801026817557,0.5,0.5,0.6631578947368421,0.6467065868263473,0.5754884547069272,0.6090225563909775,0.7366071428571429,0.656047798782035,0.26339285714285715,0.42451154529307283,0.5754884547069272,0.40566801619433196,9675.708502024292,324,177,495,239
X1_to_X3,partition,race_blind,TabPFN,1235,0.45587044534412957,0.7103764907383913,0.21579331799865553,0.03009859782186239,0.6819709823137958,0.7380801026817557,break_even,0.2523364485981308,0.6032388663967612,0.5411499436302142,0.8525754884547069,0.6620689655172414,0.3943452380952381,0.6234603632749725,0.6056547619047619,0.14742451154529307,0.8525754884547069,0.7182186234817813,7137.246963562753,480,407,265,83
X1_to_X3,partition,race_blind,COMPAS tool,1235,0.45587044534412957,0.6655301108009811,0.3327935222672065,0.3327935222672065,0.6379200808718685,0.6915931235918518,0.5,0.5,0.6672064777327935,0.6319444444444444,0.6465364120781527,0.6391571553994732,0.6845238095238095,0.6655301108009811,0.31547619047619047,0.35346358792184723,0.6465364120781527,0.46639676113360323,8762.753036437247,364,212,460,199
X1_to_X3,partition,race_blind,COMPAS tool,1235,0.45587044534412957,0.6655301108009811,0.3327935222672065,0.3327935222672065,0.6379200808718685,0.6915931235918518,break_even,0.2523364485981308,0.6672064777327935,0.6319444444444444,0.6465364120781527,0.6391571553994732,0.6845238095238095,0.6655301108009811,0.31547619047619047,0.35346358792184723,0.6465364120781527,0.46639676113360323,8762.753036437247,364,212,460,199
X2_to_X3,partition,race_blind,TabPFN,1235,0.45587044534412957,0.713408187431278,0.21492162519569233,0.035755351870445304,0.684834656863866,0.7422554938725587,0.5,0.5,0.671255060728745,0.6702819956616052,0.5488454706927176,0.603515625,0.7738095238095238,0.6613274972511207,0.2261904761904762,0.4511545293072824,0.5488454706927176,0.37327935222672065,9888.25910931174,309,152,520,254
X2_to_X3,partition,race_blind,TabPFN,1235,0.45587044534412957,0.713408187431278,0.21492162519569233,0.035755351870445304,0.684834656863866,0.7422554938725587,break_even,0.2523364485981308,0.5489878542510122,0.5029182879377432,0.9182948490230906,0.6499057196731616,0.23958333333333334,0.578939091178212,0.7604166666666666,0.08170515097690942,0.9182948490230906,0.8323886639676114,7075.708502024291,517,511,161,46
X2_to_X3,partition,race_blind,COMPAS tool,1235,0.45587044534412957,0.6655301108009811,0.3327935222672065,0.3327935222672065,0.6379200808718685,0.6915931235918518,0.5,0.5,0.6672064777327935,0.6319444444444444,0.6465364120781527,0.6391571553994732,0.6845238095238095,0.6655301108009811,0.31547619047619047,0.35346358792184723,0.6465364120781527,0.46639676113360323,8762.753036437247,364,212,460,199
X2_to_X3,partition,race_blind,COMPAS tool,1235,0.45587044534412957,0.6655301108009811,0.3327935222672065,0.3327935222672065,0.6379200808718685,0.6915931235918518,break_even,0.2523364485981308,0.6672064777327935,0.6319444444444444,0.6465364120781527,0.6391571553994732,0.6845238095238095,0.6655301108009811,0.31547619047619047,0.35346358792184723,0.6465364120781527,0.46639676113360323,8762.753036437247,364,212,460,199
X1+X2_to_X3,partition,sex_blind,TabPFN,1235,0.45587044534412957,0.7106434492091684,0.215864488556971,0.0421828634979757,0.6822184703476689,0.7378764070610034,0.5,0.5,0.6663967611336032,0.656964656964657,0.5612788632326821,0.6053639846743295,0.7544642857142857,0.6578715744734839,0.24553571428571427,0.43872113676731794,0.5612788632326821,0.3894736842105263,9803.643724696356,316,165,507,247
X1+X2_to_X3,partition,sex_blind,TabPFN,1235,0.45587044534412957,0.7106434492091684,0.215864488556971,0.0421828634979757,0.6822184703476689,0.7378764070610034,break_even,0.2523364485981308,0.5854251012145749,0.5267576075550892,0.8916518650088809,0.6622691292875988,0.3288690476190476,0.6102604563139643,0.6711309523809523,0.108348134991119,0.8916518650088809,0.7716599190283401,6905.668016194332,502,451,221,61
X1+X2_to_X3,partition,sex_blind,COMPAS tool,1235,0.45587044534412957,0.6655301108009811,0.3327935222672065,0.3327935222672065,0.6379200808718685,0.6915931235918518,0.5,0.5,0.6672064777327935,0.6319444444444444,0.6465364120781527,0.6391571553994732,0.6845238095238095,0.6655301108009811,0.31547619047619047,0.35346358792184723,0.6465364120781527,0.46639676113360323,8762.753036437247,364,212,460,199
X1+X2_to_X3,partition,sex_blind,COMPAS tool,1235,0.45587044534412957,0.6655301108009811,0.3327935222672065,0.3327935222672065,0.6379200808718685,0.6915931235918518,break_even,0.2523364485981308,0.6672064777327935,0.6319444444444444,0.6465364120781527,0.6391571553994732,0.6845238095238095,0.6655301108009811,0.31547619047619047,0.35346358792184723,0.6465364120781527,0.46639676113360323,8762.753036437247,364,212,460,199
X1_to_X3,partition,sex_blind,TabPFN,1235,0.45587044534412957,0.7092002875750657,0.21662596239846094,0.03438028716599188,0.6806127809699273,0.7368038091429219,0.5,0.5,0.659919028340081,0.6427145708582834,0.5719360568383659,0.6052631578947368,0.7336309523809523,0.6527835046096591,0.2663690476190476,0.4280639431616341,0.5719360568383659,0.40566801619433196,9762.348178137652,322,179,493,241
X1_to_X3,partition,sex_blind,TabPFN,1235,0.45587044534412957,0.7092002875750657,0.21662596239846094,0.03438028716599188,0.6806127809699273,0.7368038091429219,break_even,0.2523364485981308,0.6032388663967612,0.5411499436302142,0.8525754884547069,0.6620689655172414,0.3943452380952381,0.6234603632749725,0.6056547619047619,0.14742451154529307,0.8525754884547069,0.7182186234817813,7137.246963562753,480,407,265,83
X1_to_X3,partition,sex_blind,COMPAS tool,1235,0.45587044534412957,0.6655301108009811,0.3327935222672065,0.3327935222672065,0.6379200808718685,0.6915931235918518,0.5,0.5,0.6672064777327935,0.6319444444444444,0.6465364120781527,0.6391571553994732,0.6845238095238095,0.6655301108009811,0.31547619047619047,0.35346358792184723,0.6465364120781527,0.46639676113360323,8762.753036437247,364,212,460,199
X1_to_X3,partition,sex_blind,COMPAS tool,1235,0.45587044534412957,0.6655301108009811,0.3327935222672065,0.3327935222672065,0.6379200808718685,0.6915931235918518,break_even,0.2523364485981308,0.6672064777327935,0.6319444444444444,0.6465364120781527,0.6391571553994732,0.6845238095238095,0.6655301108009811,0.31547619047619047,0.35346358792184723,0.6465364120781527,0.46639676113360323,8762.753036437247,364,212,460,199
X2_to_X3,partition,sex_blind,TabPFN,1235,0.45587044534412957,0.7114800071893767,0.21554898629021832,0.03497162534412955,0.6830433975573615,0.7391894835345465,0.5,0.5,0.665587044534413,0.6609442060085837,0.5470692717584369,0.5986394557823129,0.7648809523809523,0.6559751120696946,0.23511904761904762,0.45293072824156305,0.5470692717584369,0.37732793522267205,9986.234817813765,308,158,514,255
X2_to_X3,partition,sex_blind,TabPFN,1235,0.45587044534412957,0.7114800071893767,0.21554898629021832,0.03497162534412955,0.6830433975573615,0.7391894835345465,break_even,0.2523364485981308,0.5951417004048583,0.5344262295081967,0.8685612788632326,0.6617050067658998,0.36607142857142855,0.6173163537173306,0.6339285714285714,0.13143872113676733,0.8685612788632326,0.7408906882591093,7053.441295546559,489,426,246,74
X2_to_X3,partition,sex_blind,COMPAS tool,1235,0.45587044534412957,0.6655301108009811,0.3327935222672065,0.3327935222672065,0.6379200808718685,0.6915931235918518,0.5,0.5,0.6672064777327935,0.6319444444444444,0.6465364120781527,0.6391571553994732,0.6845238095238095,0.6655301108009811,0.31547619047619047,0.35346358792184723,0.6465364120781527,0.46639676113360323,8762.753036437247,364,212,460,199
X2_to_X3,partition,sex_blind,COMPAS tool,1235,0.45587044534412957,0.6655301108009811,0.3327935222672065,0.3327935222672065,0.6379200808718685,0.6915931235918518,break_even,0.2523364485981308,0.6672064777327935,0.6319444444444444,0.6465364120781527,0.6391571553994732,0.6845238095238095,0.6655301108009811,0.31547619047619047,0.35346358792184723,0.6465364120781527,0.46639676113360323,8762.753036437247,364,212,460,199
X1+X2_to_X3,partition,age_blind,TabPFN,1235,0.45587044534412957,0.6807929988158674,0.22378983864483193,0.03969897689068825,0.6521638025724944,0.7098837868420459,0.5,0.5,0.6388663967611335,0.6308724832214765,0.5008880994671403,0.5584158415841585,0.7544642857142857,0.6276761925907131,0.24553571428571427,0.4991119005328597,0.5008880994671403,0.36194331983805667,10904.858299595142,282,165,507,281
X1+X2_to_X3,partition,age_blind,TabPFN,1235,0.45587044534412957,0.6807929988158674,0.22378983864483193,0.03969897689068825,0.6521638025724944,0.7098837868420459,break_even,0.2523364485981308,0.5279352226720648,0.49065420560747663,0.9325044404973357,0.6429883649724434,0.18898809523809523,0.5607462678677155,0.8110119047619048,0.0674955595026643,0.9325044404973357,0.8663967611336032,7188.259109311741,525,545,127,38
X1+X2_to_X3,partition,age_blind,COMPAS tool,1235,0.45587044534412957,0.6655301108009811,0.3327935222672065,0.3327935222672065,0.6379200808718685,0.6915931235918518,0.5,0.5,0.6672064777327935,0.6319444444444444,0.6465364120781527,0.6391571553994732,0.6845238095238095,0.6655301108009811,0.31547619047619047,0.35346358792184723,0.6465364120781527,0.46639676113360323,8762.753036437247,364,212,460,199
X1+X2_to_X3,partition,age_blind,COMPAS tool,1235,0.45587044534412957,0.6655301108009811,0.3327935222672065,0.3327935222672065,0.6379200808718685,0.6915931235918518,break_even,0.2523364485981308,0.6672064777327935,0.6319444444444444,0.6465364120781527,0.6391571553994732,0.6845238095238095,0.6655301108009811,0.31547619047619047,0.35346358792184723,0.6465364120781527,0.46639676113360323,8762.753036437247,364,212,460,199
X1_to_X3,partition,age_blind,TabPFN,1235,0.45587044534412957,0.6812515858919056,0.22439480547659985,0.038181156858299585,0.6528463253239619,0.7103681809725998,0.5,0.5,0.631578947368421,0.6125,0.522202486678508,0.5637583892617449,0.7232142857142857,0.6227083861963969,0.2767857142857143,0.477797513321492,0.522202486678508,0.38866396761133604,10745.748987854251,294,186,486,269
X1_to_X3,partition,age_blind,TabPFN,1235,0.45587044534412957,0.6812515858919056,0.22439480547659985,0.038181156858299585,0.6528463253239619,0.7103681809725998,break_even,0.2523364485981308,0.5489878542510122,0.5030181086519114,0.8880994671403197,0.6422607578676942,0.2648809523809524,0.576490209760636,0.7351190476190477,0.11190053285968028,0.8880994671403197,0.8048582995951417,7440.485829959514,500,494,178,63
X1_to_X3,partition,age_blind,COMPAS tool,1235,0.45587044534412957,0.6655301108009811,0.3327935222672065,0.3327935222672065,0.6379200808718685,0.6915931235918518,0.5,0.5,0.6672064777327935,0.6319444444444444,0.6465364120781527,0.6391571553994732,0.6845238095238095,0.6655301108009811,0.31547619047619047,0.35346358792184723,0.6465364120781527,0.46639676113360323,8762.753036437247,364,212,460,199
X1_to_X3,partition,age_blind,COMPAS tool,1235,0.45587044534412957,0.6655301108009811,0.3327935222672065,0.3327935222672065,0.6379200808718685,0.6915931235918518,break_even,0.2523364485981308,0.6672064777327935,0.6319444444444444,0.6465364120781527,0.6391571553994732,0.6845238095238095,0.6655301108009811,0.31547619047619047,0.35346358792184723,0.6465364120781527,0.46639676113360323,8762.753036437247,364,212,460,199
X2_to_X3,partition,age_blind,TabPFN,1235,0.45587044534412957,0.6786150405988329,0.22447736674545563,0.04076019931174093,0.649820779986,0.7075838236335791,0.5,0.5,0.6340080971659919,0.6419437340153452,0.44582593250444047,0.5262054507337525,0.7916666666666666,0.6187462995855535,0.20833333333333334,0.5541740674955595,0.44582593250444047,0.31659919028340083,11635.627530364372,251,140,532,312
X2_to_X3,partition,age_blind,TabPFN,1235,0.45587044534412957,0.6786150405988329,0.22447736674545563,0.04076019931174093,0.649820779986,0.7075838236335791,break_even,0.2523364485981308,0.49959514170040487,0.47568523430592397,0.955595026642984,0.6351829988193625,0.11755952380952381,0.5365772752262539,0.8824404761904762,0.04440497335701599,0.955595026642984,0.9157894736842105,7291.902834008097,538,593,79,25
X2_to_X3,partition,age_blind,COMPAS tool,1235,0.45587044534412957,0.6655301108009811,0.3327935222672065,0.3327935222672065,0.6379200808718685,0.6915931235918518,0.5,0.5,0.6672064777327935,0.6319444444444444,0.6465364120781527,0.6391571553994732,0.6845238095238095,0.6655301108009811,0.31547619047619047,0.35346358792184723,0.6465364120781527,0.46639676113360323,8762.753036437247,364,212,460,199
X2_to_X3,partition,age_blind,COMPAS tool,1235,0.45587044534412957,0.6655301108009811,0.3327935222672065,0.3327935222672065,0.6379200808718685,0.6915931235918518,break_even,0.2523364485981308,0.6672064777327935,0.6319444444444444,0.6465364120781527,0.6391571553994732,0.6845238095238095,0.6655301108009811,0.31547619047619047,0.35346358792184723,0.6465364120781527,0.46639676113360323,8762.753036437247,364,212,460,199
X1+X2_to_X3,partition,protected_blind,TabPFN,1235,0.45587044534412957,0.6707186204854945,0.22634501930359527,0.03673317636437252,0.6433273149387762,0.7003765884207496,0.5,0.5,0.6348178137651822,0.6365853658536585,0.4635879218472469,0.5364850976361768,0.7782738095238095,0.6209308656855282,0.22172619047619047,0.5364120781527532,0.4635879218472469,0.3319838056680162,11410.121457489879,261,149,523,302
X1+X2_to_X3,partition,protected_blind,TabPFN,1235,0.45587044534412957,0.6707186204854945,0.22634501930359527,0.03673317636437252,0.6433273149387762,0.7003765884207496,break_even,0.2523364485981308,0.5344129554655871,0.4942084942084942,0.9094138543516874,0.6404002501563477,0.22023809523809523,0.5648259747948914,0.7797619047619048,0.0905861456483126,0.9094138543516874,0.8388663967611336,7379.757085020243,512,524,148,51
X1+X2_to_X3,partition,protected_blind,COMPAS tool,1235,0.45587044534412957,0.6655301108009811,0.3327935222672065,0.3327935222672065,0.6379200808718685,0.6915931235918518,0.5,0.5,0.6672064777327935,0.6319444444444444,0.6465364120781527,0.6391571553994732,0.6845238095238095,0.6655301108009811,0.31547619047619047,0.35346358792184723,0.6465364120781527,0.46639676113360323,8762.753036437247,364,212,460,199
X1+X2_to_X3,partition,protected_blind,COMPAS tool,1235,0.45587044534412957,0.6655301108009811,0.3327935222672065,0.3327935222672065,0.6379200808718685,0.6915931235918518,break_even,0.2523364485981308,0.6672064777327935,0.6319444444444444,0.6465364120781527,0.6391571553994732,0.6845238095238095,0.6655301108009811,0.31547619047619047,0.35346358792184723,0.6465364120781527,0.46639676113360323,8762.753036437247,364,212,460,199
X1_to_X3,partition,protected_blind,TabPFN,1235,0.45587044534412957,0.6701635583185317,0.2272529883361626,0.04687566720647773,0.6424023083378219,0.6998796478923267,0.5,0.5,0.6275303643724697,0.5988483685220729,0.5541740674955595,0.5756457564575646,0.6889880952380952,0.6215810813668274,0.31101190476190477,0.44582593250444047,0.5541740674955595,0.42186234817813767,10414.17004048583,312,209,463,251
X1_to_X3,partition,protected_blind,TabPFN,1235,0.45587044534412957,0.6701635583185317,0.2272529883361626,0.04687566720647773,0.6424023083378219,0.6998796478923267,break_even,0.2523364485981308,0.5344129554655871,0.4942084942084942,0.9094138543516874,0.6404002501563477,0.22023809523809523,0.5648259747948914,0.7797619047619048,0.0905861456483126,0.9094138543516874,0.8388663967611336,7379.757085020243,512,524,148,51
X1_to_X3,partition,protected_blind,COMPAS tool,1235,0.45587044534412957,0.6655301108009811,0.3327935222672065,0.3327935222672065,0.6379200808718685,0.6915931235918518,0.5,0.5,0.6672064777327935,0.6319444444444444,0.6465364120781527,0.6391571553994732,0.6845238095238095,0.6655301108009811,0.31547619047619047,0.35346358792184723,0.6465364120781527,0.46639676113360323,8762.753036437247,364,212,460,199
X1_to_X3,partition,protected_blind,COMPAS tool,1235,0.45587044534412957,0.6655301108009811,0.3327935222672065,0.3327935222672065,0.6379200808718685,0.6915931235918518,break_even,0.2523364485981308,0.6672064777327935,0.6319444444444444,0.6465364120781527,0.6391571553994732,0.6845238095238095,0.6655301108009811,0.31547619047619047,0.35346358792184723,0.6465364120781527,0.46639676113360323,8762.753036437247,364,212,460,199
X2_to_X3,partition,protected_blind,TabPFN,1235,0.45587044534412957,0.6703459358876767,0.22622264752743373,0.035910249854250995,0.6421979543878549,0.7002290646373378,0.5,0.5,0.6348178137651822,0.6365853658536585,0.4635879218472469,0.5364850976361768,0.7782738095238095,0.6209308656855282,0.22172619047619047,0.5364120781527532,0.4635879218472469,0.3319838056680162,11410.121457489879,261,149,523,302
X2_to_X3,partition,protected_blind,TabPFN,1235,0.45587044534412957,0.6703459358876767,0.22622264752743373,0.035910249854250995,0.6421979543878549,0.7002290646373378,break_even,0.2523364485981308,0.5344129554655871,0.4942084942084942,0.9094138543516874,0.6404002501563477,0.22023809523809523,0.5648259747948914,0.7797619047619048,0.0905861456483126,0.9094138543516874,0.8388663967611336,7379.757085020243,512,524,148,51
X2_to_X3,partition,protected_blind,COMPAS tool,1235,0.45587044534412957,0.6655301108009811,0.3327935222672065,0.3327935222672065,0.6379200808718685,0.6915931235918518,0.5,0.5,0.6672064777327935,0.6319444444444444,0.6465364120781527,0.6391571553994732,0.6845238095238095,0.6655301108009811,0.31547619047619047,0.35346358792184723,0.6465364120781527,0.46639676113360323,8762.753036437247,364,212,460,199
X2_to_X3,partition,protected_blind,COMPAS tool,1235,0.45587044534412957,0.6655301108009811,0.3327935222672065,0.3327935222672065,0.6379200808718685,0.6915931235918518,break_even,0.2523364485981308,0.6672064777327935,0.6319444444444444,0.6465364120781527,0.6391571553994732,0.6845238095238095,0.6655301108009811,0.31547619047619047,0.35346358792184723,0.6465364120781527,0.46639676113360323,8762.753036437247,364,212,460,199
temporal_1,temporal,race_aware,TabPFN,1138,0.3189806678383128,0.702751266328979,0.19438337902936714,0.028266382841827753,0.6716106933069013,0.7339481495625607,0.5,0.5,0.6906854130052724,0.526829268292683,0.2975206611570248,0.3802816901408451,0.8748387096774194,0.5861796854172221,0.12516129032258064,0.7024793388429752,0.2975206611570248,0.18014059753954306,10113.796133567663,108,97,678,255
temporal_1,temporal,race_aware,TabPFN,1138,0.3189806678383128,0.702751266328979,0.19438337902936714,0.028266382841827753,0.6716106933069013,0.7339481495625607,break_even,0.2523364485981308,0.6045694200351494,0.4349775784753363,0.8016528925619835,0.563953488372093,0.512258064516129,0.6569554785390562,0.48774193548387096,0.19834710743801653,0.8016528925619835,0.5878734622144113,7014.93848857645,291,378,397,72
temporal_1,temporal,race_aware,COMPAS tool,1138,0.3189806678383128,0.6244432595752245,0.36291739894551844,0.3629173989455185,0.5963060015938554,0.6568053020922873,0.5,0.5,0.6370826010544816,0.4476987447698745,0.5895316804407713,0.5089179548156956,0.6593548387096774,0.6244432595752243,0.3406451612903226,0.41046831955922863,0.5895316804407713,0.4200351493848858,8369.068541300527,214,264,511,149
temporal_1,temporal,race_aware,COMPAS tool,1138,0.3189806678383128,0.6244432595752245,0.36291739894551844,0.3629173989455185,0.5963060015938554,0.6568053020922873,break_even,0.2523364485981308,0.6370826010544816,0.4476987447698745,0.5895316804407713,0.5089179548156956,0.6593548387096774,0.6244432595752243,0.3406451612903226,0.41046831955922863,0.5895316804407713,0.4200351493848858,8369.068541300527,214,264,511,149
temporal_2,temporal,race_aware,TabPFN,1706,0.32590855803048063,0.7016054113231154,0.19566611033819006,0.033387852973622505,0.6763828189966311,0.7281350502834621,0.5,0.5,0.7022274325908558,0.5863309352517986,0.2931654676258993,0.39088729016786566,0.9,0.5965827338129497,0.1,0.7068345323741008,0.2931654676258993,0.16295427901524032,10124.560375146542,163,115,1035,393
temporal_2,temporal,race_aware,TabPFN,1706,0.32590855803048063,0.7016054113231154,0.19566611033819006,0.033387852973622505,0.6763828189966311,0.7281350502834621,break_even,0.2523364485981308,0.6131301289566237,0.4443254817987152,0.7464028776978417,0.5570469798657718,0.548695652173913,0.6475492649358774,0.45130434782608697,0.25359712230215825,0.7464028776978417,0.5474794841735052,7412.95427901524,415,519,631,141
temporal_2,temporal,race_aware,COMPAS tool,1706,0.32590855803048063,0.6364654363465749,0.34232121922626024,0.34232121922626024,0.6120957314330778,0.662237314364616,0.5,0.5,0.6576787807737398,0.47904191616766467,0.5755395683453237,0.522875816993464,0.697391304347826,0.6364654363465749,0.3026086956521739,0.4244604316546763,0.5755395683453237,0.39155920281359907,8287.221570926144,320,348,802,236
temporal_2,temporal,race_aware,COMPAS tool,1706,0.32590855803048063,0.6364654363465749,0.34232121922626024,0.34232121922626024,0.6120957314330778,0.662237314364616,break_even,0.2523364485981308,0.6576787807737398,0.47904191616766467,0.5755395683453237,0.522875816993464,0.697391304347826,0.6364654363465749,0.3026086956521739,0.4244604316546763,0.5755395683453237,0.39155920281359907,8287.221570926144,320,348,802,236
temporal_1,temporal,race_blind,TabPFN,1138,0.3189806678383128,0.7037447791699992,0.19396270506546867,0.0334645974692443,0.6720070338132215,0.7352564601834799,0.5,0.5,0.7003514938488576,0.5509259259259259,0.3278236914600551,0.4110535405872193,0.8748387096774194,0.6013312005687372,0.12516129032258064,0.6721763085399449,0.3278236914600551,0.18980667838312829,9727.152899824254,119,97,678,244
temporal_1,temporal,race_blind,TabPFN,1138,0.3189806678383128,0.7037447791699992,0.19396270506546867,0.0334645974692443,0.6720070338132215,0.7352564601834799,break_even,0.2523364485981308,0.6107205623901582,0.4382716049382716,0.7823691460055097,0.5618199802176063,0.5303225806451612,0.6563458633253354,0.4696774193548387,0.21763085399449036,0.7823691460055097,0.5694200351493849,7094.903339191565,284,364,411,79
temporal_1,temporal,race_blind,COMPAS tool,1138,0.3189806678383128,0.6244432595752245,0.36291739894551844,0.3629173989455185,0.5963060015938554,0.6568053020922873,0.5,0.5,0.6370826010544816,0.4476987447698745,0.5895316804407713,0.5089179548156956,0.6593548387096774,0.6244432595752243,0.3406451612903226,0.41046831955922863,0.5895316804407713,0.4200351493848858,8369.068541300527,214,264,511,149
temporal_1,temporal,race_blind,COMPAS tool,1138,0.3189806678383128,0.6244432595752245,0.36291739894551844,0.3629173989455185,0.5963060015938554,0.6568053020922873,break_even,0.2523364485981308,0.6370826010544816,0.4476987447698745,0.5895316804407713,0.5089179548156956,0.6593548387096774,0.6244432595752243,0.3406451612903226,0.41046831955922863,0.5895316804407713,0.4200351493848858,8369.068541300527,214,264,511,149
temporal_2,temporal,race_blind,TabPFN,1706,0.32590855803048063,0.6999194557397561,0.19552783592199266,0.028241237385697532,0.674508302345881,0.7262247602766959,0.5,0.5,0.7004689331770223,0.5800711743772242,0.2931654676258993,0.3894862604540024,0.8973913043478261,0.5952783859868627,0.10260869565217391,0.7068345323741008,0.2931654676258993,0.16471277842907386,10148.300117233293,163,118,1032,393
temporal_2,temporal,race_blind,TabPFN,1706,0.32590855803048063,0.6999194557397561,0.19552783592199266,0.028241237385697532,0.674508302345881,0.7262247602766959,break_even,0.2523364485981308,0.6207502930832356,0.4498346196251378,0.7338129496402878,0.557758031442242,0.5660869565217391,0.6499499530810134,0.4339130434782609,0.26618705035971224,0.7338129496402878,0.5316529894490035,7418.815943728019,408,499,651,148
temporal_2,temporal,race_blind,COMPAS tool,1706,0.32590855803048063,0.6364654363465749,0.34232121922626024,0.34232121922626024,0.6120957314330778,0.662237314364616,0.5,0.5,0.6576787807737398,0.47904191616766467,0.5755395683453237,0.522875816993464,0.697391304347826,0.6364654363465749,0.3026086956521739,0.4244604316546763,0.5755395683453237,0.39155920281359907,8287.221570926144,320,348,802,236
temporal_2,temporal,race_blind,COMPAS tool,1706,0.32590855803048063,0.6364654363465749,0.34232121922626024,0.34232121922626024,0.6120957314330778,0.662237314364616,break_even,0.2523364485981308,0.6576787807737398,0.47904191616766467,0.5755395683453237,0.522875816993464,0.697391304347826,0.6364654363465749,0.3026086956521739,0.4244604316546763,0.5755395683453237,0.39155920281359907,8287.221570926144,320,348,802,236
temporal_1,temporal,sex_blind,TabPFN,1138,0.3189806678383128,0.6993814982671289,0.19484203369766329,0.028344477652899828,0.6673352590995133,0.7311985000459053,0.5,0.5,0.6985940246045694,0.5515463917525774,0.29476584022038566,0.38420107719928187,0.8877419354838709,0.5912538878521283,0.11225806451612903,0.7052341597796143,0.29476584022038566,0.1704745166959578,10030.316344463972,107,87,688,256
temporal_1,temporal,sex_blind,TabPFN,1138,0.3189806678383128,0.6993814982671289,0.19484203369766329,0.028344477652899828,0.6673352590995133,0.7311985000459053,break_even,0.2523364485981308,0.6107205623901582,0.43769470404984423,0.7741046831955923,0.5592039800995025,0.5341935483870968,0.6541491157913446,0.46580645161290324,0.22589531680440772,0.7741046831955923,0.5641476274165202,7164.762741652021,281,361,414,82
temporal_1,temporal,sex_blind,COMPAS tool,1138,0.3189806678383128,0.6244432595752245,0.36291739894551844,0.3629173989455185,0.5963060015938554,0.6568053020922873,0.5,0.5,0.6370826010544816,0.4476987447698745,0.5895316804407713,0.5089179548156956,0.6593548387096774,0.6244432595752243,0.3406451612903226,0.41046831955922863,0.5895316804407713,0.4200351493848858,8369.068541300527,214,264,511,149
temporal_1,temporal,sex_blind,COMPAS tool,1138,0.3189806678383128,0.6244432595752245,0.36291739894551844,0.3629173989455185,0.5963060015938554,0.6568053020922873,break_even,0.2523364485981308,0.6370826010544816,0.4476987447698745,0.5895316804407713,0.5089179548156956,0.6593548387096774,0.6244432595752243,0.3406451612903226,0.41046831955922863,0.5895316804407713,0.4200351493848858,8369.068541300527,214,264,511,149
temporal_2,temporal,sex_blind,TabPFN,1706,0.32590855803048063,0.6965287769784172,0.1967531919128374,0.034481047368698704,0.6708469067436083,0.7228741119668016,0.5,0.5,0.7080890973036342,0.602112676056338,0.30755395683453235,0.40714285714285714,0.9017391304347826,0.6046465436346575,0.09826086956521739,0.6924460431654677,0.30755395683453235,0.16647127784290738,9921.16060961313,171,113,1037,385
temporal_2,temporal,sex_blind,TabPFN,1706,0.32590855803048063,0.6965287769784172,0.1967531919128374,0.034481047368698704,0.6708469067436083,0.7228741119668016,break_even,0.2523364485981308,0.6002344665885111,0.43451143451143454,0.7517985611510791,0.5507246376811594,0.5269565217391304,0.6393775414451048,0.47304347826086957,0.24820143884892087,0.7517985611510791,0.5638921453692849,7540.4454865181715,418,544,606,138
temporal_2,temporal,sex_blind,COMPAS tool,1706,0.32590855803048063,0.6364654363465749,0.34232121922626024,0.34232121922626024,0.6120957314330778,0.662237314364616,0.5,0.5,0.6576787807737398,0.47904191616766467,0.5755395683453237,0.522875816993464,0.697391304347826,0.6364654363465749,0.3026086956521739,0.4244604316546763,0.5755395683453237,0.39155920281359907,8287.221570926144,320,348,802,236
temporal_2,temporal,sex_blind,COMPAS tool,1706,0.32590855803048063,0.6364654363465749,0.34232121922626024,0.34232121922626024,0.6120957314330778,0.662237314364616,break_even,0.2523364485981308,0.6576787807737398,0.47904191616766467,0.5755395683453237,0.522875816993464,0.697391304347826,0.6364654363465749,0.3026086956521739,0.4244604316546763,0.5755395683453237,0.39155920281359907,8287.221570926144,320,348,802,236
temporal_1,temporal,age_blind,TabPFN,1138,0.3189806678383128,0.6674042477561539,0.2010618543351663,0.03590663363796134,0.6328128866911327,0.6996413801839599,0.5,0.5,0.6968365553602812,0.5494505494505495,0.27548209366391185,0.3669724770642202,0.8941935483870967,0.5848378210255043,0.10580645161290322,0.7245179063360881,0.27548209366391185,0.15992970123022848,10217.047451669596,100,82,693,263
temporal_1,temporal,age_blind,TabPFN,1138,0.3189806678383128,0.6674042477561539,0.2010618543351663,0.03590663363796134,0.6328128866911327,0.6996413801839599,break_even,0.2523364485981308,0.5500878734622144,0.3955119214586255,0.7768595041322314,0.5241635687732342,0.44387096774193546,0.6103652359370835,0.5561290322580645,0.2231404958677686,0.7768595041322314,0.6265377855887522,7960.017574692443,282,431,344,81
temporal_1,temporal,age_blind,COMPAS tool,1138,0.3189806678383128,0.6244432595752245,0.36291739894551844,0.3629173989455185,0.5963060015938554,0.6568053020922873,0.5,0.5,0.6370826010544816,0.4476987447698745,0.5895316804407713,0.5089179548156956,0.6593548387096774,0.6244432595752243,0.3406451612903226,0.41046831955922863,0.5895316804407713,0.4200351493848858,8369.068541300527,214,264,511,149
temporal_1,temporal,age_blind,COMPAS tool,1138,0.3189806678383128,0.6244432595752245,0.36291739894551844,0.3629173989455185,0.5963060015938554,0.6568053020922873,break_even,0.2523364485981308,0.6370826010544816,0.4476987447698745,0.5895316804407713,0.5089179548156956,0.6593548387096774,0.6244432595752243,0.3406451612903226,0.41046831955922863,0.5895316804407713,0.4200351493848858,8369.068541300527,214,264,511,149
temporal_2,temporal,age_blind,TabPFN,1706,0.32590855803048063,0.6675258054426025,0.20380376815153287,0.0289084972743259,0.643284592842727,0.6955794618850754,0.5,0.5,0.6887456037514654,0.5570776255707762,0.21942446043165467,0.31483870967741934,0.9156521739130434,0.567538317172349,0.08434782608695653,0.7805755395683454,0.21942446043165467,0.1283704572098476,10943.434935521687,122,97,1053,434
temporal_2,temporal,age_blind,TabPFN,1706,0.32590855803048063,0.6675258054426025,0.20380376815153287,0.0289084972743259,0.643284592842727,0.6955794618850754,break_even,0.2523364485981308,0.6143024618991794,0.4397163120567376,0.6690647482014388,0.5306704707560627,0.5878260869565217,0.6284454175789802,0.4121739130434783,0.33093525179856115,0.6690647482014388,0.4958968347010551,8065.0644783118405,372,474,676,184
temporal_2,temporal,age_blind,COMPAS tool,1706,0.32590855803048063,0.6364654363465749,0.34232121922626024,0.34232121922626024,0.6120957314330778,0.662237314364616,0.5,0.5,0.6576787807737398,0.47904191616766467,0.5755395683453237,0.522875816993464,0.697391304347826,0.6364654363465749,0.3026086956521739,0.4244604316546763,0.5755395683453237,0.39155920281359907,8287.221570926144,320,348,802,236
temporal_2,temporal,age_blind,COMPAS tool,1706,0.32590855803048063,0.6364654363465749,0.34232121922626024,0.34232121922626024,0.6120957314330778,0.662237314364616,break_even,0.2523364485981308,0.6576787807737398,0.47904191616766467,0.5755395683453237,0.522875816993464,0.697391304347826,0.6364654363465749,0.3026086956521739,0.4244604316546763,0.5755395683453237,0.39155920281359907,8287.221570926144,320,348,802,236
temporal_1,temporal,protected_blind,TabPFN,1138,0.3189806678383128,0.6654172220741136,0.2017873724053359,0.03484072811072055,0.6306915668383888,0.6966831854941192,0.5,0.5,0.6942003514938488,0.5380710659898477,0.29201101928374656,0.3785714285714286,0.8825806451612903,0.5872958322225185,0.11741935483870967,0.7079889807162535,0.29201101928374656,0.17311072056239016,10112.917398945518,106,91,684,257
temporal_1,temporal,protected_blind,TabPFN,1138,0.3189806678383128,0.6654172220741136,0.2017873724053359,0.03484072811072055,0.6306915668383888,0.6966831854941192,break_even,0.2523364485981308,0.5140597539543058,0.37789203084832906,0.8099173553719008,0.5153374233128833,0.37548387096774194,0.5927006131698214,0.6245161290322581,0.19008264462809918,0.8099173553719008,0.6836555360281195,8166.959578207381,294,484,291,69
temporal_1,temporal,protected_blind,COMPAS tool,1138,0.3189806678383128,0.6244432595752245,0.36291739894551844,0.3629173989455185,0.5963060015938554,0.6568053020922873,0.5,0.5,0.6370826010544816,0.4476987447698745,0.5895316804407713,0.5089179548156956,0.6593548387096774,0.6244432595752243,0.3406451612903226,0.41046831955922863,0.5895316804407713,0.4200351493848858,8369.068541300527,214,264,511,149
temporal_1,temporal,protected_blind,COMPAS tool,1138,0.3189806678383128,0.6244432595752245,0.36291739894551844,0.3629173989455185,0.5963060015938554,0.6568053020922873,break_even,0.2523364485981308,0.6370826010544816,0.4476987447698745,0.5895316804407713,0.5089179548156956,0.6593548387096774,0.6244432595752243,0.3406451612903226,0.41046831955922863,0.5895316804407713,0.4200351493848858,8369.068541300527,214,264,511,149
temporal_2,temporal,protected_blind,TabPFN,1706,0.32590855803048063,0.6492352205192368,0.2059255653456039,0.025454894554513458,0.6245418525950184,0.6777292932220733,0.5,0.5,0.6858147713950762,0.5427350427350427,0.22841726618705036,0.3215189873417721,0.9069565217391304,0.5676868939630904,0.09304347826086956,0.7715827338129496,0.22841726618705036,0.13716295427901523,10905.334114888628,127,107,1043,429
temporal_2,temporal,protected_blind,TabPFN,1706,0.32590855803048063,0.6492352205192368,0.2059255653456039,0.025454894554513458,0.6245418525950184,0.6777292932220733,break_even,0.2523364485981308,0.5797186400937866,0.413903743315508,0.6960431654676259,0.5191146881287726,0.5234782608695652,0.6097607131685956,0.4765217391304348,0.3039568345323741,0.6960431654676259,0.5480656506447831,8298.9449003517,387,548,602,169
temporal_2,temporal,protected_blind,COMPAS tool,1706,0.32590855803048063,0.6364654363465749,0.34232121922626024,0.34232121922626024,0.6120957314330778,0.662237314364616,0.5,0.5,0.6576787807737398,0.47904191616766467,0.5755395683453237,0.522875816993464,0.697391304347826,0.6364654363465749,0.3026086956521739,0.4244604316546763,0.5755395683453237,0.39155920281359907,8287.221570926144,320,348,802,236
temporal_2,temporal,protected_blind,COMPAS tool,1706,0.32590855803048063,0.6364654363465749,0.34232121922626024,0.34232121922626024,0.6120957314330778,0.662237314364616,break_even,0.2523364485981308,0.6576787807737398,0.47904191616766467,0.5755395683453237,0.522875816993464,0.697391304347826,0.6364654363465749,0.3026086956521739,0.4244604316546763,0.5755395683453237,0.39155920281359907,8287.221570926144,320,348,802,236
