feature_set,"Race FPR
parity","Sex FPR
parity","Certifiable
fairness","Decision stability
(X1 vs X2)"
age_blind,0.7349701761686781,0.6494790053537455,0.6918519375117989,0.8890688259109312
COMPAS tool,0.8159245387709808,0.9581047298792089,0.7662722065679914,1.0
protected_blind,0.8784852267998335,0.870973629485421,0.8351602913992298,1.0
race_aware,0.7654320987654322,0.7350006636874475,0.7150824591831584,0.9344129554655871
race_blind,0.7728395061728395,0.7555970974735632,0.7214923830125519,0.8631578947368421
race_priors_blind,0.9618532390067971,0.8884120171673819,0.940889779448478,1.0
race_proxy_blind,1.0,1.0,1.0,1.0
sex_blind,0.7761686780413373,0.8972390602185744,0.7276472957061855,0.9530364372469636
