operating_point,model,"Discrimination
(AUC)","Balanced
accuracy","Sensitivity
(1 - FNR)","Specificity
(1 - FPR)",Precision,F1,"Calibration
(1 - ECE)","Race FPR
parity","Sex FPR
parity","Certifiable
fairness","Decision stability
(X1 vs X2)"
0.5,race_aware,0.7358,0.6721,0.5623,0.782,0.683,0.6168,0.9818,0.7654,0.735,0.7142,0.9344
0.5,race_blind,0.7343,0.6737,0.5635,0.7839,0.6854,0.6185,0.9846,0.7728,0.7556,0.7217,0.8632
0.5,sex_blind,0.7339,0.6728,0.5706,0.775,0.6794,0.6202,0.9822,0.7762,0.8972,0.7268,0.953
0.5,age_blind,0.694,0.6331,0.4911,0.775,0.6459,0.558,0.9699,0.735,0.6495,0.6925,0.8891
0.5,protected_blind,0.6831,0.6327,0.4686,0.7968,0.6583,0.5475,0.9761,0.8785,0.871,0.8343,1.0
0.5,COMPAS tool,0.6575,0.6575,0.6133,0.7017,0.632,0.6225,0.6614,0.8159,0.9581,0.7644,1.0
break_even,race_aware,0.7358,0.6127,0.8885,0.337,0.5282,0.6625,0.9818,0.7654,0.735,0.7142,0.9344
break_even,race_blind,0.7343,0.609,0.8909,0.3271,0.5252,0.6608,0.9846,0.7728,0.7556,0.7217,0.8632
break_even,sex_blind,0.7339,0.602,0.8968,0.3072,0.5196,0.658,0.9822,0.7762,0.8972,0.7268,0.953
break_even,age_blind,0.694,0.574,0.9241,0.224,0.4987,0.6478,0.9699,0.735,0.6495,0.6925,0.8891
break_even,protected_blind,0.6831,0.556,0.898,0.2141,0.4884,0.6327,0.9761,0.8785,0.871,0.8343,1.0
break_even,COMPAS tool,0.6575,0.6575,0.6133,0.7017,0.632,0.6225,0.6614,0.8159,0.9581,0.7644,1.0
