run,feature_set,fidelity_r2,fidelity_accuracy_gini,fidelity_accuracy_entropy,decision_rate,n_leaves,max_depth
X1+X2_to_X3,age_blind,0.956625840170069,0.9651821862348178,0.9651821862348178,0.8663967611336032,14,4
X1+X2_to_X3,protected_blind,0.988404660451827,1.0,1.0,0.8388663967611336,11,4
X1+X2_to_X3,race_aware,0.8854936869683526,0.9368421052631579,0.9125506072874494,0.7959514170040486,12,4
X1+X2_to_X3,race_blind,0.8857084890656194,0.9692307692307692,0.9692307692307692,0.7773279352226721,12,4
X1+X2_to_X3,race_priors_blind,0.9794292598951382,0.9805668016194332,0.9805668016194332,0.9805668016194332,8,4
X1+X2_to_X3,race_proxy_blind,0.9999999999999994,1.0,1.0,1.0,4,4
X1+X2_to_X3,sex_blind,0.9014276590818198,0.9732793522267207,0.9732793522267207,0.7716599190283401,12,4
X1_to_X3,age_blind,0.9651440707174594,0.9676113360323887,0.9676113360323887,0.8048582995951417,13,4
X1_to_X3,protected_blind,0.9899305547034534,1.0,1.0,0.8388663967611336,10,4
X1_to_X3,race_aware,0.9198069335291208,0.9635627530364372,0.9635627530364372,0.7441295546558705,12,4
X1_to_X3,race_blind,0.9186638846312243,0.9805668016194332,0.9805668016194332,0.7182186234817813,12,4
X1_to_X3,race_priors_blind,0.9542527270881276,0.9805668016194332,0.9805668016194332,0.9805668016194332,8,4
X1_to_X3,race_proxy_blind,0.9999999999999997,1.0,1.0,1.0,4,4
X1_to_X3,sex_blind,0.9304800462962809,0.9805668016194332,0.9805668016194332,0.7182186234817813,12,4
X2_to_X3,age_blind,0.9452037665248495,0.962753036437247,0.962753036437247,0.9157894736842105,11,4
X2_to_X3,protected_blind,0.9841118396632088,1.0,1.0,0.8388663967611336,10,4
X2_to_X3,race_aware,0.896467843678777,0.951417004048583,0.951417004048583,0.7967611336032389,12,4
X2_to_X3,race_blind,0.9031883565127671,0.97165991902834,0.97165991902834,0.8323886639676114,12,4
X2_to_X3,race_priors_blind,0.9746437725966682,0.9805668016194332,0.9805668016194332,0.9805668016194332,8,4
X2_to_X3,race_proxy_blind,0.9999999999999987,1.0,1.0,1.0,4,4
X2_to_X3,sex_blind,0.8983798430196188,0.9578947368421052,0.9578947368421052,0.7408906882591093,11,4
holdout,age_blind,0.95253744134861,0.9595032397408207,0.9595032397408207,0.8434125269978402,14,4
holdout,protected_blind,0.9909133162665648,1.0,1.0,0.8369330453563715,13,4
holdout,race_aware,0.9140991600536222,0.9616630669546437,0.9244060475161987,0.765658747300216,13,4
holdout,race_blind,0.9086274341785344,0.968682505399568,0.9260259179265659,0.7721382289416847,13,4
holdout,race_priors_blind,0.9690434418552418,0.9816414686825053,0.9816414686825053,0.9816414686825053,8,4
holdout,race_proxy_blind,0.9999999999999992,1.0,1.0,1.0,4,4
holdout,sex_blind,0.9294958448802285,0.9816414686825053,0.9481641468682506,0.7856371490280778,13,4
temporal_1,age_blind,0.9892384340064517,0.9630931458699473,0.9578207381370826,0.6265377855887522,14,4
temporal_1,protected_blind,0.9977432578579299,1.0,1.0,0.6836555360281195,11,4
temporal_1,race_aware,0.9255403056486496,0.9244288224956063,0.9244288224956063,0.5878734622144113,12,4
temporal_1,race_blind,0.9284801282756195,0.9710017574692443,0.9710017574692443,0.5694200351493849,12,4
temporal_1,race_priors_blind,0.9777808756011228,0.9657293497363796,0.9657293497363796,0.867311072056239,7,4
temporal_1,race_proxy_blind,0.9968516308809791,1.0,1.0,1.0,3,4
temporal_1,sex_blind,0.9285614866409821,0.9780316344463972,0.9780316344463972,0.5641476274165202,12,4
temporal_2,age_blind,0.9798456045801545,0.984759671746776,0.984759671746776,0.4958968347010551,15,4
temporal_2,protected_blind,0.9938925264442319,1.0,1.0,0.5480656506447831,11,4
temporal_2,race_aware,0.9323042527613513,0.9706916764361079,0.9706916764361079,0.5474794841735052,13,4
temporal_2,race_blind,0.9368702904764595,0.9876905041031653,0.9876905041031653,0.5316529894490035,13,4
temporal_2,race_priors_blind,0.99387325167671,1.0,1.0,0.7174677608440797,9,4
temporal_2,race_proxy_blind,1.0,1.0,1.0,0.7866354044548651,4,4
temporal_2,sex_blind,0.9553265518339701,1.0,1.0,0.5638921453692849,13,4
