,benchmark,Number_of_Priors,Age_Above_FourtyFive,Age_Below_TwentyFive,African_American,Asian,Hispanic,Native_American,Other,Female,Misdemeanor
39,0.5459496943754971,-0.2273244559452689,0.037259473124229364,-0.06586837156702037,0.015531847410418964,-0.0009468069572349108,0.005805905758732036,0.0019302870036128628,-0.0003829616816310305,0.014072029365027657,0.05375673908518851
73,0.5488325644550375,0.4563493455672972,0.03911645948567134,-0.047677469983345225,0.01147639393515057,0.00033677947195319413,0.0010349254590111476,-0.00031813951126054285,0.0005881863421007966,0.011956064177481546,0.02879685901097384
76,0.4751839599990356,0.16436439875421732,-0.011696150068610245,0.061722307132430196,-0.010842538042776101,0.000980490813406329,0.0001951952260233064,-0.0015467168900165085,0.0004456323297935272,0.03078344761919614,0.030059243812030068
145,0.4788148072952669,-0.11124190651216805,-0.014982608239092254,0.057128573777844305,-0.01198233268489221,-0.00023422136632453294,-0.002811384923653664,-0.0023351624674518984,0.00016513325811093327,0.025454166779704433,-0.020461673587892124
152,0.5610484202660595,-0.049500156750819896,-0.11746359425619378,-0.08459809990773548,-0.022809788724845792,-0.005822130023346431,0.00397295985118553,-0.000592176076536638,-0.005246071070739697,0.009467795843583884,-0.030703351202045565
159,0.4644772627299313,-0.03877934687414293,0.10584266156541502,0.07709575329482925,-0.006969448725303917,0.003774811081115062,-0.0012538164325493727,-0.0007957990183987407,0.002169359352620845,-0.011099195827235824,-0.009576283846811584
160,0.5477189557018047,0.4334835492113404,-0.09481757746751021,-0.06186789774949891,-0.01148244236337606,-0.0002968644701924483,0.0018393161474682049,-0.0023145916066828753,-0.0007677330277224281,0.012371097953306147,-0.037890370867556616
176,0.47878560706523565,0.2960715377273994,-0.008110294399207546,0.051038406598142703,-0.014089920444431775,0.0004961332361696769,-0.002171190557835878,-0.001658946821799484,-0.0004421900248364474,0.028372505903286657,-0.023192618850894506
188,0.4748708613667439,0.10520438327420752,-0.01205775410862829,0.06467911605383829,-0.011501880128654246,0.0007317757887623233,-0.0012660872902254816,-0.003176314774445549,-0.00036911081659063427,0.026664740932414076,-0.015988934465894694
205,0.5476345122463933,-0.23551038070847247,0.03717967849072018,-0.06511707193190235,-0.01859273995078123,-0.001724607390790417,0.005505997698890409,0.0019433681249172996,-0.0016723300786039147,0.014497919539988288,0.0544889043848987
221,0.5474584054404259,0.10064560149425804,0.045697266328204283,-0.06068511559914616,0.012734405397454296,0.0007087867221883953,0.002884495566505732,0.0011803136195392416,0.0007282251444926252,0.013441924166702507,0.03601384277692901
226,0.4715782937707872,0.3071692608874658,-0.0004622335319356685,-0.17892191878403618,0.019767920133609784,0.0019975025855399203,0.009946779978756468,-0.00031556527930963474,0.0010470441008817444,-0.0257397583335155,-0.015842263279703256
242,0.5356542589133213,-0.21504838470518917,0.03642459047957117,0.2744666588561538,0.02791213345136251,0.002688602920442429,0.00193622077462971,-0.0015635705984897996,0.0021890250592112165,0.033923726534755526,-0.042447802162147594
245,0.4723610657593145,-0.09496969360490874,-0.01520329891469692,0.06541721959194197,0.012416716450392579,-0.0002571836850290832,8.227959827410841e-05,-8.544446862483734e-05,0.00037852366361583456,-0.012994818681352788,0.043642872588205595
247,0.5419430362506755,-0.1974223818220835,0.03059294167290416,0.24738059406985674,-0.01778136359108315,0.0008657592694430727,0.0016505093778613686,-0.002478504091508321,0.0025909450826630126,0.03316985648918994,0.037400036505949044
292,0.47250560565685273,0.3065770837033714,-0.008898138601339575,0.06343934473042549,0.014302784064305907,0.0010718962655807268,-0.0007241059076229447,-0.00026792474445264114,0.0005314558183412352,-0.014881259059195084,0.0376653433991348
300,0.46892895975746174,0.10450158759750229,-0.012002448990073036,0.0796277535417986,-0.007653920789858298,0.0020231378375795833,-0.0005458599221127847,-0.001223590756584264,0.0017543175937976274,-0.012859989152928304,0.03619584992320907
325,0.5402826956301121,0.5611018295881662,-0.0767302191406033,-0.05060314632340271,-0.008352913552366475,0.003893997778207342,0.0021904771301162126,-0.0012132716992228065,0.0026820047954755066,0.016647086543591767,0.026426822848458764
334,0.4750497698433933,0.29904715241062024,-0.008749958488342022,0.0613127996588552,0.014894785916360342,0.000674834283866485,-0.0024508868002093426,-0.001043464914002451,0.000456567988366241,-0.016123630336664578,-0.020973068306245846
342,0.4769213253891442,0.28187006273057347,0.08057662216544575,0.06625563320987364,0.012726884902918525,-0.001144754843035209,-0.0011830581911764504,0.000311925064836599,-0.0001232117273169686,-0.016656042133436046,0.040204864891728684
354,0.5582309430968945,-0.27250477634618075,0.0348937169113389,-0.07639861756787553,-0.0188733006717563,-0.0014780196307696697,0.0004935408475277223,0.0003415984739167238,-0.00029655509740893204,0.01450041670028782,-0.05965278112547169
356,0.48349043637506206,-0.08818656289064034,-0.012419174023232157,-0.20849407360709402,-0.024122191863050674,-0.003253712174603504,-0.0014432625788266748,0.0019462491923896014,-0.0013016858102767176,-0.0246972389466699,-0.01161019653728429
368,0.45874565722917093,0.31115829878961976,0.0010557785005460285,-0.14046547633249493,0.027892782567214475,0.0052188869187373005,-0.0033822922953169604,0.0012035031867240753,0.00374373827703213,0.07209519160879849,-0.012581016843223991
369,0.47250560565685273,0.3065770837033714,-0.008898138601339575,0.06343934473042549,0.014302784064305907,0.0010718962655807268,-0.0007241059076229447,-0.00026792474445264114,0.0005314558183412352,-0.014881259059195084,0.0376653433991348
373,0.4642517836644641,-0.057921816440733104,0.10946849122937766,0.07411190139728627,0.018758747550412097,0.0033693394911128993,-0.00039691336811575884,-0.0003091564225642107,0.0027155713017409655,-0.010875222704528325,-0.009508976332380167
403,0.46588720047895854,-0.04111890903501825,0.1051262732663983,0.07374188331797552,0.018189884777552817,0.002554327440895815,-0.0006382556687087038,-0.0003653321842863183,0.0020822460149225314,-0.012204532276727471,-0.008471537618188085
419,0.48116152028866777,0.280477331448447,0.07958705882836985,0.05165042051462872,0.01301367067135438,-0.00218357090195917,-0.0007048849429109674,5.535029958519955e-05,-0.0006795158708662874,0.028381912684482872,0.038615390166758454
432,0.48116812153777877,-0.21275773936812425,-0.022532516341371017,0.05307039690575154,0.0071413817382493805,-0.002455025158726948,0.008010441483555241,0.00048289119118902213,-0.0013571470880396896,-0.014673706458182239,0.03767183253879644
444,0.471458768229448,0.30448316431212313,-0.0004424649629187205,-0.17484780404539285,0.020021449935374164,0.00195533451837851,-0.0007854861107886163,-0.00046957624803968534,0.000628352362132073,-0.026153385801336027,-0.01651038424250298
450,0.5461950370473067,-0.02780095651642364,0.04796399262716386,-0.060707587331943744,-0.012161849410023046,0.0013307071333435866,0.0028275234996647663,0.001371625128260015,0.001537305343562223,0.016225877666695816,0.032743402798949356
461,0.5471721312607396,0.10684395407812607,0.04635190700042163,-0.06594083502883806,-0.01116649397632452,0.001570537098088659,-0.012955989849950347,-0.00031082889352072873,0.0006868465009121361,0.013965447199709428,-0.04607371394512841
462,0.5578259273818715,0.07542660763707261,-0.11291128324231348,-0.07020999905309137,-0.020010243075405776,-0.003746788367935322,0.002172579550348601,-0.0007406005934042087,-0.0035631962486340762,0.010260464654787686,0.036140134378985764
480,0.4760658274556651,-0.10671730755798392,-0.016112776591948805,0.0626493627800079,0.0128165143643309,-0.00042290589784464705,-0.002374426952897777,-0.0010102482674004681,0.0006266529947025756,-0.013996906631095252,-0.01843817177435697
487,0.4764301271765488,-0.08804975544609572,-0.018635425178943524,0.06420159376601425,0.01236674927702347,-0.0009932907747704084,0.009129486349293794,-0.0008661030609320997,0.0003126560299742537,-0.014211162545254615,-0.014694978076905243
490,0.5558269384100345,0.07456016296411892,-0.11398768018162005,-0.06066599599165437,-0.021289758061977027,-0.002649512910543536,0.0008188489566811549,-0.00111828299525768,-0.0013411484624034908,-0.0401735355164022,-0.04629256570659014
538,0.548400790915198,0.5100155131476375,0.04008536527213068,-0.048186031922471464,0.011933368039338782,0.0005381925112909469,0.0011161903799069423,-0.0002643188632477089,0.0006678900406985877,0.012063633724637035,0.02937532805624088
582,0.4710382612711507,-0.07946806844075788,-0.014659983800967585,0.06952947410513169,-0.008875639058841811,0.0008017016539688532,-0.00016041893216691902,-7.227767151411768e-05,0.0007512812623796522,-0.011612332587432432,0.041055326312996604
601,0.5383156314806219,-0.19182883142179674,0.03180782399867313,0.25465938737051397,0.024810420767372304,0.002537992019597049,0.0028649626511445675,-0.0022854041825834115,0.003066975084571655,0.03093577587795046,0.03910640588423686
611,0.4769213253891442,0.28187006273057347,0.08057662216544575,0.06625563320987364,0.012726884902918525,-0.001144754843035209,-0.0011830581911764504,0.000311925064836599,-0.0001232117273169686,-0.016656042133436046,0.040204864891728684
649,0.5497117619170342,0.328520370172586,0.039535296336856846,-0.05723836761259134,0.011288663749314143,-0.0003060143387562525,0.0019619793926828055,0.000514999810795197,-0.0004977338931452108,0.011522509701764994,0.03550799559537052
665,0.4719970846319309,-0.2715732358255164,0.09983483407323976,0.052796603318427254,-0.009197028538294238,0.0016431151874866934,-0.00012833910599074905,0.001964621398074684,0.0017094486066922682,-0.011031094455067827,-0.011314116455582585
674,0.4599758001666897,0.3172543963271617,-0.0009528080649017501,-0.14793375595961586,0.02736147067938957,0.005060559762424338,-0.0030640006350000915,0.0007415598094047821,0.004222278588615,0.0718344364518117,0.036047269844301066
682,0.5492515466337318,0.29146320995818786,0.04257555098863677,-0.05811075061858509,0.011767917719540222,0.0001725140161562555,0.0017503760384177183,0.0008114355563726416,-0.0002768915982096637,0.011757721797682807,0.0338267865449329
694,0.5513486505844285,0.3366023073880184,0.0378579078297053,-0.06339130994932923,0.010863019439236649,-0.0010273844441505003,0.0008878350221894829,-0.0010289310529670997,-0.0015674805049507023,0.01046491384675171,-0.04154918249208456
714,0.46455867384728233,-0.060564469673213106,0.10506852151004288,0.07594104308141775,0.01810165870938235,0.003298505298962612,0.0004414493294656041,0.0003612565000939011,0.004194169946241305,-0.01000642516260665,0.0389350513145517
813,0.5653818504052484,-0.2543046489005584,0.027237117937291624,0.21377000815263053,-0.03256302703085928,-0.006163070747976257,0.006609132979482568,-0.004482986508172401,-0.007388390163385994,-0.10203522386976474,-0.04536046936145294
817,0.5651733737102793,-0.2603776296954695,0.025647445744048494,0.21992784670250617,-0.031116139371788476,-0.0069495186053212255,-0.009329939781804183,-0.004910841347217559,-0.008165836361477413,-0.10200252091153778,-0.043281030870633994
820,0.5513486505844285,0.3366023073880184,0.0378579078297053,-0.06339130994932923,0.010863019439236649,-0.0010273844441505003,0.0008878350221894829,-0.0010289310529670997,-0.0015674805049507023,0.01046491384675171,-0.04154918249208456
847,0.4855613610203324,0.06836455748335124,-0.01240688112847567,-0.2098530656743265,-0.02694526000313907,-0.00374499086054661,-0.0011776894692188955,0.0012606840054162627,-0.0018758995055651317,-0.028698134540238413,0.03207028791103171
849,0.47720319591412186,0.2836175235363089,0.07903656369814045,0.06744308345889971,0.012424391551875358,-0.0014551936478865851,0.010245379964112893,0.00025184536243055833,9.839168199395065e-05,-0.01643977094638376,0.03765148297881282
855,0.4811464434862348,-0.1976034540749756,-0.022239854056904096,0.05030224613938346,0.00948654778803315,-0.0025059561336620018,-0.0024401689613441184,-0.0002879532201073287,-0.0015436567566824988,-0.015569299961990685,-0.013423413776848733
857,0.47407905382803617,0.297493720342271,-0.007937450379070829,0.06432271418095073,-0.011171742277578361,0.0014570520101234996,-0.0027044518641374388,-0.0008040586691977214,0.0006064914149976897,-0.014641127577435388,-0.02139713966814058
859,0.5473249851526143,0.4757008911518572,0.037845575937268325,-0.05335747131241844,0.01205057191322459,-0.0005666262479392392,0.001221500232178728,-0.00191638936870972,-0.0008804099420826883,0.011578161121165637,-0.036310325045397884
892,0.5496502072325465,0.3238703216690919,0.04053344920523577,-0.06357850279411774,0.011335175426734928,-0.0006839532880114074,0.0014101182575275706,-0.0008109690320561996,-0.0013413052652961194,0.011115069105340887,-0.03854839005071432
895,0.5425234879631708,0.32075185724687777,0.04348384439727217,-0.04582656690737631,0.014230334142248363,0.0014651394059136263,0.0020452829979031445,0.0020669272555998014,0.0013532437042190898,-0.03068738974915683,0.03523727392309031
933,0.5404233300748931,0.004271310451707505,0.03741434891391987,0.25674227892065665,0.02238123492179442,0.0033004247938247244,0.0015924437311563358,-0.0026708197561401137,0.002835644908907614,0.03103867332130856,0.024020954890111246
961,0.47430689426820144,-0.17949014506224792,0.1059882627184775,0.05067408069894654,0.015029298633797178,0.001985556947765227,-0.00012027253466222534,0.0009655163479887624,0.0015723703251381005,0.026255067139502482,0.03586591397486301
994,0.47250560565685273,0.3065770837033714,-0.008898138601339575,0.06343934473042549,0.014302784064305907,0.0010718962655807268,-0.0007241059076229447,-0.00026792474445264114,0.0005314558183412352,-0.014881259059195084,0.0376653433991348
1004,0.47860323998526366,-0.06665459860915322,-0.015808622263801614,0.055166260692464525,0.013500273352439834,-0.0011387764463897249,-0.0010560653100276027,-0.001181843897847465,-0.0005607470488280808,0.025502472502731337,0.03613560155360086
1013,0.5488568150509181,0.41962924743786995,-0.09598347218057553,-0.056790607808542004,-0.012598449027276498,0.0002682397931217523,0.001732473461601547,-0.0013019951641174837,1.816278215499567e-05,0.012783681999233437,0.02850353984825324
1023,0.5428789574365518,0.003921775575326386,0.03698299003601606,0.24762907197388145,-0.015606105307239326,0.0016738158014553556,0.0003146137072485497,-0.0023714124106075513,0.0026485232729832747,0.03371186116583074,0.02297175834182391
1060,0.46867201348388365,0.10912348662448337,0.09648577873738078,0.07629545532682494,0.017604653532632242,0.0018513956670397902,-0.0002733447282958282,-0.000712557073580658,0.0021415504802126117,-0.01426506118152417,-0.01219035233928803
1111,0.47312107777835266,-0.10179035113000687,0.10080197525975804,0.06306390531130979,0.01709200474858172,0.0014859631340276847,-0.0024260317896093522,-0.0012428345761901077,0.0013422570573664305,0.0280728628816095,-0.015250311993073529
1158,0.47250560565685273,0.3065770837033714,-0.008898138601339575,0.06343934473042549,0.014302784064305907,0.0010718962655807268,-0.0007241059076229447,-0.00026792474445264114,0.0005314558183412352,-0.014881259059195084,0.0376653433991348
1165,0.48349043637506206,-0.08818656289064034,-0.012419174023232157,-0.20849407360709402,-0.024122191863050674,-0.003253712174603504,-0.0014432625788266748,0.0019462491923896014,-0.0013016858102767176,-0.0246972389466699,-0.01161019653728429
1218,0.46835047698014837,0.1769519278674795,0.09786437621075553,0.074982309544696,0.017438955828383312,0.0022362769372466507,-0.000920293593329527,-0.00038985050291132084,0.0022591465934632335,-0.014251622904396636,-0.010582164788093845
1219,0.47324619123236467,0.10518025159809252,0.09549713927395603,0.06263848349061146,0.017561182726764074,0.0006452939243957179,0.0002573201969375827,-0.0011018299257004316,0.0012868255462730321,0.02904304359141001,-0.01334784308003134
1224,0.5469524104168377,0.3012882550316259,0.043994847081419264,-0.05863603116215706,-0.01142551464624067,0.001250038278150803,-0.015573457629225254,0.0004010065272993524,0.00035516613214732484,0.013050515375535997,0.031496476923184635
1237,0.560840373397486,0.40271592324756644,0.025366048167299787,0.20175604549806891,0.010017685387752134,-0.003907460755793374,0.002491768558220489,0.004449827464177714,-0.0043310035165467775,0.01703137147333423,-0.02696695205461147
1239,0.46598367532281915,-0.04470305648732015,0.10453445046039148,0.07568186400153432,0.01838167589706119,0.0025934494676247005,0.010309576401583871,-0.00025389167279175895,0.002077148511739235,-0.012104295104677414,-0.007535819067952004
1246,0.48266922861813766,0.1388321606040287,-0.01018572758109415,-0.20628085696073845,-0.021593724999966618,-0.0028252748639458897,-0.0004932129230246218,0.0011210398718388276,-0.0020724534836105563,-0.029857326450037767,-0.00984587566237935
1256,0.47157356680021145,0.10863098249523266,-0.012863350609662677,0.07297982969406319,0.015507289090878063,0.0005706684551756575,-0.0014981724306690723,-0.0021222447829326724,0.0005639423275994593,-0.015449405907611749,-0.01397532765999128
1272,0.4750497698433933,0.29904715241062024,-0.008749958488342022,0.0613127996588552,0.014894785916360342,0.000674834283866485,-0.0024508868002093426,-0.001043464914002451,0.000456567988366241,-0.016123630336664578,-0.020973068306245846
1277,0.5454252667245854,0.47508227518774904,-0.08789385041424899,-0.05219322835828641,-0.010733465923763341,0.0018532902874926205,0.0014929080902465822,-0.0014921710999028365,0.0012757281973287266,0.014415782587276472,0.024923908630488045
1283,0.5454973703132023,0.10308563360700837,0.047157323888731256,-0.0576620762258649,-0.012424652816110965,0.0015185177992258908,0.002652243324942405,0.001049514909504362,0.001177338847099904,0.015045560706907109,0.03583861097296126
1289,0.47816910053495815,-0.2946316195790891,-0.016377520461710565,0.047148007211789,-0.00951380127039786,-0.0010277312126490135,-0.0020576543898403396,0.0004552824929961452,-0.0006711066167423563,-0.013238527530766256,-0.013927311390590613
1367,0.47407905382803617,0.297493720342271,-0.007937450379070829,0.06432271418095073,-0.011171742277578361,0.0014570520101234996,-0.0027044518641374388,-0.0008040586691977214,0.0006064914149976897,-0.014641127577435388,-0.02139713966814058
1375,0.5453198213788628,0.4727432342215987,0.042005506475253515,-0.045435127567445596,-0.010685422945778345,0.0013343192562838835,0.0014300250626463964,-0.00022530380167738728,0.0013465555215163294,0.013648767906109027,0.030692355793867754
1376,0.47407905382803617,0.297493720342271,-0.007937450379070829,0.06432271418095073,-0.011171742277578361,0.0014570520101234996,-0.0027044518641374388,-0.0008040586691977214,0.0006064914149976897,-0.014641127577435388,-0.02139713966814058
1414,0.5399764249850965,-0.22119987325755366,0.035135563550579924,0.26663192922890466,-0.015810762308662102,0.0013803601590983983,0.00033614740334980686,-0.0018667159559211943,0.0016698013119796074,0.035357329736777084,-0.04527918345054653
1425,0.4692899516809156,0.1647986226452375,0.09503359518385299,0.07931232652836318,-0.009427712495062579,0.0024075380629895865,-0.00015689722318000532,0.0002534756213094097,0.0027443676082703414,-0.013243923350832867,0.032014385371959386
1457,0.48047204201264965,-0.3251814146124755,-0.019976662479176593,0.04319004910354081,-0.010741218456800261,-0.00189228813135367,-0.0021616102905607157,0.0006689408802389996,-0.0012060979867444255,-0.014157405273572172,-0.013086821673417862
1463,0.4788358303558385,0.27460948018943393,0.08232539624235943,0.06454579297521033,0.013011853348797148,-0.0013615685506810915,-0.0026331085419301625,-0.00030617972386437486,-0.0004055319937617749,-0.017365820944493245,-0.016508827672544316
1491,0.5459496943754971,-0.2273244559452689,0.037259473124229364,-0.06586837156702037,0.015531847410418964,-0.0009468069572349108,0.005805905758732036,0.0019302870036128628,-0.0003829616816310305,0.014072029365027657,0.05375673908518851
1498,0.47553478950483435,0.08198878705966171,-0.007196816058126998,-0.18933629037997995,0.02205175323136163,0.0013841568327713633,-0.0008806546889887565,-7.126448705721544e-06,0.0005563132818228317,-0.027738079881403248,-0.012824929313409339
1501,0.47407905382803617,0.297493720342271,-0.007937450379070829,0.06432271418095073,-0.011171742277578361,0.0014570520101234996,-0.0027044518641374388,-0.0008040586691977214,0.0006064914149976897,-0.014641127577435388,-0.02139713966814058
1508,0.4740333915306452,0.1011159096236958,-0.01286482622589663,0.06678490784366058,-0.01016890500863843,0.0008864582801545867,-0.00010121640231729179,-0.002211917930156751,0.0006418987169329038,0.02781920005463664,0.03448765900036309
1514,0.47367154569301445,0.30374849551212535,-0.0008107704625138629,-0.18201734296717498,-0.016978412905557322,0.0006848330125361485,-0.0015248175501643493,-0.0006390665176034122,0.00047666357585292307,-0.02456629879806605,-0.01758093984540371
1528,0.5497759636057185,0.40987602009607915,-0.09672884996001846,-0.05786908248744191,-0.013238748064605094,4.118634793283393e-05,0.0016022217399345243,-0.001290713783145478,4.6696488557720905e-05,0.012137425163377444,0.027750847912096588
1531,0.5417821681354268,0.5537903050182125,-0.07559314701713114,-0.05118019209374648,0.017073690588783663,0.00327238805312359,0.0020463901635694864,-0.0009091767293052389,0.0021517713029557822,0.015423988720866477,0.02765187869454036
1532,0.5485660559613599,0.4542907262012504,0.03972395090024247,-0.04765171343561919,0.011560712226460323,0.0004396107077195843,0.001074615540098127,-0.00029411891591910044,0.0006807574062574206,0.012086545643893006,0.028902891807587372
1539,0.4737927132008235,-0.10415982742359178,-0.014366074626527475,0.06644441677072294,-0.009748711269874755,0.0007866046648896813,-0.002388095049295196,-0.001133432011212479,0.0011268849479767334,-0.012534974454891268,-0.01892596799613111
1550,0.5478056176527717,0.41247566907124866,0.041456726000917474,-0.049860482340868054,0.012217396949610881,0.0005429566614314485,0.0013938002384599815,-7.342042471347732e-05,0.0006084743322303937,0.011982490637129223,0.03202164201381916
1568,0.5559250156131398,-0.2623449451438946,0.03544602489191126,-0.07683055394030254,0.016241594552339644,-0.0008689515516718399,0.0006043535977334202,-0.0004545640015803931,0.0003410869289040136,0.015311818184733941,-0.05951411575531834
1571,0.5467817301473844,0.48843532044435045,0.038012290223955636,-0.052286947890146165,0.012115677584540296,-0.0006004229014348467,0.0012881574629700215,-0.0020037087210498516,-0.0009874414176657687,0.011667682189982181,-0.035038359368935956
1580,0.5428789574365518,0.003921775575326386,0.03698299003601606,0.24762907197388145,-0.015606105307239326,0.0016738158014553556,0.0003146137072485497,-0.0023714124106075513,0.0026485232729832747,0.03371186116583074,0.02297175834182391
1582,0.4720529207488486,0.17298612245441242,-0.014374846674095623,0.07082051828305228,0.013202576798835047,0.00030827239587515043,0.013697030821175814,-0.0013001005782182634,0.0007896562424781206,-0.01608182187071683,-0.011084113864385042
1599,0.5458826084306103,0.4593071411142332,0.04161440233274724,-0.04569465030276476,-0.010687376794375342,0.0012931438424505781,0.0012555947076421242,-0.0002040537440485407,0.0014340637475152573,0.01361489888173479,0.028808421393612088
1601,0.5480748389982658,-0.030015840669484595,0.04601911236396711,-0.06329877568123721,0.013161326846248156,0.0005043827508325327,0.003375985635958756,0.0013679443108211703,0.0011390785896685657,0.01463291167652015,0.032910682389149806
1623,0.48479793710399666,-0.08691736303321948,-0.012884805095222746,-0.21392661194627424,-0.024287891102209996,-0.00339346417761735,-0.001641713326775103,0.0013815726788809213,-0.0014019044797567576,-0.024390174274725424,0.03318687200905526
1635,0.47720319591412186,0.2836175235363089,0.07903656369814045,0.06744308345889971,0.012424391551875358,-0.0014551936478865851,0.010245379964112893,0.00025184536243055833,9.839168199395065e-05,-0.01643977094638376,0.03765148297881282
1645,0.4769213253891442,0.28187006273057347,0.08057662216544575,0.06625563320987364,0.012726884902918525,-0.001144754843035209,-0.0011830581911764504,0.000311925064836599,-0.0001232117273169686,-0.016656042133436046,0.040204864891728684
1673,0.5489282734915744,-0.22407023515887178,-0.09448540333095076,-0.07547978912209327,-0.020005247121003156,-0.0014489306901743076,0.00698100339284162,0.0011447740258827,-0.0013509047492075155,0.014754611133044021,0.04867382369239541
1677,0.47878560706523565,0.2960715377273994,-0.008110294399207546,0.051038406598142703,-0.014089920444431775,0.0004961332361696769,-0.002171190557835878,-0.001658946821799484,-0.0004421900248364474,0.028372505903286657,-0.023192618850894506
1684,0.48266922861813766,0.1388321606040287,-0.01018572758109415,-0.20628085696073845,-0.021593724999966618,-0.0028252748639458897,-0.0004932129230246218,0.0011210398718388276,-0.0020724534836105563,-0.029857326450037767,-0.00984587566237935
1687,0.5610484202660595,-0.049500156750819896,-0.11746359425619378,-0.08459809990773548,-0.022809788724845792,-0.005822130023346431,0.00397295985118553,-0.000592176076536638,-0.005246071070739697,0.009467795843583884,-0.030703351202045565
1699,0.4751839599990356,0.16436439875421732,-0.011696150068610245,0.061722307132430196,-0.010842538042776101,0.000980490813406329,0.0001951952260233064,-0.0015467168900165085,0.0004456323297935272,0.03078344761919614,0.030059243812030068
1711,0.47407905382803617,0.297493720342271,-0.007937450379070829,0.06432271418095073,-0.011171742277578361,0.0014570520101234996,-0.0027044518641374388,-0.0008040586691977214,0.0006064914149976897,-0.014641127577435388,-0.02139713966814058
1730,0.47873865920262654,0.2741570760451432,0.08194972645236559,0.06612363573943976,-0.014481608281832564,-0.0010144307310797351,-0.0029136131231838475,-0.0003244716421798993,-0.0006389915020988263,-0.016908696321593645,-0.017172054411899118
1734,0.5399764249850965,-0.22119987325755366,0.035135563550579924,0.26663192922890466,-0.015810762308662102,0.0013803601590983983,0.00033614740334980686,-0.0018667159559211943,0.0016698013119796074,0.035357329736777084,-0.04527918345054653
1735,0.47407905382803617,0.297493720342271,-0.007937450379070829,0.06432271418095073,-0.011171742277578361,0.0014570520101234996,-0.0027044518641374388,-0.0008040586691977214,0.0006064914149976897,-0.014641127577435388,-0.02139713966814058
1740,0.46892895975746174,0.10450158759750229,-0.012002448990073036,0.0796277535417986,-0.007653920789858298,0.0020231378375795833,-0.0005458599221127847,-0.001223590756584264,0.0017543175937976274,-0.012859989152928304,0.03619584992320907
1775,0.5419430362506755,-0.1974223818220835,0.03059294167290416,0.24738059406985674,-0.01778136359108315,0.0008657592694430727,0.0016505093778613686,-0.002478504091508321,0.0025909450826630126,0.03316985648918994,0.037400036505949044
1785,0.45874565722917093,0.31115829878961976,0.0010557785005460285,-0.14046547633249493,0.027892782567214475,0.0052188869187373005,-0.0033822922953169604,0.0012035031867240753,0.00374373827703213,0.07209519160879849,-0.012581016843223991
1800,0.47157356680021145,0.10863098249523266,-0.012863350609662677,0.07297982969406319,0.015507289090878063,0.0005706684551756575,-0.0014981724306690723,-0.0021222447829326724,0.0005639423275994593,-0.015449405907611749,-0.01397532765999128
1801,0.46843228457545316,-0.06357246105320358,0.10831049820452168,0.0677487699102785,-0.008380575277716212,0.003511463426273828,-0.0013535971255061105,-0.0017968819682975118,0.0017708544150737277,0.02613646110756545,-0.012213739633559609
1809,0.5456750505554522,0.47319992066356653,-0.0885231459552322,-0.05222146721561603,-0.010858998708042994,0.0017534668228460781,0.001458840478063446,-0.001505028762191496,0.0012565506112582753,0.014313842082832831,0.024842271819957046
1810,0.46867201348388365,0.10912348662448337,0.09648577873738078,0.07629545532682494,0.017604653532632242,0.0018513956670397902,-0.0002733447282958282,-0.000712557073580658,0.0021415504802126117,-0.01426506118152417,-0.01219035233928803
1836,0.4718720085336516,0.3090471931416181,-0.008613471673770579,0.06503935589711615,0.013261496512794235,0.0010519979097499271,0.012691229932173184,3.123836412764758e-05,0.001312031943074013,-0.014816041535037152,0.03630793223363357
1855,0.47415157156424154,-0.08291306918483902,-0.016550639126709177,0.06644552564771362,-0.01052631935012599,0.00039988162678659955,-0.0021176270791693104,-0.001162305173539227,0.0008845881414487472,-0.013197534954233658,-0.0163507033534339
1865,0.4837669755759132,0.06857535164982362,-0.010831648819235581,-0.20647897962813036,-0.025363389645652323,-0.0035501493893099895,-0.0006266054829287826,0.0017682145968711122,-0.0019003416998052275,-0.02845045310057412,-0.011591266278762974
1869,0.5407831716617872,0.4238227607878414,0.042462491051711765,-0.0384476319330153,0.014902441351304252,0.0018317285599112193,0.001600970607985662,0.001360583017591857,0.0022594124494794976,-0.029475870263044587,0.03440194338050856
1893,0.4769213253891442,0.28187006273057347,0.08057662216544575,0.06625563320987364,0.012726884902918525,-0.001144754843035209,-0.0011830581911764504,0.000311925064836599,-0.0001232117273169686,-0.016656042133436046,0.040204864891728684
1894,0.5478922618577096,0.46707437749180947,0.04029564337917023,-0.04736352222436485,0.011662971556579887,0.000512418342927104,0.0012909331321365389,-0.0002967389142483623,0.0006376277032163757,0.012169022605174447,0.03079103504556313
1901,0.5497117619170342,0.328520370172586,0.039535296336856846,-0.05723836761259134,0.011288663749314143,-0.0003060143387562525,0.0019619793926828055,0.000514999810795197,-0.0004977338931452108,0.011522509701764994,0.03550799559537052
1905,0.5671776370061699,-0.22991502632595767,0.02265270234110156,0.19420879776984745,-0.034501578303245906,-0.006595713848370474,0.00809282498779653,-0.005058428022513217,-0.006461704778667449,-0.10388117520984441,0.03762147995250706
1907,0.46831661042448935,0.17679213705632268,0.09625491785555099,0.07661940531547998,-0.009796439227899675,0.0020872323160355255,-0.000622867081034359,-0.0006408521676514872,0.0018801752208375266,-0.013807954228526962,-0.010270413359228209
1971,0.4650277722476136,0.309014942501041,-0.0002866021515434969,-0.15206352363311235,-0.018402079050648376,0.002433338909427013,-0.0029339582175296613,-4.169540584336717e-05,0.00258504567250184,0.06446580516081037,-0.014380310900550808
1975,0.47157356680021145,0.10863098249523266,-0.012863350609662677,0.07297982969406319,0.015507289090878063,0.0005706684551756575,-0.0014981724306690723,-0.0021222447829326724,0.0005639423275994593,-0.015449405907611749,-0.01397532765999128
1983,0.4715782937707872,0.3071692608874658,-0.0004622335319356685,-0.17892191878403618,0.019767920133609784,0.0019975025855399203,0.009946779978756468,-0.00031556527930963474,0.0010470441008817444,-0.0257397583335155,-0.015842263279703256
1992,0.5478056176527717,0.41247566907124866,0.041456726000917474,-0.049860482340868054,0.012217396949610881,0.0005429566614314485,0.0013938002384599815,-7.342042471347732e-05,0.0006084743322303937,0.011982490637129223,0.03202164201381916
2042,0.4749864070704526,0.309845852135899,-0.0029475472887982024,-0.19077687787819186,-0.01740688729495793,0.0004916011041960211,-0.0012464918823971022,-0.0009462184868718471,0.0011507784446562197,-0.024120598813569726,0.03138923167800228
2043,0.4755083133172956,0.3037620491661203,-0.008257750587055537,0.05382964812747024,-0.012523959667717244,0.0007475119416902043,-0.00016012176889020763,-0.0005966200807203392,-0.0002063506777121582,0.029529079898191916,0.03720746804186696
2046,0.5452933293024478,0.5274522759682864,-0.08365995733179049,-0.05149281821500186,0.015792229982238892,0.0019298586337100493,0.0012001403457899407,-0.0012446346410444759,0.0015556131659361788,0.014161097130284989,0.02571866069545073
2054,0.5478922618577096,0.46707437749180947,0.04029564337917023,-0.04736352222436485,0.011662971556579887,0.000512418342927104,0.0012909331321365389,-0.0002967389142483623,0.0006376277032163757,0.012169022605174447,0.03079103504556313
2055,0.46831661042448935,0.17679213705632268,0.09625491785555099,0.07661940531547998,-0.009796439227899675,0.0020872323160355255,-0.000622867081034359,-0.0006408521676514872,0.0018801752208375266,-0.013807954228526962,-0.010270413359228209
2058,0.4729018305129279,-0.18530232318984136,0.10786274783041272,0.05007739271950135,-0.00982353368453659,0.0027213450794117827,-0.0007172800921548157,0.00030833095580323766,0.0014891130736605224,0.025659172052298763,-0.01328278388463379
2094,0.4692899516809156,0.1647986226452375,0.09503359518385299,0.07931232652836318,-0.009427712495062579,0.0024075380629895865,-0.00015689722318000532,0.0002534756213094097,0.0027443676082703414,-0.013243923350832867,0.032014385371959386
2103,0.5478337753149232,0.4111301916938549,0.04128695078956726,-0.04997542952943865,0.01211571368690606,0.0004519387619083687,0.0014293163723906252,-7.143858052022223e-05,0.0005115800012369526,0.011916606946513822,0.03254004951517067
2122,0.4750497698433933,0.29904715241062024,-0.008749958488342022,0.0613127996588552,0.014894785916360342,0.000674834283866485,-0.0024508868002093426,-0.001043464914002451,0.000456567988366241,-0.016123630336664578,-0.020973068306245846
2148,0.4692899516809156,0.1647986226452375,0.09503359518385299,0.07931232652836318,-0.009427712495062579,0.0024075380629895865,-0.00015689722318000532,0.0002534756213094097,0.0027443676082703414,-0.013243923350832867,0.032014385371959386
2196,0.46707509962735505,0.11131154412281756,0.09778381625727811,0.0774572720242809,0.017968215584538344,0.0022651030303011827,0.0007146577404460661,0.00013850208461882452,0.001872537807339661,-0.013484258786042546,0.04009174846265845
2212,0.47407905382803617,0.297493720342271,-0.007937450379070829,0.06432271418095073,-0.011171742277578361,0.0014570520101234996,-0.0027044518641374388,-0.0008040586691977214,0.0006064914149976897,-0.014641127577435388,-0.02139713966814058
2214,0.46835047698014837,0.1769519278674795,0.09786437621075553,0.074982309544696,0.017438955828383312,0.0022362769372466507,-0.000920293593329527,-0.00038985050291132084,0.0022591465934632335,-0.014251622904396636,-0.010582164788093845
2219,0.5525072853143016,0.08179671932271561,-0.11230361750338681,-0.05430065953720707,-0.020981176732889184,-0.0022117495246328223,0.001626336220006186,-0.0003620937842400418,-0.0025986460667779127,-0.040086658645570136,0.0374359532972354
2236,0.5459496943754971,-0.2273244559452689,0.037259473124229364,-0.06586837156702037,0.015531847410418964,-0.0009468069572349108,0.005805905758732036,0.0019302870036128628,-0.0003829616816310305,0.014072029365027657,0.05375673908518851
2261,0.47362210802376326,-0.058413960005182425,-0.014769366798661088,0.06626334289507319,-0.010569887672734785,0.0006654224133184478,-0.001755278916326524,-0.0011821688044092865,0.0006828626651149416,-0.014077623933181477,-0.014996927046568534
2275,0.5468572939280996,0.3138284595662244,0.044320904107164605,-0.05454991047141909,-0.012039941091349204,0.0011259670056267962,0.0018206437315254828,0.0005463273012041026,0.00040066041455795454,0.013328277154414939,0.032795534669829735
2280,0.557704657689621,0.2766171571993667,0.029975646479702273,0.2127901552316021,-0.021416705395957858,-0.002334961892462753,0.0003580114205787993,-0.0002266590179449135,-0.0021110410111298272,0.020703812939647234,0.024402692941464132
2289,0.5419430362506755,-0.1974223818220835,0.03059294167290416,0.24738059406985674,-0.01778136359108315,0.0008657592694430727,0.0016505093778613686,-0.002478504091508321,0.0025909450826630126,0.03316985648918994,0.037400036505949044
2294,0.48573838218991094,0.13072806822627997,-0.01053328033356371,-0.21078655552419678,-0.022705964974633785,-0.002792569854393495,-0.0012399291023304365,0.00034697791167627445,-0.0018291917811516234,-0.03013440485196254,0.02701585404157092
2325,0.5526786189113738,-0.24720307060295177,-0.08661502916653716,-0.0818169378677816,0.019765152990193657,0.001293819249662001,0.001204124910327918,-0.0001498572723355046,0.0012619626852435756,0.016207397090474356,-0.05964925397515371
2340,0.5425697745944298,-0.03018857043204562,0.04732496691989453,-0.041976885216748194,-0.013629478093429737,0.0025016991267173827,0.001491986577215304,0.001226387599320658,0.001730644608582882,-0.04172588003971814,0.034713640605407575
2349,0.548273533515284,0.42688891153758707,0.03893115888019108,-0.055830869662782154,0.012066600031336694,-0.0003914406865078157,0.0008665141787547043,-0.0016612103369423314,-0.0005157195357869265,0.011405222988258759,-0.039636886701501395
2384,0.47367154569301445,0.30374849551212535,-0.0008107704625138629,-0.18201734296717498,-0.016978412905557322,0.0006848330125361485,-0.0015248175501643493,-0.0006390665176034122,0.00047666357585292307,-0.02456629879806605,-0.01758093984540371
2386,0.5383156314806219,-0.19182883142179674,0.03180782399867313,0.25465938737051397,0.024810420767372304,0.002537992019597049,0.0028649626511445675,-0.0022854041825834115,0.003066975084571655,0.03093577587795046,0.03910640588423686
2482,0.4749649527478331,-0.18273853700131537,-0.01265816963106009,-0.17879048852930227,0.016627546808478583,0.00020180607653334792,-0.0018231755481895387,-0.00019851541452688137,0.0010407550024883472,-0.022363968714871115,-0.013639783016122078
2503,0.47860551335877155,-0.46595546012760025,0.0850191634229256,0.046767023704161165,-0.01185972978549521,-0.0013223619372879497,-0.000875412673057175,0.001683019376949535,-0.0009213123672320439,-0.013757018566079847,-0.007731387906869294
2548,0.4804057330920753,-0.33499104891754294,-0.019893937575316184,0.0455839114720673,-0.00961252040549243,-0.001436682602179537,-0.00134851343394142,0.0018286441009840726,-0.0002698484750600916,-0.013059774046093221,0.03318118016617712
2557,0.4664565162179447,-0.04579470584946915,0.10088090069955069,0.07600013463013502,0.01759416947597256,0.0024817244730460236,-1.000592099113795e-06,0.00021819199694138314,0.003566340266890164,-0.011316016497625168,0.03824683734479979
2569,0.47024860130488266,0.1659126037155924,0.09571745533080395,0.0783771748193006,0.01690249929101359,0.0022155627084231577,0.00888199134912697,-0.00027834853382416314,0.002541112953751,-0.013490454028837875,0.028628390734480688
2571,0.5404233300748931,0.004271310451707505,0.03741434891391987,0.25674227892065665,0.02238123492179442,0.0033004247938247244,0.0015924437311563358,-0.0026708197561401137,0.002835644908907614,0.03103867332130856,0.024020954890111246
2584,0.5568352082230519,-0.2583712931009466,-0.09061888172625948,-0.0835462759400798,-0.01940728778329917,-0.0006524079020073792,0.0016055936654575248,-0.00029056830004738077,-0.0009757183215081677,0.015277222100253101,-0.05821136431459924
2587,0.5543481530780441,-0.012488275220985029,0.034050334582453656,0.21528295247593804,0.02515318422912005,0.000728239862830049,0.0037870540162439417,-0.0036445796569756217,-0.0014842666538149862,-0.08306142750678942,0.021508382284245425
2610,0.543793856797133,0.53476380053824,-0.08479702945526263,-0.0509157724446581,-0.009634374158911302,0.0025514683587937598,0.0013442273123366252,-0.0015487296109620713,0.0020858466584560004,0.015384194953010286,0.024493604849369133
2635,0.5484714871308227,0.4535702078021016,0.03993872990918976,-0.047599554550311576,0.01160312659901011,0.0004856197467573986,0.001093561046259614,-0.0002887836402685334,0.0007053657513524381,0.012124966725092917,0.02888306544341457
2636,0.4732152606383759,0.17160779029964435,-0.014804010190285086,0.06919532789868318,0.013972612020750202,2.8811043911391998e-05,-0.0014066640071586922,-0.0018247561618104924,0.0003457770479291661,-0.01618470058118375,-0.012752535127001113
2652,0.46831661042448935,0.17679213705632268,0.09625491785555099,0.07661940531547998,-0.009796439227899675,0.0020872323160355255,-0.000622867081034359,-0.0006408521676514872,0.0018801752208375266,-0.013807954228526962,-0.010270413359228209
2659,0.4732152606383759,0.17160779029964435,-0.014804010190285086,0.06919532789868318,0.013972612020750202,2.8811043911391998e-05,-0.0014066640071586922,-0.0018247561618104924,0.0003457770479291661,-0.01618470058118375,-0.012752535127001113
2699,0.4790541483805754,-0.2064662862678103,-0.02065233669470365,0.05197884820118342,-0.011713213379958232,-0.001343770672611419,-0.002498739153416172,-0.00014867871533634502,-0.0006843794821571741,-0.013389940809421191,-0.015017498502909662
2705,0.548262837742776,0.4040982404050081,0.04129023710882493,-0.0510185937575017,0.012188949979032082,0.0005483369205795258,0.0011796759693744469,6.258140029231918e-05,0.0006260650158029235,0.012118438339931724,0.031245360896931862
2709,0.5488325644550375,0.4563493455672972,0.03911645948567134,-0.047677469983345225,0.01147639393515057,0.00033677947195319413,0.0010349254590111476,-0.00031813951126054285,0.0005881863421007966,0.011956064177481546,0.02879685901097384
2716,0.47407905382803617,0.297493720342271,-0.007937450379070829,0.06432271418095073,-0.011171742277578361,0.0014570520101234996,-0.0027044518641374388,-0.0008040586691977214,0.0006064914149976897,-0.014641127577435388,-0.02139713966814058
2735,0.4788358303558385,0.27460948018943393,0.08232539624235943,0.06454579297521033,0.013011853348797148,-0.0013615685506810915,-0.0026331085419301625,-0.00030617972386437486,-0.0004055319937617749,-0.017365820944493245,-0.016508827672544316
2748,0.47361978870323257,0.16170859395786347,-0.013419165930536006,0.07316495445106545,0.012681396472546569,0.0006975392166431449,0.01070674322799111,-0.001041222984970086,0.0012864444320356966,-0.01547359581525606,0.028837843200796492
2750,0.5383156314806219,-0.19182883142179674,0.03180782399867313,0.25465938737051397,0.024810420767372304,0.002537992019597049,0.0028649626511445675,-0.0022854041825834115,0.003066975084571655,0.03093577587795046,0.03910640588423686
2753,0.4732152606383759,0.17160779029964435,-0.014804010190285086,0.06919532789868318,0.013972612020750202,2.8811043911391998e-05,-0.0014066640071586922,-0.0018247561618104924,0.0003457770479291661,-0.01618470058118375,-0.012752535127001113
2757,0.5502057979820266,0.42583502278209107,-0.09466439403181054,-0.06339757567651542,0.011726001670704506,-0.0010363794160234002,0.0016292332368154291,-0.001973060016035477,-0.001320987255028147,0.010842582639540813,-0.038541234494329404
2763,0.5425879872922612,-0.013687573989767332,0.04503433472997534,-0.0485101511151346,-0.012713896564176375,0.0017719066335942363,0.0008061886510046731,-0.00019012070454474395,0.000627147793943586,-0.04275327478866553,-0.0348664387168435
2784,0.4732152606383759,0.17160779029964435,-0.014804010190285086,0.06919532789868318,0.013972612020750202,2.8811043911391998e-05,-0.0014066640071586922,-0.0018247561618104924,0.0003457770479291661,-0.01618470058118375,-0.012752535127001113
2858,0.5425162807490527,0.30300765698625065,0.043554571965475214,-0.0469991542055397,0.014427999551558157,0.001404983046775568,0.002031954271265214,0.0022142833368511694,0.0013148669732383766,-0.03052344918984609,0.03611396116348439
2891,0.48573838218991094,0.13072806822627997,-0.01053328033356371,-0.21078655552419678,-0.022705964974633785,-0.002792569854393495,-0.0012399291023304365,0.00034697791167627445,-0.0018291917811516234,-0.03013440485196254,0.02701585404157092
2892,0.47407905382803617,0.297493720342271,-0.007937450379070829,0.06432271418095073,-0.011171742277578361,0.0014570520101234996,-0.0027044518641374388,-0.0008040586691977214,0.0006064914149976897,-0.014641127577435388,-0.02139713966814058
2906,0.5401025485470357,0.10961646250487359,0.047683962103556465,-0.04158387612231898,-0.013417134399287406,0.003037526599191015,0.002082634220060914,0.0014395545155011652,0.002170827142832704,-0.03536053487413095,0.03728134248717871
2929,0.5420056148494004,0.5071626749605441,-0.0873540540597305,-0.05771904325184336,-0.009561995673435048,0.001351268449213766,-0.010820860759350431,-0.001980638654890135,0.000954094298599717,0.01356862929269561,-0.03329011052023424
2931,0.5582309430968945,-0.27250477634618075,0.0348937169113389,-0.07639861756787553,-0.0188733006717563,-0.0014780196307696697,0.0004935408475277223,0.0003415984739167238,-0.00029655509740893204,0.01450041670028782,-0.05965278112547169
2934,0.5554695802548294,0.2752793218199858,0.03058302936523459,0.22183689348072516,0.015164269276640302,-0.0007504367360030573,0.0006448766608670511,-0.0003209562425192103,-0.002120947784385166,0.019277409875524593,0.02569054125688916
2945,0.47250560565685273,0.3065770837033714,-0.008898138601339575,0.06343934473042549,0.014302784064305907,0.0010718962655807268,-0.0007241059076229447,-0.00026792474445264114,0.0005314558183412352,-0.014881259059195084,0.0376653433991348
2963,0.4788358303558385,0.27460948018943393,0.08232539624235943,0.06454579297521033,0.013011853348797148,-0.0013615685506810915,-0.0026331085419301625,-0.00030617972386437486,-0.0004055319937617749,-0.017365820944493245,-0.016508827672544316
2966,0.5461950370473067,-0.02780095651642364,0.04796399262716386,-0.060707587331943744,-0.012161849410023046,0.0013307071333435866,0.0028275234996647663,0.001371625128260015,0.001537305343562223,0.016225877666695816,0.032743402798949356
2978,0.478983352772932,-0.4735316207979807,-0.015594993019089481,0.048850774625477635,-0.010159848381942782,-0.0005325556268713852,-0.0013223744596607967,0.0016813157854694005,0.0002476295596322148,-0.012096276146669036,0.0299239693409704
2987,0.4690289732837217,-0.18103284692763766,0.1089848556428089,0.057228438129718465,0.015403731304321211,0.0028981923112878505,-0.0001474683952566551,0.0016957861194294016,0.0021968766457527433,-0.010790527182814237,-0.010949275154662125
3010,0.46588720047895854,-0.04111890903501825,0.1051262732663983,0.07374188331797552,0.018189884777552817,0.002554327440895815,-0.0006382556687087038,-0.0003653321842863183,0.0020822460149225314,-0.012204532276727471,-0.008471537618188085
3012,0.4749864070704526,0.309845852135899,-0.0029475472887982024,-0.19077687787819186,-0.01740688729495793,0.0004916011041960211,-0.0012464918823971022,-0.0009462184868718471,0.0011507784446562197,-0.024120598813569726,0.03138923167800228
3016,0.5478056176527717,0.41247566907124866,0.041456726000917474,-0.049860482340868054,0.012217396949610881,0.0005429566614314485,0.0013938002384599815,-7.342042471347732e-05,0.0006084743322303937,0.011982490637129223,0.03202164201381916
3044,0.4732152606383759,0.17160779029964435,-0.014804010190285086,0.06919532789868318,0.013972612020750202,2.8811043911391998e-05,-0.0014066640071586922,-0.0018247561618104924,0.0003457770479291661,-0.01618470058118375,-0.012752535127001113
3046,0.5547566760583242,0.31743422135856225,0.03539088308800839,0.19848456975069312,0.020867701382644793,0.00016071329597433515,-0.0012362146108163344,-0.0012857338953221331,0.0003623923664578671,-0.059268536039369164,0.019298746775777337
3071,0.4718720085336516,0.3090471931416181,-0.008613471673770579,0.06503935589711615,0.013261496512794235,0.0010519979097499271,0.012691229932173184,3.123836412764758e-05,0.001312031943074013,-0.014816041535037152,0.03630793223363357
3077,0.47085560378773605,0.1629557573911123,-0.0114275528697345,0.07598577506447804,-0.008084968439957568,0.0017355445992685015,-0.0006487326424745241,-0.0008551476209402442,0.0012580101339631222,-0.013954818461178856,0.032395618459199346
3084,0.4705322830350531,0.30522553887227155,-0.00791481089953723,0.06710538580899328,-0.009300474508648376,0.0015886538692685415,-0.0005905473629509439,0.00027763077647144363,0.0008290653759052136,-0.012750524534292162,0.03972975779888843
3091,0.5577805630431637,-0.28801907819026934,0.03211164972209285,-0.059586440815517144,-0.01823778196691564,-0.001100735360862054,-0.02570970221097199,-0.0008650055656105049,-0.002155761977416154,-0.04619389035719962,-0.055214076075798285
3161,0.5478337753149232,0.4111301916938549,0.04128695078956726,-0.04997542952943865,0.01211571368690606,0.0004519387619083687,0.0014293163723906252,-7.143858052022223e-05,0.0005115800012369526,0.011916606946513822,0.03254004951517067
3169,0.47362210802376326,-0.058413960005182425,-0.014769366798661088,0.06626334289507319,-0.010569887672734785,0.0006654224133184478,-0.001755278916326524,-0.0011821688044092865,0.0006828626651149416,-0.014077623933181477,-0.014996927046568534
3175,0.4599758001666897,0.3172543963271617,-0.0009528080649017501,-0.14793375595961586,0.02736147067938957,0.005060559762424338,-0.0030640006350000915,0.0007415598094047821,0.004222278588615,0.0718344364518117,0.036047269844301066
3181,0.47361978870323257,0.16170859395786347,-0.013419165930536006,0.07316495445106545,0.012681396472546569,0.0006975392166431449,0.01070674322799111,-0.001041222984970086,0.0012864444320356966,-0.01547359581525606,0.028837843200796492
3184,0.47920227518277064,0.14107688440450983,-0.009296874186452267,-0.1957483906673086,0.016556191772664652,-0.0006090556648701562,-0.00024269395949341743,0.0007874874342890803,-0.0015479353289662295,-0.030804121077446886,-0.009235649508278085
3187,0.48116152028866777,0.280477331448447,0.07958705882836985,0.05165042051462872,0.01301367067135438,-0.00218357090195917,-0.0007048849429109674,5.535029958519955e-05,-0.0006795158708662874,0.028381912684482872,0.038615390166758454
3190,0.4770840026286649,0.3016623285380894,-0.008846714046823814,0.048823012361788036,0.014625081659870004,-0.00024405700664550944,0.014330003638766423,-0.0002835814123975655,0.001074587094594348,0.0309105396716728,-0.020780363293460988
3195,0.5483343357151139,0.10269294520577732,0.04607624814614339,-0.06402507072601463,-0.012305148980592706,0.0010778698008621357,0.0013276944833380475,-0.0005520393827217057,0.0003879109696562216,0.014074892538576883,-0.04761360843600157
3202,0.5576541881492171,-0.05248759921841896,-0.11748823181877471,-0.0664845920659992,-0.02481030567803777,-0.0048923408407674784,0.0032100745114143556,-0.0010477785433340436,-0.0053985399315358285,-0.04836181505388994,-0.0284977454207707
3231,0.5474245203839252,0.3328778353117793,0.04102895441564297,-0.05478819722232599,-0.012209818886981527,0.0005238629615742368,0.0020140193949413285,0.0004765604195083317,0.00011549357352219625,0.012921004954519831,0.035312242084753864
3244,0.472711111685417,-0.30884836394299214,0.10422875259455629,0.05027041125786293,0.013863316676689053,0.00151968070198287,0.011033319318251425,0.0025374512094095553,0.0014196291312334325,-0.011558109781753772,-0.008814624537839807
3252,0.46266378435908595,-0.05490422196591577,0.1101810002361827,0.07733398806973202,-0.005822985415158938,0.004615393976453497,-0.0009213389826209784,-0.0006512125833047222,0.0029470539447413735,-0.00974235642823525,-0.010630835910046765
3260,0.4755083133172956,0.3037620491661203,-0.008257750587055537,0.05382964812747024,-0.012523959667717244,0.0007475119416902043,-0.00016012176889020763,-0.0005966200807203392,-0.0002063506777121582,0.029529079898191916,0.03720746804186696
3268,0.5337316026094088,0.016023467186220663,0.03934670917087152,0.26623725541554416,0.025271663423000246,0.0036711956548036995,0.003986955670363786,-0.0004271179015866433,0.0028666319814206476,0.03278803468943818,-0.02800034467453505
3271,0.548400790915198,0.5100155131476375,0.04008536527213068,-0.048186031922471464,0.011933368039338782,0.0005381925112909469,0.0011161903799069423,-0.0002643188632477089,0.0006678900406985877,0.012063633724637035,0.02937532805624088
3273,0.4705322830350531,0.30522553887227155,-0.00791481089953723,0.06710538580899328,-0.009300474508648376,0.0015886538692685415,-0.0005905473629509439,0.00027763077647144363,0.0008290653759052136,-0.012750524534292162,0.03972975779888843
3295,0.5401025485470357,0.10961646250487359,0.047683962103556465,-0.04158387612231898,-0.013417134399287406,0.003037526599191015,0.002082634220060914,0.0014395545155011652,0.002170827142832704,-0.03536053487413095,0.03728134248717871
3305,0.47407905382803617,0.297493720342271,-0.007937450379070829,0.06432271418095073,-0.011171742277578361,0.0014570520101234996,-0.0027044518641374388,-0.0008040586691977214,0.0006064914149976897,-0.014641127577435388,-0.02139713966814058
3318,0.4788358303558385,0.27460948018943393,0.08232539624235943,0.06454579297521033,0.013011853348797148,-0.0013615685506810915,-0.0026331085419301625,-0.00030617972386437486,-0.0004055319937617749,-0.017365820944493245,-0.016508827672544316
3319,0.5454973703132023,0.10308563360700837,0.047157323888731256,-0.0576620762258649,-0.012424652816110965,0.0015185177992258908,0.002652243324942405,0.001049514909504362,0.001177338847099904,0.015045560706907109,0.03583861097296126
3350,0.4710382612711507,-0.07946806844075788,-0.014659983800967585,0.06952947410513169,-0.008875639058841811,0.0008017016539688532,-0.00016041893216691902,-7.227767151411768e-05,0.0007512812623796522,-0.011612332587432432,0.041055326312996604
3356,0.46948266955950413,0.1662292145767077,0.09717602094472648,0.07731524361128614,0.017130501045393987,0.0025846839282433615,-0.0008874825233912906,-4.9872769370670755e-05,0.002799342025269373,-0.013674825630709542,0.030883619962659314
3361,0.5548114510290617,-0.21614867940486795,0.026773543479520268,0.2108023484477623,0.025857838282678652,-0.0009539866065830099,0.005820230152448074,-0.003263661715616248,-0.002568823522761318,-0.08910609319291923,0.038063761207923485
3363,0.4755083133172956,0.3037620491661203,-0.008257750587055537,0.05382964812747024,-0.012523959667717244,0.0007475119416902043,-0.00016012176889020763,-0.0005966200807203392,-0.0002063506777121582,0.029529079898191916,0.03720746804186696
3383,0.5554695802548294,0.2752793218199858,0.03058302936523459,0.22183689348072516,0.015164269276640302,-0.0007504367360030573,0.0006448766608670511,-0.0003209562425192103,-0.002120947784385166,0.019277409875524593,0.02569054125688916
3402,0.5478365831101697,-0.012705385303088387,0.04369518466410299,-0.0696110620153009,0.013892571786439961,-0.00040351433729964026,0.0025122294782867066,-0.00024985917990728856,-0.0002108089940389135,0.014844249116522351,-0.03624239152575007
3443,0.47816910053495815,-0.2946316195790891,-0.016377520461710565,0.047148007211789,-0.00951380127039786,-0.0010277312126490135,-0.0020576543898403396,0.0004552824929961452,-0.0006711066167423563,-0.013238527530766256,-0.013927311390590613
3451,0.548273533515284,0.42688891153758707,0.03893115888019108,-0.055830869662782154,0.012066600031336694,-0.0003914406865078157,0.0008665141787547043,-0.0016612103369423314,-0.0005157195357869265,0.011405222988258759,-0.039636886701501395
3479,0.5383156314806219,-0.19182883142179674,0.03180782399867313,0.25465938737051397,0.024810420767372304,0.002537992019597049,0.0028649626511445675,-0.0022854041825834115,0.003066975084571655,0.03093577587795046,0.03910640588423686
3491,0.4644772627299313,-0.03877934687414293,0.10584266156541502,0.07709575329482925,-0.006969448725303917,0.003774811081115062,-0.0012538164325493727,-0.0007957990183987407,0.002169359352620845,-0.011099195827235824,-0.009576283846811584
3508,0.5457363503175975,0.5216027665938515,0.04162775045063212,-0.04951964129375204,-0.00970746916839288,0.0015059295459215333,-0.016014173766287908,-0.0004972279975086619,0.0013947822250968273,0.013448842757687762,0.02742384730714853
3520,0.5478365831101697,-0.012705385303088387,0.04369518466410299,-0.0696110620153009,0.013892571786439961,-0.00040351433729964026,0.0025122294782867066,-0.00024985917990728856,-0.0002108089940389135,0.014844249116522351,-0.03624239152575007
3539,0.47581456701611746,0.1013564085584513,-0.014593264245274046,0.060574330862997426,0.015603716148905322,-0.0002713084117568487,-0.0002052555437522391,-0.0016286545619584453,0.0005362059941812908,0.028878963450739464,0.03393501259714546
3545,0.5456752730727764,0.4860404106126761,-0.08761709823921775,-0.058141818198610334,0.014262896423080706,0.0003026742545260003,0.001807900544579126,-0.002297889763337335,-0.0001815598304294591,0.012437151014007108,-0.036952690605053004
3547,0.47367154569301445,0.30374849551212535,-0.0008107704625138629,-0.18201734296717498,-0.016978412905557322,0.0006848330125361485,-0.0015248175501643493,-0.0006390665176034122,0.00047666357585292307,-0.02456629879806605,-0.01758093984540371
3551,0.5422599026188115,0.4328228551628235,-0.09512049491926831,-0.044133990063515496,-0.012713513546504684,0.001691406980008095,0.002158528262773206,-0.00032469187186502657,0.001578778273583617,-0.03166100127646348,0.030214529482225527
3556,0.5495327466835,-0.2534350843995992,0.035012662716564336,-0.04995953391977556,-0.01911287300010056,-0.0011343238154265939,-0.027081006395629787,-0.00018526102348999374,-0.0039797650319435135,-0.04551297857227358,0.05266987589527826
3560,0.5484714871308227,0.4535702078021016,0.03993872990918976,-0.047599554550311576,0.01160312659901011,0.0004856197467573986,0.001093561046259614,-0.0002887836402685334,0.0007053657513524381,0.012124966725092917,0.02888306544341457
3574,0.5400061751869145,0.42025321042391645,0.04314596564540071,-0.036799082300142186,-0.01106469429258447,0.0025200284212612556,0.0019078648459640232,0.001059867651733326,0.002694464751389833,-0.03293900916202575,0.032763234021434134
3584,0.4740333915306452,0.1011159096236958,-0.01286482622589663,0.06678490784366058,-0.01016890500863843,0.0008864582801545867,-0.00010121640231729179,-0.002211917930156751,0.0006418987169329038,0.02781920005463664,0.03448765900036309
3586,0.47726974553234974,-0.10200551512720892,-0.011184315659617888,-0.19273377185569734,0.019641540205910468,0.0002870727803752915,-0.002061589108147452,0.0008090614816444325,0.0006309557699773621,-0.023701912745869868,-0.013037788233515049
3596,0.48007762673533705,-0.06692815468173888,-0.016776548239367084,0.05186123085797806,0.013843797738412572,-0.0015407448632638182,-0.0021565621499809798,-0.0017671518181534562,-0.00048044499708244093,0.02503405463947031,-0.015652431621632268
3602,0.4760658274556651,-0.10671730755798392,-0.016112776591948805,0.0626493627800079,0.0128165143643309,-0.00042290589784464705,-0.002374426952897777,-0.0010102482674004681,0.0006266529947025756,-0.013996906631095252,-0.01843817177435697
3617,0.5419430362506755,-0.1974223818220835,0.03059294167290416,0.24738059406985674,-0.01778136359108315,0.0008657592694430727,0.0016505093778613686,-0.002478504091508321,0.0025909450826630126,0.03316985648918994,0.037400036505949044
3636,0.471458768229448,0.30448316431212313,-0.0004424649629187205,-0.17484780404539285,0.020021449935374164,0.00195533451837851,-0.0007854861107886163,-0.00046957624803968534,0.000628352362132073,-0.026153385801336027,-0.01651038424250298
3640,0.548273533515284,0.42688891153758707,0.03893115888019108,-0.055830869662782154,0.012066600031336694,-0.0003914406865078157,0.0008665141787547043,-0.0016612103369423314,-0.0005157195357869265,0.011405222988258759,-0.039636886701501395
3718,0.5452401378628244,0.11220781910265765,0.035876631613265736,0.24110669466293372,0.021596895724294435,0.002469475621682954,0.0011888843993753603,-0.0016532060564667245,0.0011062523713062378,0.026630470806437056,0.027438877667123523
3746,0.5453198213788628,0.4727432342215987,0.042005506475253515,-0.045435127567445596,-0.010685422945778345,0.0013343192562838835,0.0014300250626463964,-0.00022530380167738728,0.0013465555215163294,0.013648767906109027,0.030692355793867754
3754,0.47250560565685273,0.3065770837033714,-0.008898138601339575,0.06343934473042549,0.014302784064305907,0.0010718962655807268,-0.0007241059076229447,-0.00026792474445264114,0.0005314558183412352,-0.014881259059195084,0.0376653433991348
3765,0.47669640716891293,0.17284180978869929,-0.014820110674232917,0.05386784170814325,0.01430570810593823,-0.000933907755683111,-0.0005451147339792239,-0.0019927248086960003,-9.727993143593405e-05,0.03216008748948504,-0.013972251886553266
3770,0.4755083133172956,0.3037620491661203,-0.008257750587055537,0.05382964812747024,-0.012523959667717244,0.0007475119416902043,-0.00016012176889020763,-0.0005966200807203392,-0.0002063506777121582,0.029529079898191916,0.03720746804186696
3771,0.4762597694433579,0.3061239064116816,-0.008809716495009293,0.048958990043627144,0.015009126329073308,0.00020589986824003093,-0.0005307782240151701,-0.00048733687016247473,0.00016773958011453982,0.0313440333458259,0.035832025274642215
3784,0.4604667651578345,0.31949014413553023,-0.0006496163058445914,-0.15122655829378825,0.026769968595005383,0.005210744346059462,0.005936220223308655,0.00078912145143617,0.004439342609706243,0.07216913785884055,0.034693752177430676
3787,0.5554368371939764,-0.27835923275817775,0.033794806022061585,-0.05718171451491834,-0.020257459481270362,-0.0004027046704978138,-0.0011943222858990174,-1.9320745834022768e-05,-0.0004345830832784836,-0.04683841404218499,-0.05778965235320663
3796,0.5478922618577096,0.46707437749180947,0.04029564337917023,-0.04736352222436485,0.011662971556579887,0.000512418342927104,0.0012909331321365389,-0.0002967389142483623,0.0006376277032163757,0.012169022605174447,0.03079103504556313
3878,0.47106455374543504,0.1737690722040893,-0.012845259107482729,0.0726798680869761,-0.00889791067453477,0.0011323434399183457,-0.0015866850084567362,-0.001939472155287461,0.0006656243925653865,-0.014678627890955153,-0.012941304308545065
3891,0.5547566760583242,0.31743422135856225,0.03539088308800839,0.19848456975069312,0.020867701382644793,0.00016071329597433515,-0.0012362146108163344,-0.0012857338953221331,0.0003623923664578671,-0.059268536039369164,0.019298746775777337
3893,0.5452401378628244,0.11220781910265765,0.035876631613265736,0.24110669466293372,0.021596895724294435,0.002469475621682954,0.0011888843993753603,-0.0016532060564667245,0.0011062523713062378,0.026630470806437056,0.027438877667123523
3898,0.47367154569301445,0.30374849551212535,-0.0008107704625138629,-0.18201734296717498,-0.016978412905557322,0.0006848330125361485,-0.0015248175501643493,-0.0006390665176034122,0.00047666357585292307,-0.02456629879806605,-0.01758093984540371
3928,0.4658279073125646,-0.17685474307705173,0.10715224989068206,0.06297914715668385,-0.005557675640428333,0.0038618180074842384,0.0007039548835302938,0.0023043526691103045,0.0033823497362012733,-0.008290309032244567,0.039633046987527606
3930,0.471458768229448,0.30448316431212313,-0.0004424649629187205,-0.17484780404539285,0.020021449935374164,0.00195533451837851,-0.0007854861107886163,-0.00046957624803968534,0.000628352362132073,-0.026153385801336027,-0.01651038424250298
3931,0.5476345122463933,-0.23551038070847247,0.03717967849072018,-0.06511707193190235,-0.01859273995078123,-0.001724607390790417,0.005505997698890409,0.0019433681249172996,-0.0016723300786039147,0.014497919539988288,0.0544889043848987
3934,0.47157356680021145,0.10863098249523266,-0.012863350609662677,0.07297982969406319,0.015507289090878063,0.0005706684551756575,-0.0014981724306690723,-0.0021222447829326724,0.0005639423275994593,-0.015449405907611749,-0.01397532765999128
3938,0.5474245203839252,0.3328778353117793,0.04102895441564297,-0.05478819722232599,-0.012209818886981527,0.0005238629615742368,0.0020140193949413285,0.0004765604195083317,0.00011549357352219625,0.012921004954519831,0.035312242084753864
3974,0.5541201485353896,0.31285180163751564,-0.1050136758020855,-0.06952800427721446,-0.014716071038380296,-0.0024684039810097397,0.0008735905026628216,-0.002008854961297421,-0.0013846742398289091,0.010819762521226572,-0.04050445759742555
3995,0.47876630697251854,0.29815061219116723,-0.008606599542513318,0.047155388334184055,0.015394092945510363,-0.00010532145977901197,-0.0022333708510770198,-0.0011918867149629253,1.684243812975772e-05,0.03031723322725514,-0.022563654896889357
4018,0.5478337753149232,0.4111301916938549,0.04128695078956726,-0.04997542952943865,0.01211571368690606,0.0004519387619083687,0.0014293163723906252,-7.143858052022223e-05,0.0005115800012369526,0.011916606946513822,0.03254004951517067
4047,0.5468572939280996,0.3138284595662244,0.044320904107164605,-0.05454991047141909,-0.012039941091349204,0.0011259670056267962,0.0018206437315254828,0.0005463273012041026,0.00040066041455795454,0.013328277154414939,0.032795534669829735
4056,0.5513486505844285,0.3366023073880184,0.0378579078297053,-0.06339130994932923,0.010863019439236649,-0.0010273844441505003,0.0008878350221894829,-0.0010289310529670997,-0.0015674805049507023,0.01046491384675171,-0.04154918249208456
4076,0.47250560565685273,0.3065770837033714,-0.008898138601339575,0.06343934473042549,0.014302784064305907,0.0010718962655807268,-0.0007241059076229447,-0.00026792474445264114,0.0005314558183412352,-0.014881259059195084,0.0376653433991348
4093,0.5549781235984184,0.28269220707216236,-0.1052570820840113,-0.06550969592622119,-0.015846925504360926,-0.001793235192812201,0.0010359960665375922,-0.0009298712910705553,-6.035569461219914e-05,0.011653566168892154,0.025967513700143358
4112,0.47157356680021145,0.10863098249523266,-0.012863350609662677,0.07297982969406319,0.015507289090878063,0.0005706684551756575,-0.0014981724306690723,-0.0021222447829326724,0.0005639423275994593,-0.015449405907611749,-0.01397532765999128
4115,0.5445606686841851,-0.24105882173099602,0.03581523048645403,-0.04582828552546697,-0.019997794334344565,-0.0008195912172983821,0.004173610708629302,0.0017072043795320624,-0.001646040620154443,-0.04608724894999365,0.0571047220691963
4155,0.5476345122463933,-0.23551038070847247,0.03717967849072018,-0.06511707193190235,-0.01859273995078123,-0.001724607390790417,0.005505997698890409,0.0019433681249172996,-0.0016723300786039147,0.014497919539988288,0.0544889043848987
4183,0.5474304792816913,0.4763796914384377,0.03765366067532824,-0.05344641564106678,0.012011375971928029,-0.0006032472165228842,0.001190003911233424,-0.0019173951397293554,-0.0009087284162779818,0.011538496001782111,-0.036325731212279444
4193,0.4599758001666897,0.3172543963271617,-0.0009528080649017501,-0.14793375595961586,0.02736147067938957,0.005060559762424338,-0.0030640006350000915,0.0007415598094047821,0.004222278588615,0.0718344364518117,0.036047269844301066
4227,0.5399764249850965,-0.22119987325755366,0.035135563550579924,0.26663192922890466,-0.015810762308662102,0.0013803601590983983,0.00033614740334980686,-0.0018667159559211943,0.0016698013119796074,0.035357329736777084,-0.04527918345054653
4229,0.5492515466337318,0.29146320995818786,0.04257555098863677,-0.05811075061858509,0.011767917719540222,0.0001725140161562555,0.0017503760384177183,0.0008114355563726416,-0.0002768915982096637,0.011757721797682807,0.0338267865449329
4248,0.47106455374543504,0.1737690722040893,-0.012845259107482729,0.0726798680869761,-0.00889791067453477,0.0011323434399183457,-0.0015866850084567362,-0.001939472155287461,0.0006656243925653865,-0.014678627890955153,-0.012941304308545065
4253,0.548400790915198,0.5100155131476375,0.04008536527213068,-0.048186031922471464,0.011933368039338782,0.0005381925112909469,0.0011161903799069423,-0.0002643188632477089,0.0006678900406985877,0.012063633724637035,0.02937532805624088
4266,0.47250560565685273,0.3065770837033714,-0.008898138601339575,0.06343934473042549,0.014302784064305907,0.0010718962655807268,-0.0007241059076229447,-0.00026792474445264114,0.0005314558183412352,-0.014881259059195084,0.0376653433991348
4271,0.5446040839731167,0.48117446047303997,0.03958430904238483,-0.051481720331674266,-0.009682258481308131,0.00033673298822278763,0.001595331024796566,-0.0016372265024577198,2.5379414998777383e-05,0.012679414092286484,-0.03584594206917238
4310,0.5356542589133213,-0.21504838470518917,0.03642459047957117,0.2744666588561538,0.02791213345136251,0.002688602920442429,0.00193622077462971,-0.0015635705984897996,0.0021890250592112165,0.033923726534755526,-0.042447802162147594
4312,0.4762597694433579,0.3061239064116816,-0.008809716495009293,0.048958990043627144,0.015009126329073308,0.00020589986824003093,-0.0005307782240151701,-0.00048733687016247473,0.00016773958011453982,0.0313440333458259,0.035832025274642215
4334,0.557704657689621,0.2766171571993667,0.029975646479702273,0.2127901552316021,-0.021416705395957858,-0.002334961892462753,0.0003580114205787993,-0.0002266590179449135,-0.0021110410111298272,0.020703812939647234,0.024402692941464132
4355,0.5383156314806219,-0.19182883142179674,0.03180782399867313,0.25465938737051397,0.024810420767372304,0.002537992019597049,0.0028649626511445675,-0.0022854041825834115,0.003066975084571655,0.03093577587795046,0.03910640588423686
4357,0.5477189557018047,0.4334835492113404,-0.09481757746751021,-0.06186789774949891,-0.01148244236337606,-0.0002968644701924483,0.0018393161474682049,-0.0023145916066828753,-0.0007677330277224281,0.012371097953306147,-0.037890370867556616
4367,0.5458997783629573,-0.01097260188033225,0.04579576689105766,-0.06698149618427951,-0.011063831331236562,0.0005499661475007189,0.0021384444709988404,-0.0001140211347266662,0.0003439903050290877,0.015986260797437236,-0.036045361728159656
4382,0.479619697447517,-0.09138923322871159,-0.01754861901591505,0.056756590151252576,-0.012843468102689853,-0.0007297542262063444,-0.0024680375657974464,-0.00239489918362662,-0.0003676543592131959,0.023687840840449125,-0.017626763467963075
4390,0.5474584054404259,0.10064560149425804,0.045697266328204283,-0.06068511559914616,0.012734405397454296,0.0007087867221883953,0.002884495566505732,0.0011803136195392416,0.0007282251444926252,0.013441924166702507,0.03601384277692901
4394,0.4790541483805754,-0.2064662862678103,-0.02065233669470365,0.05197884820118342,-0.011713213379958232,-0.001343770672611419,-0.002498739153416172,-0.00014867871533634502,-0.0006843794821571741,-0.013389940809421191,-0.015017498502909662
4399,0.5496502072325465,0.3238703216690919,0.04053344920523577,-0.06357850279411774,0.011335175426734928,-0.0006839532880114074,0.0014101182575275706,-0.0008109690320561996,-0.0013413052652961194,0.011115069105340887,-0.03854839005071432
4435,0.5653818504052484,-0.2543046489005584,0.027237117937291624,0.21377000815263053,-0.03256302703085928,-0.006163070747976257,0.006609132979482568,-0.004482986508172401,-0.007388390163385994,-0.10203522386976474,-0.04536046936145294
4463,0.47157356680021145,0.10863098249523266,-0.012863350609662677,0.07297982969406319,0.015507289090878063,0.0005706684551756575,-0.0014981724306690723,-0.0021222447829326724,0.0005639423275994593,-0.015449405907611749,-0.01397532765999128
4476,0.4715782937707872,0.3071692608874658,-0.0004622335319356685,-0.17892191878403618,0.019767920133609784,0.0019975025855399203,0.009946779978756468,-0.00031556527930963474,0.0010470441008817444,-0.0257397583335155,-0.015842263279703256
4507,0.5435453445571401,0.3159996360453425,0.04112007954474167,-0.05380274959765678,0.014338652108816213,0.0004998966519075554,0.0014535325069023053,0.0005847999892056865,0.0002720948938509382,-0.03180782245340767,-0.037346189278569725
4544,0.5459496943754971,-0.2273244559452689,0.037259473124229364,-0.06586837156702037,0.015531847410418964,-0.0009468069572349108,0.005805905758732036,0.0019302870036128628,-0.0003829616816310305,0.014072029365027657,0.05375673908518851
4549,0.4665755193860802,0.31476837863007,-0.0025955517524149235,-0.16064503255631335,-0.01914353888137864,0.0022486732329798226,-0.0027223359600681354,-0.0003155572615187452,0.0033273650641547636,0.06437303866595652,0.03407933789432324
4568,0.48266922861813766,0.1388321606040287,-0.01018572758109415,-0.20628085696073845,-0.021593724999966618,-0.0028252748639458897,-0.0004932129230246218,0.0011210398718388276,-0.0020724534836105563,-0.029857326450037767,-0.00984587566237935
4582,0.4736110977820973,-0.058442047240849615,-0.015348955745993709,0.06540208563903159,0.013459825540420162,-0.00020084345032503337,-0.0004382905846944396,-0.0004408594381163783,0.00016816428561722274,-0.013901797427374608,0.03859107359468775
4589,0.4788358303558385,0.27460948018943393,0.08232539624235943,0.06454579297521033,0.013011853348797148,-0.0013615685506810915,-0.0026331085419301625,-0.00030617972386437486,-0.0004055319937617749,-0.017365820944493245,-0.016508827672544316
4611,0.5578259273818715,0.07542660763707261,-0.11291128324231348,-0.07020999905309137,-0.020010243075405776,-0.003746788367935322,0.002172579550348601,-0.0007406005934042087,-0.0035631962486340762,0.010260464654787686,0.036140134378985764
4619,0.5543481530780441,-0.012488275220985029,0.034050334582453656,0.21528295247593804,0.02515318422912005,0.000728239862830049,0.0037870540162439417,-0.0036445796569756217,-0.0014842666538149862,-0.08306142750678942,0.021508382284245425
4622,0.4715782937707872,0.3071692608874658,-0.0004622335319356685,-0.17892191878403618,0.019767920133609784,0.0019975025855399203,0.009946779978756468,-0.00031556527930963474,0.0010470441008817444,-0.0257397583335155,-0.015842263279703256
4639,0.48266922861813766,0.1388321606040287,-0.01018572758109415,-0.20628085696073845,-0.021593724999966618,-0.0028252748639458897,-0.0004932129230246218,0.0011210398718388276,-0.0020724534836105563,-0.029857326450037767,-0.00984587566237935
4648,0.47873865920262654,0.2741570760451432,0.08194972645236559,0.06612363573943976,-0.014481608281832564,-0.0010144307310797351,-0.0029136131231838475,-0.0003244716421798993,-0.0006389915020988263,-0.016908696321593645,-0.017172054411899118
4649,0.545702813186592,0.415184140636336,0.04284675606000529,-0.05203014493857987,-0.009902100371023792,0.0016042452423753878,-0.016019790354147086,-0.00024578663520730126,0.0013618155132656407,0.01343771611408829,0.029019021131076267
4664,0.4789996100907004,-0.20829577733318033,-0.02082758719808496,0.05193416008017889,-0.011787285561698696,-0.0014274979883513589,-0.0024474117386822057,-0.00013869961471987824,-0.0007592704580204057,-0.0133662252203184,-0.014347055227122402
4685,0.5414580163106071,0.4673061616597159,0.04073498636452501,-0.036105351573883185,0.014365551155999023,0.0018308994064686612,0.001270629118512688,0.0011385225355012574,0.0024665968626323143,-0.029027203237711033,0.03081904851300757
4794,0.47696808826657444,0.277684096724745,0.08191869189509995,0.0664864603415645,0.01376858717697868,-0.0014642241555653385,0.013632277269389356,0.00024112654760723162,0.0001841572250002102,-0.017101990137567594,-0.013996555873036332
4804,0.548400790915198,0.5100155131476375,0.04008536527213068,-0.048186031922471464,0.011933368039338782,0.0005381925112909469,0.0011161903799069423,-0.0002643188632477089,0.0006678900406985877,0.012063633724637035,0.02937532805624088
4805,0.5459496943754971,-0.2273244559452689,0.037259473124229364,-0.06586837156702037,0.015531847410418964,-0.0009468069572349108,0.005805905758732036,0.0019302870036128628,-0.0003829616816310305,0.014072029365027657,0.05375673908518851
4811,0.46892895975746174,0.10450158759750229,-0.012002448990073036,0.0796277535417986,-0.007653920789858298,0.0020231378375795833,-0.0005458599221127847,-0.001223590756584264,0.0017543175937976274,-0.012859989152928304,0.03619584992320907
4847,0.47407905382803617,0.297493720342271,-0.007937450379070829,0.06432271418095073,-0.011171742277578361,0.0014570520101234996,-0.0027044518641374388,-0.0008040586691977214,0.0006064914149976897,-0.014641127577435388,-0.02139713966814058
4872,0.47250560565685273,0.3065770837033714,-0.008898138601339575,0.06343934473042549,0.014302784064305907,0.0010718962655807268,-0.0007241059076229447,-0.00026792474445264114,0.0005314558183412352,-0.014881259059195084,0.0376653433991348
4890,0.5547566760583242,0.31743422135856225,0.03539088308800839,0.19848456975069312,0.020867701382644793,0.00016071329597433515,-0.0012362146108163344,-0.0012857338953221331,0.0003623923664578671,-0.059268536039369164,0.019298746775777337
4912,0.5474245203839252,0.3328778353117793,0.04102895441564297,-0.05478819722232599,-0.012209818886981527,0.0005238629615742368,0.0020140193949413285,0.0004765604195083317,0.00011549357352219625,0.012921004954519831,0.035312242084753864
4928,0.47250560565685273,0.3065770837033714,-0.008898138601339575,0.06343934473042549,0.014302784064305907,0.0010718962655807268,-0.0007241059076229447,-0.00026792474445264114,0.0005314558183412352,-0.014881259059195084,0.0376653433991348
4955,0.4755083133172956,0.3037620491661203,-0.008257750587055537,0.05382964812747024,-0.012523959667717244,0.0007475119416902043,-0.00016012176889020763,-0.0005966200807203392,-0.0002063506777121582,0.029529079898191916,0.03720746804186696
4972,0.5457363503175975,0.5216027665938515,0.04162775045063212,-0.04951964129375204,-0.00970746916839288,0.0015059295459215333,-0.016014173766287908,-0.0004972279975086619,0.0013947822250968273,0.013448842757687762,0.02742384730714853
5014,0.4788358303558385,0.27460948018943393,0.08232539624235943,0.06454579297521033,0.013011853348797148,-0.0013615685506810915,-0.0026331085419301625,-0.00030617972386437486,-0.0004055319937617749,-0.017365820944493245,-0.016508827672544316
5026,0.47407905382803617,0.297493720342271,-0.007937450379070829,0.06432271418095073,-0.011171742277578361,0.0014570520101234996,-0.0027044518641374388,-0.0008040586691977214,0.0006064914149976897,-0.014641127577435388,-0.02139713966814058
5044,0.4718720085336516,0.3090471931416181,-0.008613471673770579,0.06503935589711615,0.013261496512794235,0.0010519979097499271,0.012691229932173184,3.123836412764758e-05,0.001312031943074013,-0.014816041535037152,0.03630793223363357
5047,0.5453198213788628,0.4727432342215987,0.042005506475253515,-0.045435127567445596,-0.010685422945778345,0.0013343192562838835,0.0014300250626463964,-0.00022530380167738728,0.0013465555215163294,0.013648767906109027,0.030692355793867754
5059,0.5486053869745908,0.10877407349390283,0.03376988952012873,0.23140134103926263,-0.020854839740064496,-0.0008065090779496575,-0.009896479464200865,0.00011724710891269918,0.0005759360224199123,0.027456471107025433,0.028062349400504255
5069,0.5499252322842856,0.3048634618056467,0.04004603765343853,-0.06474592485571569,0.01185166134412105,-0.0007208829850163107,0.0012160167993869736,-0.0008070675541173022,-0.0013031960021311628,0.011417621008956567,-0.038690659764525945
5087,0.4762597694433579,0.3061239064116816,-0.008809716495009293,0.048958990043627144,0.015009126329073308,0.00020589986824003093,-0.0005307782240151701,-0.00048733687016247473,0.00016773958011453982,0.0313440333458259,0.035832025274642215
5091,0.47106455374543504,0.1737690722040893,-0.012845259107482729,0.0726798680869761,-0.00889791067453477,0.0011323434399183457,-0.0015866850084567362,-0.001939472155287461,0.0006656243925653865,-0.014678627890955153,-0.012941304308545065
5111,0.5458826084306103,0.4593071411142332,0.04161440233274724,-0.04569465030276476,-0.010687376794375342,0.0012931438424505781,0.0012555947076421242,-0.0002040537440485407,0.0014340637475152573,0.01361489888173479,0.028808421393612088
5125,0.5337316026094088,0.016023467186220663,0.03934670917087152,0.26623725541554416,0.025271663423000246,0.0036711956548036995,0.003986955670363786,-0.0004271179015866433,0.0028666319814206476,0.03278803468943818,-0.02800034467453505
5130,0.5428789574365518,0.003921775575326386,0.03698299003601606,0.24762907197388145,-0.015606105307239326,0.0016738158014553556,0.0003146137072485497,-0.0023714124106075513,0.0026485232729832747,0.03371186116583074,0.02297175834182391
5151,0.5413634474800699,0.4665856432605672,0.04094976537347228,-0.03605319268857558,0.014407965528548783,0.0018769084455065171,0.0012895746246742307,0.0011438578111517828,0.0024912052077273455,-0.028988782156511128,0.030799222148834765
5173,0.4750497698433933,0.29904715241062024,-0.008749958488342022,0.0613127996588552,0.014894785916360342,0.000674834283866485,-0.0024508868002093426,-0.001043464914002451,0.000456567988366241,-0.016123630336664578,-0.020973068306245846
5177,0.4749864070704526,0.309845852135899,-0.0029475472887982024,-0.19077687787819186,-0.01740688729495793,0.0004916011041960211,-0.0012464918823971022,-0.0009462184868718471,0.0011507784446562197,-0.024120598813569726,0.03138923167800228
5204,0.47696808826657444,0.277684096724745,0.08191869189509995,0.0664864603415645,0.01376858717697868,-0.0014642241555653385,0.013632277269389356,0.00024112654760723162,0.0001841572250002102,-0.017101990137567594,-0.013996555873036332
5222,0.5478922618577096,0.46707437749180947,0.04029564337917023,-0.04736352222436485,0.011662971556579887,0.000512418342927104,0.0012909331321365389,-0.0002967389142483623,0.0006376277032163757,0.012169022605174447,0.03079103504556313
5224,0.5425234879631708,0.32075185724687777,0.04348384439727217,-0.04582656690737631,0.014230334142248363,0.0014651394059136263,0.0020452829979031445,0.0020669272555998014,0.0013532437042190898,-0.03068738974915683,0.03523727392309031
5242,0.47367154569301445,0.30374849551212535,-0.0008107704625138629,-0.18201734296717498,-0.016978412905557322,0.0006848330125361485,-0.0015248175501643493,-0.0006390665176034122,0.00047666357585292307,-0.02456629879806605,-0.01758093984540371
5243,0.550436012872112,0.41218815197986997,-0.09491066392259348,-0.05758478128474544,0.012734667685007056,-0.0004571679436946169,0.0016131163422741165,-0.0009472770479852233,-0.0006213627860178345,0.011515363426863962,0.029948676644840105
5273,0.4732152606383759,0.17160779029964435,-0.014804010190285086,0.06919532789868318,0.013972612020750202,2.8811043911391998e-05,-0.0014066640071586922,-0.0018247561618104924,0.0003457770479291661,-0.01618470058118375,-0.012752535127001113
5286,0.4751839599990356,0.16436439875421732,-0.011696150068610245,0.061722307132430196,-0.010842538042776101,0.000980490813406329,0.0001951952260233064,-0.0015467168900165085,0.0004456323297935272,0.03078344761919614,0.030059243812030068
5305,0.47876630697251854,0.29815061219116723,-0.008606599542513318,0.047155388334184055,0.015394092945510363,-0.00010532145977901197,-0.0022333708510770198,-0.0011918867149629253,1.684243812975772e-05,0.03031723322725514,-0.022563654896889357
5313,0.47361978870323257,0.16170859395786347,-0.013419165930536006,0.07316495445106545,0.012681396472546569,0.0006975392166431449,0.01070674322799111,-0.001041222984970086,0.0012864444320356966,-0.01547359581525606,0.028837843200796492
5326,0.4765678869666351,-0.204768206471182,-0.01986721606008232,0.05545841470928559,-0.010164603629500446,-0.0010005588632676365,-0.000733516545470516,0.0009824329290310796,-0.0004847326869867191,-0.012614528057691215,0.040888856505785054
5329,0.5486053869745908,0.10877407349390283,0.03376988952012873,0.23140134103926263,-0.020854839740064496,-0.0008065090779496575,-0.009896479464200865,0.00011724710891269918,0.0005759360224199123,0.027456471107025433,0.028062349400504255
5338,0.4790541483805754,-0.2064662862678103,-0.02065233669470365,0.05197884820118342,-0.011713213379958232,-0.001343770672611419,-0.002498739153416172,-0.00014867871533634502,-0.0006843794821571741,-0.013389940809421191,-0.015017498502909662
5345,0.548262837742776,0.4040982404050081,0.04129023710882493,-0.0510185937575017,0.012188949979032082,0.0005483369205795258,0.0011796759693744469,6.258140029231918e-05,0.0006260650158029235,0.012118438339931724,0.031245360896931862
5355,0.4669218542454688,-0.09080202139520058,0.10181550525699776,0.07526361068750012,-0.007577240580333822,0.0032144580717954896,-0.001651592404025435,-0.0005825452280223686,0.0028346501025328236,-0.010611428726901167,-0.014822984419629315
5375,0.46917337403905895,-0.09247989375663132,-0.012929265191305703,0.07013635314707461,-0.007907125739739507,0.0009480874391459698,0.00033982512895141745,-0.00013271650471670393,0.0007580843959136968,-0.011138020734300338,0.04541663893444574
5384,0.4727415872224675,0.3103720138521992,-0.002442144729692841,-0.18223328845556158,0.01920840558735,0.0019465933155820708,-0.00045347216106874505,-0.0008443689352703732,0.0010218250221244868,-0.026477085797717792,0.03206305035612139
5389,0.5405657432628963,0.30786713052328024,0.04496155453245067,-0.042867505529578145,-0.01224720474805116,0.0023465589335417286,0.0021257234495989097,0.0015928019035107294,0.0017339639358289471,-0.032045556836971176,0.03574027977622066
5396,0.5428789574365518,0.003921775575326386,0.03698299003601606,0.24762907197388145,-0.015606105307239326,0.0016738158014553556,0.0003146137072485497,-0.0023714124106075513,0.0026485232729832747,0.03371186116583074,0.02297175834182391
5408,0.47876630697251854,0.29815061219116723,-0.008606599542513318,0.047155388334184055,0.015394092945510363,-0.00010532145977901197,-0.0022333708510770198,-0.0011918867149629253,1.684243812975772e-05,0.03031723322725514,-0.022563654896889357
5427,0.5428789574365518,0.003921775575326386,0.03698299003601606,0.24762907197388145,-0.015606105307239326,0.0016738158014553556,0.0003146137072485497,-0.0023714124106075513,0.0026485232729832747,0.03371186116583074,0.02297175834182391
5489,0.4785883583965539,-0.2955695218460537,-0.018309091160966268,0.04985617300761983,-0.009073372267159652,-0.000962772629786085,-0.0011443715387216384,0.0015515355386170049,-7.33954288812122e-05,-0.012645324241256898,0.03382209916322612
5493,0.5548114510290617,-0.21614867940486795,0.026773543479520268,0.2108023484477623,0.025857838282678652,-0.0009539866065830099,0.005820230152448074,-0.003263661715616248,-0.002568823522761318,-0.08910609319291923,0.038063761207923485
5496,0.4821139785507833,-0.4843209422296312,0.08534593787654438,0.04612326726806831,0.009797495331766132,-0.001643023496349344,-0.0009296935289581573,0.0021642165706554847,-0.0011397617101922136,-0.014452616274121356,0.03270103857563743
5507,0.5410645831387096,0.10799025686377238,0.04618261289486465,-0.046925832209630855,0.016070760342243362,0.0017128465687535899,0.0024671395826269954,0.0023725409571717093,0.002393714518434495,-0.03256391956624845,0.03841605066880588
5550,0.5497117619170342,0.328520370172586,0.039535296336856846,-0.05723836761259134,0.011288663749314143,-0.0003060143387562525,0.0019619793926828055,0.000514999810795197,-0.0004977338931452108,0.011522509701764994,0.03550799559537052
5564,0.47085560378773605,0.1629557573911123,-0.0114275528697345,0.07598577506447804,-0.008084968439957568,0.0017355445992685015,-0.0006487326424745241,-0.0008551476209402442,0.0012580101339631222,-0.013954818461178856,0.032395618459199346
5593,0.5383156314806219,-0.19182883142179674,0.03180782399867313,0.25465938737051397,0.024810420767372304,0.002537992019597049,0.0028649626511445675,-0.0022854041825834115,0.003066975084571655,0.03093577587795046,0.03910640588423686
5612,0.5419430362506755,-0.1974223818220835,0.03059294167290416,0.24738059406985674,-0.01778136359108315,0.0008657592694430727,0.0016505093778613686,-0.002478504091508321,0.0025909450826630126,0.03316985648918994,0.037400036505949044
5618,0.5383156314806219,-0.19182883142179674,0.03180782399867313,0.25465938737051397,0.024810420767372304,0.002537992019597049,0.0028649626511445675,-0.0022854041825834115,0.003066975084571655,0.03093577587795046,0.03910640588423686
5637,0.47407905382803617,0.297493720342271,-0.007937450379070829,0.06432271418095073,-0.011171742277578361,0.0014570520101234996,-0.0027044518641374388,-0.0008040586691977214,0.0006064914149976897,-0.014641127577435388,-0.02139713966814058
5649,0.5405657432628963,0.30786713052328024,0.04496155453245067,-0.042867505529578145,-0.01224720474805116,0.0023465589335417286,0.0021257234495989097,0.0015928019035107294,0.0017339639358289471,-0.032045556836971176,0.03574027977622066
5692,0.4788358303558385,0.27460948018943393,0.08232539624235943,0.06454579297521033,0.013011853348797148,-0.0013615685506810915,-0.0026331085419301625,-0.00030617972386437486,-0.0004055319937617749,-0.017365820944493245,-0.016508827672544316
5697,0.4705322830350531,0.30522553887227155,-0.00791481089953723,0.06710538580899328,-0.009300474508648376,0.0015886538692685415,-0.0005905473629509439,0.00027763077647144363,0.0008290653759052136,-0.012750524534292162,0.03972975779888843
5711,0.4665755193860802,0.31476837863007,-0.0025955517524149235,-0.16064503255631335,-0.01914353888137864,0.0022486732329798226,-0.0027223359600681354,-0.0003155572615187452,0.0033273650641547636,0.06437303866595652,0.03407933789432324
5724,0.4769213253891442,0.28187006273057347,0.08057662216544575,0.06625563320987364,0.012726884902918525,-0.001144754843035209,-0.0011830581911764504,0.000311925064836599,-0.0001232117273169686,-0.016656042133436046,0.040204864891728684
5744,0.47250560565685273,0.3065770837033714,-0.008898138601339575,0.06343934473042549,0.014302784064305907,0.0010718962655807268,-0.0007241059076229447,-0.00026792474445264114,0.0005314558183412352,-0.014881259059195084,0.0376653433991348
5747,0.5577805630431637,-0.28801907819026934,0.03211164972209285,-0.059586440815517144,-0.01823778196691564,-0.001100735360862054,-0.02570970221097199,-0.0008650055656105049,-0.002155761977416154,-0.04619389035719962,-0.055214076075798285
5750,0.5559250156131398,-0.2623449451438946,0.03544602489191126,-0.07683055394030254,0.016241594552339644,-0.0008689515516718399,0.0006043535977334202,-0.0004545640015803931,0.0003410869289040136,0.015311818184733941,-0.05951411575531834
5756,0.4736110977820973,-0.058442047240849615,-0.015348955745993709,0.06540208563903159,0.013459825540420162,-0.00020084345032503337,-0.0004382905846944396,-0.0004408594381163783,0.00016816428561722274,-0.013901797427374608,0.03859107359468775
5759,0.47920227518277064,0.14107688440450983,-0.009296874186452267,-0.1957483906673086,0.016556191772664652,-0.0006090556648701562,-0.00024269395949341743,0.0007874874342890803,-0.0015479353289662295,-0.030804121077446886,-0.009235649508278085
5769,0.4786838803856305,-0.1939773587416745,-0.020359389754492793,0.053548699744844976,-0.01213774694937858,-0.001343743726129512,-0.002338470997044092,-0.000296870082009959,-0.0009722233098438393,-0.014097851089148036,-0.013829343981682285
5779,0.4727415872224675,0.3103720138521992,-0.002442144729692841,-0.18223328845556158,0.01920840558735,0.0019465933155820708,-0.00045347216106874505,-0.0008443689352703732,0.0010218250221244868,-0.026477085797717792,0.03206305035612139
5805,0.5490847080397353,0.30966812019626033,0.04270668881195844,-0.05716408174465046,0.011641196274261134,0.00018755673249626348,0.0018353400471633197,0.0006162663215049796,-0.00023637475689018694,0.012028409296741135,0.033332345469686275
5810,0.48116152028866777,0.280477331448447,0.07958705882836985,0.05165042051462872,0.01301367067135438,-0.00218357090195917,-0.0007048849429109674,5.535029958519955e-05,-0.0006795158708662874,0.028381912684482872,0.038615390166758454
5880,0.4874937213721388,-0.3122775138963813,-0.020677784811346772,0.03560272925835501,0.009747879986953367,-0.003564682983925399,0.008062756491504959,-0.0004589526951574857,-0.0030362608635862015,0.022251276605508234,-0.014177517055838806
5895,0.471458768229448,0.30448316431212313,-0.0004424649629187205,-0.17484780404539285,0.020021449935374164,0.00195533451837851,-0.0007854861107886163,-0.00046957624803968534,0.000628352362132073,-0.026153385801336027,-0.01651038424250298
5897,0.5500403735633136,0.1015843793229276,0.044264013836528726,-0.06739894455392921,0.01323648945042391,-6.357146528258861e-05,0.001539785527666017,-0.0004342621793577556,-0.00012937404175625278,0.013318384097406849,-0.04711437652916391
5898,0.5548114510290617,-0.21614867940486795,0.026773543479520268,0.2108023484477623,0.025857838282678652,-0.0009539866065830099,0.005820230152448074,-0.003263661715616248,-0.002568823522761318,-0.08910609319291923,0.038063761207923485
5963,0.5405657432628963,0.30786713052328024,0.04496155453245067,-0.042867505529578145,-0.01224720474805116,0.0023465589335417286,0.0021257234495989097,0.0015928019035107294,0.0017339639358289471,-0.032045556836971176,0.03574027977622066
5980,0.5676008567859088,0.40000048465122395,0.02340808305217762,0.19239213993029958,0.007443804995402009,-0.004481015946032271,-0.00033371214925399795,0.0021848116239158305,-0.004859733959104322,0.015642137114661794,0.025142310354596492
5993,0.47525666222976415,0.17491105395698217,-0.013073551487618046,0.058604137965092125,-0.011645971127055621,0.0004030109652876507,-0.0007470584326265059,-0.0025471511678547,-0.0001324990086005312,0.030515796086662418,-0.01480470734513678
6002,0.5417821681354268,0.5537903050182125,-0.07559314701713114,-0.05118019209374648,0.017073690588783663,0.00327238805312359,0.0020463901635694864,-0.0009091767293052389,0.0021517713029557822,0.015423988720866477,0.02765187869454036
6007,0.4732152606383759,0.17160779029964435,-0.014804010190285086,0.06919532789868318,0.013972612020750202,2.8811043911391998e-05,-0.0014066640071586922,-0.0018247561618104924,0.0003457770479291661,-0.01618470058118375,-0.012752535127001113
6023,0.4736106381920672,0.16159770368183826,-0.013579124466999909,0.07184385510105279,0.01320999875297893,0.0006366096235866509,-0.0008274102317968046,-0.0011050347703984997,0.0007859710294587235,-0.015635072908602724,0.030924893884579807
6025,0.48116152028866777,0.280477331448447,0.07958705882836985,0.05165042051462872,0.01301367067135438,-0.00218357090195917,-0.0007048849429109674,5.535029958519955e-05,-0.0006795158708662874,0.028381912684482872,0.038615390166758454
6026,0.5404233300748931,0.004271310451707505,0.03741434891391987,0.25674227892065665,0.02238123492179442,0.0033004247938247244,0.0015924437311563358,-0.0026708197561401137,0.002835644908907614,0.03103867332130856,0.024020954890111246
6054,0.4760658274556651,-0.10671730755798392,-0.016112776591948805,0.0626493627800079,0.0128165143643309,-0.00042290589784464705,-0.002374426952897777,-0.0010102482674004681,0.0006266529947025756,-0.013996906631095252,-0.01843817177435697
6073,0.5559250156131398,-0.2623449451438946,0.03544602489191126,-0.07683055394030254,0.016241594552339644,-0.0008689515516718399,0.0006043535977334202,-0.0004545640015803931,0.0003410869289040136,0.015311818184733941,-0.05951411575531834
6083,0.5474584054404259,0.10064560149425804,0.045697266328204283,-0.06068511559914616,0.012734405397454296,0.0007087867221883953,0.002884495566505732,0.0011803136195392416,0.0007282251444926252,0.013441924166702507,0.03601384277692901
6099,0.561717402271067,-0.06905349110754416,-0.11934986834772365,-0.06557450530932216,-0.026793780692184854,-0.004916805304126734,-0.01910506689500643,-0.000894013533900298,-0.004942112933872908,-0.048457672855258524,0.03191540220494947
6106,0.4723610657593145,-0.09496969360490874,-0.01520329891469692,0.06541721959194197,0.012416716450392579,-0.0002571836850290832,8.227959827410841e-05,-8.544446862483734e-05,0.00037852366361583456,-0.012994818681352788,0.043642872588205595
6123,0.5478337753149232,0.4111301916938549,0.04128695078956726,-0.04997542952943865,0.01211571368690606,0.0004519387619083687,0.0014293163723906252,-7.143858052022223e-05,0.0005115800012369526,0.011916606946513822,0.03254004951517067
6126,0.47250560565685273,0.3065770837033714,-0.008898138601339575,0.06343934473042549,0.014302784064305907,0.0010718962655807268,-0.0007241059076229447,-0.00026792474445264114,0.0005314558183412352,-0.014881259059195084,0.0376653433991348
6127,0.5442874089196867,0.43506138347500223,0.040953242920883454,-0.0557680501279563,-0.007950985519837084,0.0010453228311007312,-0.013068368288321447,-0.001172430013591172,0.0007229073782224898,0.01232605347359652,-0.03783080426341262
6130,0.4710257254638122,0.10568282973158623,-0.013954977665712687,0.07436359735712447,0.01589063994246462,0.0006920716417735395,-0.0005767353547132953,-0.0012171416237605343,0.0014055667568164398,-0.014103356753810983,0.03576435228974732
