row,Number_of_Priors,predicted_risk,kind
790,0.0,0.0,centered
1489,0.0,0.0,centered
4093,0.0,0.0,centered
5632,0.0,0.0,centered
1352,0.0,0.0,centered
4429,0.0,0.0,centered
5095,0.0,0.0,centered
4032,0.0,0.0,centered
4065,0.0,0.0,centered
4797,0.0,0.0,centered
6123,0.0,0.0,centered
3446,0.0,0.0,centered
4971,0.0,0.0,centered
4245,0.0,0.0,centered
3343,0.0,0.0,centered
5621,0.0,0.0,centered
3470,0.0,0.0,centered
1157,0.0,0.0,centered
3104,0.0,0.0,centered
4619,0.0,0.0,centered
2652,0.0,0.0,centered
2662,0.0,0.0,centered
612,0.0,0.0,centered
2761,0.0,0.0,centered
1900,0.0,0.0,centered
4463,0.0,0.0,centered
1893,0.0,0.0,centered
1296,0.0,0.0,centered
5574,0.0,0.0,centered
5177,0.0,0.0,centered
5195,0.0,0.0,centered
5769,0.0,0.0,centered
3033,0.0,0.0,centered
3665,0.0,0.0,centered
4729,0.0,0.0,centered
3341,0.0,0.0,centered
5904,0.0,0.0,centered
6127,0.0,0.0,centered
3636,0.0,0.0,centered
1151,0.0,0.0,centered
1731,0.0,0.0,centered
355,0.0,0.0,centered
1246,0.0,0.0,centered
1635,0.0,0.0,centered
4426,0.0,0.0,centered
994,0.0,0.0,centered
5939,0.0,0.0,centered
649,0.0,0.0,centered
3939,0.0,0.0,centered
1410,0.0,0.0,centered
5520,0.0,0.0,centered
4342,0.0,0.0,centered
4468,0.0,0.0,centered
1551,0.0,0.0,centered
3687,0.0,0.0,centered
5611,0.0,0.0,centered
4332,0.0,0.0,centered
5243,0.0,0.0,centered
3401,0.0,0.0,centered
214,0.0,0.0,centered
4927,0.0,0.0,centered
1154,0.0,0.0,centered
2524,0.0,0.0,centered
1013,0.0,0.0,centered
803,0.0,0.0,centered
566,0.0,0.0,centered
3204,0.0,0.0,centered
101,0.0,0.0,centered
3077,0.0,0.0,centered
4774,0.0,0.0,centered
2439,0.0,0.0,centered
902,0.0,0.0,centered
1935,0.0,0.0,centered
2181,0.0,0.0,centered
3141,0.0,0.0,centered
351,0.0,0.0,centered
2054,0.0,0.0,centered
5313,0.0,0.0,centered
5957,0.0,0.0,centered
1568,0.0,0.0,centered
3587,0.0,0.0,centered
2320,0.0,0.0,centered
3479,0.0,0.0,centered
5242,0.0,0.0,centered
1375,0.0,0.0,centered
4964,0.0,0.0,centered
782,0.0,0.0,centered
2029,0.0,0.0,centered
4491,0.0,0.0,centered
1391,0.0,0.0,centered
2487,0.0,0.0,centered
2086,0.0,0.0,centered
2826,0.0,0.0,centered
4411,0.0,0.0,centered
1965,0.0,0.0,centered
3091,0.0,0.0,centered
677,0.0,0.0,centered
1136,0.0,0.0,centered
426,0.0,0.0,centered
2846,0.0,0.0,centered
847,0.0,0.0,centered
4595,0.0,0.0,centered
6099,0.0,0.0,centered
4358,0.0,0.0,centered
3318,0.0,0.0,centered
4355,0.0,0.0,centered
3058,0.0,0.0,centered
4852,0.0,0.0,centered
1939,0.0,0.0,centered
3755,0.0,0.0,centered
3111,0.0,0.0,centered
2299,0.0,0.0,centered
1983,0.0,0.0,centered
6045,0.0,0.0,centered
2122,0.0,0.0,centered
5267,0.0,0.0,centered
1737,0.0,0.0,centered
4673,0.0,0.0,centered
4511,0.0,0.0,centered
5711,0.0,0.0,centered
5309,0.0,0.0,centered
4620,0.0,0.0,centered
1528,0.0,0.0,centered
3008,0.0,0.0,centered
2564,0.0,0.0,centered
1024,0.0,0.0,centered
228,0.0,0.0,centered
1525,0.0,0.0,centered
5767,0.0,0.0,centered
2265,0.0,0.0,centered
1056,0.0,0.0,centered
2012,0.0,0.0,centered
4064,0.0,0.0,centered
5758,0.0,0.0,centered
5139,0.0,0.0,centered
2699,0.0,0.0,centered
701,0.0,0.0,centered
5419,0.0,0.0,centered
2753,0.0,0.0,centered
5130,0.0,0.0,centered
83,0.0,0.0,centered
5018,0.0,0.0,centered
206,0.0,0.0,centered
1199,0.0,0.0,centered
3732,0.0,0.0,centered
5324,0.0,0.0,centered
3704,0.0,0.0,centered
5222,0.0,0.0,centered
995,0.0,0.0,centered
2941,0.0,0.0,centered
790,1.0,0.07601434,centered
1489,1.0,0.058063284,centered
4093,1.0,0.058063284,centered
5632,1.0,0.07659672,centered
1352,1.0,0.112351894,centered
4429,1.0,0.09377143,centered
5095,1.0,0.12167117,centered
4032,1.0,0.05173041,centered
4065,1.0,0.083284646,centered
4797,1.0,0.092775464,centered
6123,1.0,0.10670695,centered
3446,1.0,0.092775464,centered
4971,1.0,0.07601434,centered
4245,1.0,0.09377143,centered
3343,1.0,0.04930176,centered
5621,1.0,0.047362983,centered
3470,1.0,0.08143705,centered
1157,1.0,0.07659672,centered
3104,1.0,0.13472974,centered
4619,1.0,0.13462725,centered
2652,1.0,0.05173041,centered
2662,1.0,0.04930176,centered
612,1.0,0.13472974,centered
2761,1.0,0.13117653,centered
1900,1.0,0.052532226,centered
4463,1.0,0.09377143,centered
1893,1.0,0.04930176,centered
1296,1.0,0.09712508,centered
5574,1.0,0.06341213,centered
5177,1.0,0.16656679,centered
5195,1.0,0.10670695,centered
5769,1.0,0.10670695,centered
3033,1.0,0.052532226,centered
3665,1.0,0.14616746,centered
4729,1.0,0.13462725,centered
3341,1.0,0.09377143,centered
5904,1.0,0.09377143,centered
6127,1.0,0.08143705,centered
3636,1.0,0.13472974,centered
1151,1.0,0.12160218,centered
1731,1.0,0.10670695,centered
355,1.0,0.052532226,centered
1246,1.0,0.14616746,centered
1635,1.0,0.0549317,centered
4426,1.0,0.09377143,centered
994,1.0,0.083284646,centered
5939,1.0,0.09377143,centered
649,1.0,0.10670695,centered
3939,1.0,0.07601434,centered
1410,1.0,0.04930176,centered
5520,1.0,0.05173041,centered
4342,1.0,0.12167117,centered
4468,1.0,0.14616746,centered
1551,1.0,0.04930176,centered
3687,1.0,0.14616746,centered
5611,1.0,0.13462725,centered
4332,1.0,0.0549317,centered
5243,1.0,0.05173041,centered
3401,1.0,0.092775464,centered
214,1.0,0.097800255,centered
4927,1.0,0.14616746,centered
1154,1.0,0.058063284,centered
2524,1.0,0.119876385,centered
1013,1.0,0.058063284,centered
803,1.0,0.07601434,centered
566,1.0,0.08962366,centered
3204,1.0,0.07659672,centered
101,1.0,0.10670695,centered
3077,1.0,0.07601434,centered
4774,1.0,0.08353481,centered
2439,1.0,0.120961696,centered
902,1.0,0.05173041,centered
1935,1.0,0.16656679,centered
2181,1.0,0.10670695,centered
3141,1.0,0.04930176,centered
351,1.0,0.10670695,centered
2054,1.0,0.10670695,centered
5313,1.0,0.08143705,centered
5957,1.0,0.07659672,centered
1568,1.0,0.07601434,centered
3587,1.0,0.05173041,centered
2320,1.0,0.14616746,centered
3479,1.0,0.14616746,centered
5242,1.0,0.14616746,centered
1375,1.0,0.09377143,centered
4964,1.0,0.14616746,centered
782,1.0,0.07601434,centered
2029,1.0,0.047362983,centered
4491,1.0,0.05173041,centered
1391,1.0,0.04930176,centered
2487,1.0,0.10670695,centered
2086,1.0,0.12167117,centered
2826,1.0,0.10670695,centered
4411,1.0,0.09712508,centered
1965,1.0,0.10670695,centered
3091,1.0,0.07495995,centered
677,1.0,0.13472974,centered
1136,1.0,0.05173041,centered
426,1.0,0.04930176,centered
2846,1.0,0.04478848,centered
847,1.0,0.16656679,centered
4595,1.0,0.10670695,centered
6099,1.0,0.056785792,centered
4358,1.0,0.09377143,centered
3318,1.0,0.058063284,centered
4355,1.0,0.14616746,centered
3058,1.0,0.07601434,centered
4852,1.0,0.04930176,centered
1939,1.0,0.083284646,centered
3755,1.0,0.10670695,centered
3111,1.0,0.09377143,centered
2299,1.0,0.09377143,centered
1983,1.0,0.12167117,centered
6045,1.0,0.09377143,centered
2122,1.0,0.09377143,centered
5267,1.0,0.06341213,centered
1737,1.0,0.048901647,centered
4673,1.0,0.047362983,centered
4511,1.0,0.16656679,centered
5711,1.0,0.12160218,centered
5309,1.0,0.07601434,centered
4620,1.0,0.04649888,centered
1528,1.0,0.058063284,centered
3008,1.0,0.092775464,centered
2564,1.0,0.10670695,centered
1024,1.0,0.10670695,centered
228,1.0,0.13462725,centered
1525,1.0,0.10901922,centered
5767,1.0,0.14616746,centered
2265,1.0,0.10670695,centered
1056,1.0,0.058063284,centered
2012,1.0,0.10670695,centered
4064,1.0,0.10670695,centered
5758,1.0,0.14616746,centered
5139,1.0,0.10670695,centered
2699,1.0,0.10670695,centered
701,1.0,0.13462725,centered
5419,1.0,0.083284646,centered
2753,1.0,0.09377143,centered
5130,1.0,0.13472974,centered
83,1.0,0.045785204,centered
5018,1.0,0.09712508,centered
206,1.0,0.09377143,centered
1199,1.0,0.07659672,centered
3732,1.0,0.13472974,centered
5324,1.0,0.13117653,centered
3704,1.0,0.10670695,centered
5222,1.0,0.10670695,centered
995,1.0,0.10670695,centered
2941,1.0,0.13184503,centered
790,2.0,0.14438006,centered
1489,2.0,0.11556792,centered
4093,2.0,0.11556792,centered
5632,2.0,0.15909724,centered
1352,2.0,0.22331765,centered
4429,2.0,0.18424928,centered
5095,2.0,0.19753966,centered
4032,2.0,0.10166788,centered
4065,2.0,0.15269136,centered
4797,2.0,0.17869088,centered
6123,2.0,0.21098402,centered
3446,2.0,0.17869088,centered
4971,2.0,0.14438006,centered
4245,2.0,0.18424928,centered
3343,2.0,0.096240625,centered
5621,2.0,0.09227522,centered
3470,2.0,0.16196999,centered
1157,2.0,0.15909724,centered
3104,2.0,0.23007542,centered
4619,2.0,0.2459017,centered
2652,2.0,0.10166788,centered
2662,2.0,0.096240625,centered
612,2.0,0.23007542,centered
2761,2.0,0.22151178,centered
1900,2.0,0.0914107,centered
4463,2.0,0.18424928,centered
1893,2.0,0.096240625,centered
1296,2.0,0.1902971,centered
5574,2.0,0.13276479,centered
5177,2.0,0.25812066,centered
5195,2.0,0.21098402,centered
5769,2.0,0.21098402,centered
3033,2.0,0.0914107,centered
3665,2.0,0.2378335,centered
4729,2.0,0.2459017,centered
3341,2.0,0.18424928,centered
5904,2.0,0.18424928,centered
6127,2.0,0.16196999,centered
3636,2.0,0.23007542,centered
1151,2.0,0.23363185,centered
1731,2.0,0.21098402,centered
355,2.0,0.0914107,centered
1246,2.0,0.2378335,centered
1635,2.0,0.11298567,centered
4426,2.0,0.18424928,centered
994,2.0,0.15269136,centered
5939,2.0,0.18424928,centered
649,2.0,0.21098402,centered
3939,2.0,0.14438006,centered
1410,2.0,0.096240625,centered
5520,2.0,0.10166788,centered
4342,2.0,0.19753966,centered
4468,2.0,0.2378335,centered
1551,2.0,0.096240625,centered
3687,2.0,0.2378335,centered
5611,2.0,0.2459017,centered
4332,2.0,0.11298567,centered
5243,2.0,0.10166788,centered
3401,2.0,0.17869088,centered
214,2.0,0.19196942,centered
4927,2.0,0.2378335,centered
1154,2.0,0.11556792,centered
2524,2.0,0.18920588,centered
1013,2.0,0.11556792,centered
803,2.0,0.14438006,centered
566,2.0,0.17919362,centered
3204,2.0,0.15909724,centered
101,2.0,0.21098402,centered
3077,2.0,0.14438006,centered
4774,2.0,0.15685245,centered
2439,2.0,0.2137348,centered
902,2.0,0.10166788,centered
1935,2.0,0.25812066,centered
2181,2.0,0.21098402,centered
3141,2.0,0.096240625,centered
351,2.0,0.21098402,centered
2054,2.0,0.21098402,centered
5313,2.0,0.16196999,centered
5957,2.0,0.15909724,centered
1568,2.0,0.14438006,centered
3587,2.0,0.10166788,centered
2320,2.0,0.2378335,centered
3479,2.0,0.2378335,centered
5242,2.0,0.2378335,centered
1375,2.0,0.18424928,centered
4964,2.0,0.2378335,centered
782,2.0,0.14438006,centered
2029,2.0,0.09227522,centered
4491,2.0,0.10166788,centered
1391,2.0,0.096240625,centered
2487,2.0,0.21098402,centered
2086,2.0,0.19753966,centered
2826,2.0,0.21098402,centered
4411,2.0,0.1902971,centered
1965,2.0,0.21098402,centered
3091,2.0,0.14778289,centered
677,2.0,0.23007542,centered
1136,2.0,0.10166788,centered
426,2.0,0.096240625,centered
2846,2.0,0.08208354,centered
847,2.0,0.25812066,centered
4595,2.0,0.21098402,centered
6099,2.0,0.11490625,centered
4358,2.0,0.18424928,centered
3318,2.0,0.11556792,centered
4355,2.0,0.2378335,centered
3058,2.0,0.14438006,centered
4852,2.0,0.096240625,centered
1939,2.0,0.15269136,centered
3755,2.0,0.21098402,centered
3111,2.0,0.18424928,centered
2299,2.0,0.18424928,centered
1983,2.0,0.19753966,centered
6045,2.0,0.18424928,centered
2122,2.0,0.18424928,centered
5267,2.0,0.13276479,centered
1737,2.0,0.10350031,centered
4673,2.0,0.09227522,centered
4511,2.0,0.25812066,centered
5711,2.0,0.23363185,centered
5309,2.0,0.14438006,centered
4620,2.0,0.0969677,centered
1528,2.0,0.11556792,centered
3008,2.0,0.17869088,centered
2564,2.0,0.21098402,centered
1024,2.0,0.21098402,centered
228,2.0,0.2459017,centered
1525,2.0,0.20559111,centered
5767,2.0,0.2378335,centered
2265,2.0,0.21098402,centered
1056,2.0,0.11556792,centered
2012,2.0,0.21098402,centered
4064,2.0,0.21098402,centered
5758,2.0,0.2378335,centered
5139,2.0,0.21098402,centered
2699,2.0,0.21098402,centered
701,2.0,0.2459017,centered
5419,2.0,0.15269136,centered
2753,2.0,0.18424928,centered
5130,2.0,0.23007542,centered
83,2.0,0.08721258,centered
5018,2.0,0.1902971,centered
206,2.0,0.18424928,centered
1199,2.0,0.15909724,centered
3732,2.0,0.23007542,centered
5324,2.0,0.22151178,centered
3704,2.0,0.21098402,centered
5222,2.0,0.21098402,centered
995,2.0,0.21098402,centered
2941,2.0,0.20858636,centered
790,3.0,0.24279481,centered
1489,3.0,0.18750167,centered
4093,3.0,0.18750167,centered
5632,3.0,0.23945291,centered
1352,3.0,0.31046155,centered
4429,3.0,0.2734051,centered
5095,3.0,0.2577757,centered
4032,3.0,0.16640562,centered
4065,3.0,0.23939085,centered
4797,3.0,0.25721055,centered
6123,3.0,0.3022173,centered
3446,3.0,0.25721055,centered
4971,3.0,0.24279481,centered
4245,3.0,0.2734051,centered
3343,3.0,0.15335064,centered
5621,3.0,0.14047328,centered
3470,3.0,0.24352843,centered
1157,3.0,0.23945291,centered
3104,3.0,0.2976696,centered
4619,3.0,0.3175367,centered
2652,3.0,0.16640562,centered
2662,3.0,0.15335064,centered
612,3.0,0.2976696,centered
2761,3.0,0.29572815,centered
1900,3.0,0.13933185,centered
4463,3.0,0.2734051,centered
1893,3.0,0.15335064,centered
1296,3.0,0.26733533,centered
5574,3.0,0.2035732,centered
5177,3.0,0.31440306,centered
5195,3.0,0.3022173,centered
5769,3.0,0.3022173,centered
3033,3.0,0.13933185,centered
3665,3.0,0.29007578,centered
4729,3.0,0.3175367,centered
3341,3.0,0.2734051,centered
5904,3.0,0.2734051,centered
6127,3.0,0.24352843,centered
3636,3.0,0.2976696,centered
1151,3.0,0.30367392,centered
1731,3.0,0.3022173,centered
355,3.0,0.13933185,centered
1246,3.0,0.29007578,centered
1635,3.0,0.17415062,centered
4426,3.0,0.2734051,centered
994,3.0,0.23939085,centered
5939,3.0,0.2734051,centered
649,3.0,0.3022173,centered
3939,3.0,0.24279481,centered
1410,3.0,0.15335064,centered
5520,3.0,0.16640562,centered
4342,3.0,0.2577757,centered
4468,3.0,0.29007578,centered
1551,3.0,0.15335064,centered
3687,3.0,0.29007578,centered
5611,3.0,0.3175367,centered
4332,3.0,0.17415062,centered
5243,3.0,0.16640562,centered
3401,3.0,0.25721055,centered
214,3.0,0.28000432,centered
4927,3.0,0.29007578,centered
1154,3.0,0.18750167,centered
2524,3.0,0.24254978,centered
1013,3.0,0.18750167,centered
803,3.0,0.24279481,centered
566,3.0,0.2680082,centered
3204,3.0,0.23945291,centered
101,3.0,0.3022173,centered
3077,3.0,0.24279481,centered
4774,3.0,0.22732228,centered
2439,3.0,0.28245538,centered
902,3.0,0.16640562,centered
1935,3.0,0.31440306,centered
2181,3.0,0.3022173,centered
3141,3.0,0.15335064,centered
351,3.0,0.3022173,centered
2054,3.0,0.3022173,centered
5313,3.0,0.24352843,centered
5957,3.0,0.23945291,centered
1568,3.0,0.24279481,centered
3587,3.0,0.16640562,centered
2320,3.0,0.29007578,centered
3479,3.0,0.29007578,centered
5242,3.0,0.29007578,centered
1375,3.0,0.2734051,centered
4964,3.0,0.29007578,centered
782,3.0,0.24279481,centered
2029,3.0,0.14047328,centered
4491,3.0,0.16640562,centered
1391,3.0,0.15335064,centered
2487,3.0,0.3022173,centered
2086,3.0,0.2577757,centered
2826,3.0,0.3022173,centered
4411,3.0,0.26733533,centered
1965,3.0,0.3022173,centered
3091,3.0,0.22949749,centered
677,3.0,0.2976696,centered
1136,3.0,0.16640562,centered
426,3.0,0.15335064,centered
2846,3.0,0.120899424,centered
847,3.0,0.31440306,centered
4595,3.0,0.3022173,centered
6099,3.0,0.17870808,centered
4358,3.0,0.2734051,centered
3318,3.0,0.18750167,centered
4355,3.0,0.29007578,centered
3058,3.0,0.24279481,centered
4852,3.0,0.15335064,centered
1939,3.0,0.23939085,centered
3755,3.0,0.3022173,centered
3111,3.0,0.2734051,centered
2299,3.0,0.2734051,centered
1983,3.0,0.2577757,centered
6045,3.0,0.2734051,centered
2122,3.0,0.2734051,centered
5267,3.0,0.2035732,centered
1737,3.0,0.1602802,centered
4673,3.0,0.14047328,centered
4511,3.0,0.31440306,centered
5711,3.0,0.30367392,centered
5309,3.0,0.24279481,centered
4620,3.0,0.14525673,centered
1528,3.0,0.18750167,centered
3008,3.0,0.25721055,centered
2564,3.0,0.3022173,centered
1024,3.0,0.3022173,centered
228,3.0,0.3175367,centered
1525,3.0,0.28949112,centered
5767,3.0,0.29007578,centered
2265,3.0,0.3022173,centered
1056,3.0,0.18750167,centered
2012,3.0,0.3022173,centered
4064,3.0,0.3022173,centered
5758,3.0,0.29007578,centered
5139,3.0,0.3022173,centered
2699,3.0,0.3022173,centered
701,3.0,0.3175367,centered
5419,3.0,0.23939085,centered
2753,3.0,0.2734051,centered
5130,3.0,0.2976696,centered
83,3.0,0.12876725,centered
5018,3.0,0.26733533,centered
206,3.0,0.2734051,centered
1199,3.0,0.23945291,centered
3732,3.0,0.2976696,centered
5324,3.0,0.29572815,centered
3704,3.0,0.3022173,centered
5222,3.0,0.3022173,centered
995,3.0,0.3022173,centered
2941,3.0,0.2671685,centered
790,4.0,0.3079543,centered
1489,4.0,0.2526797,centered
4093,4.0,0.2526797,centered
5632,4.0,0.29579425,centered
1352,4.0,0.36215732,centered
4429,4.0,0.32860264,centered
5095,4.0,0.28800455,centered
4032,4.0,0.22371477,centered
4065,4.0,0.30761752,centered
4797,4.0,0.30891716,centered
6123,4.0,0.3503083,centered
3446,4.0,0.30891716,centered
4971,4.0,0.3079543,centered
4245,4.0,0.32860264,centered
3343,4.0,0.20401432,centered
5621,4.0,0.18494171,centered
3470,4.0,0.30175015,centered
1157,4.0,0.29579425,centered
3104,4.0,0.33488613,centered
4619,4.0,0.35578704,centered
2652,4.0,0.22371477,centered
2662,4.0,0.20401432,centered
612,4.0,0.33488613,centered
2761,4.0,0.34532917,centered
1900,4.0,0.18569714,centered
4463,4.0,0.32860264,centered
1893,4.0,0.20401432,centered
1296,4.0,0.3236772,centered
5574,4.0,0.26125503,centered
5177,4.0,0.34694165,centered
5195,4.0,0.3503083,centered
5769,4.0,0.3503083,centered
3033,4.0,0.18569714,centered
3665,4.0,0.32237643,centered
4729,4.0,0.35578704,centered
3341,4.0,0.32860264,centered
5904,4.0,0.32860264,centered
6127,4.0,0.30175015,centered
3636,4.0,0.33488613,centered
1151,4.0,0.3500638,centered
1731,4.0,0.3503083,centered
355,4.0,0.18569714,centered
1246,4.0,0.32237643,centered
1635,4.0,0.22802535,centered
4426,4.0,0.32860264,centered
994,4.0,0.30761752,centered
5939,4.0,0.32860264,centered
649,4.0,0.3503083,centered
3939,4.0,0.3079543,centered
1410,4.0,0.20401432,centered
5520,4.0,0.22371477,centered
4342,4.0,0.28800455,centered
4468,4.0,0.32237643,centered
1551,4.0,0.20401432,centered
3687,4.0,0.32237643,centered
5611,4.0,0.35578704,centered
4332,4.0,0.22802535,centered
5243,4.0,0.22371477,centered
3401,4.0,0.30891716,centered
214,4.0,0.33462113,centered
4927,4.0,0.32237643,centered
1154,4.0,0.2526797,centered
2524,4.0,0.27363276,centered
1013,4.0,0.2526797,centered
803,4.0,0.3079543,centered
566,4.0,0.32617244,centered
3204,4.0,0.29579425,centered
101,4.0,0.3503083,centered
3077,4.0,0.3079543,centered
4774,4.0,0.2819936,centered
2439,4.0,0.32304376,centered
902,4.0,0.22371477,centered
1935,4.0,0.34694165,centered
2181,4.0,0.3503083,centered
3141,4.0,0.20401432,centered
351,4.0,0.3503083,centered
2054,4.0,0.3503083,centered
5313,4.0,0.30175015,centered
5957,4.0,0.29579425,centered
1568,4.0,0.3079543,centered
3587,4.0,0.22371477,centered
2320,4.0,0.32237643,centered
3479,4.0,0.32237643,centered
5242,4.0,0.32237643,centered
1375,4.0,0.32860264,centered
4964,4.0,0.32237643,centered
782,4.0,0.3079543,centered
2029,4.0,0.18494171,centered
4491,4.0,0.22371477,centered
1391,4.0,0.20401432,centered
2487,4.0,0.3503083,centered
2086,4.0,0.28800455,centered
2826,4.0,0.3503083,centered
4411,4.0,0.3236772,centered
1965,4.0,0.3503083,centered
3091,4.0,0.29329884,centered
677,4.0,0.33488613,centered
1136,4.0,0.22371477,centered
426,4.0,0.20401432,centered
2846,4.0,0.15585478,centered
847,4.0,0.34694165,centered
4595,4.0,0.3503083,centered
6099,4.0,0.23756859,centered
4358,4.0,0.32860264,centered
3318,4.0,0.2526797,centered
4355,4.0,0.32237643,centered
3058,4.0,0.3079543,centered
4852,4.0,0.20401432,centered
1939,4.0,0.30761752,centered
3755,4.0,0.3503083,centered
3111,4.0,0.32860264,centered
2299,4.0,0.32860264,centered
1983,4.0,0.28800455,centered
6045,4.0,0.32860264,centered
2122,4.0,0.32860264,centered
5267,4.0,0.26125503,centered
1737,4.0,0.2021004,centered
4673,4.0,0.18494171,centered
4511,4.0,0.34694165,centered
5711,4.0,0.3500638,centered
5309,4.0,0.3079543,centered
4620,4.0,0.1888175,centered
1528,4.0,0.2526797,centered
3008,4.0,0.30891716,centered
2564,4.0,0.3503083,centered
1024,4.0,0.3503083,centered
228,4.0,0.35578704,centered
1525,4.0,0.34068567,centered
5767,4.0,0.32237643,centered
2265,4.0,0.3503083,centered
1056,4.0,0.2526797,centered
2012,4.0,0.3503083,centered
4064,4.0,0.3503083,centered
5758,4.0,0.32237643,centered
5139,4.0,0.3503083,centered
2699,4.0,0.3503083,centered
701,4.0,0.35578704,centered
5419,4.0,0.30761752,centered
2753,4.0,0.32860264,centered
5130,4.0,0.33488613,centered
83,4.0,0.1688902,centered
5018,4.0,0.3236772,centered
206,4.0,0.32860264,centered
1199,4.0,0.29579425,centered
3732,4.0,0.33488613,centered
5324,4.0,0.34532917,centered
3704,4.0,0.3503083,centered
5222,4.0,0.3503083,centered
995,4.0,0.3503083,centered
2941,4.0,0.30313048,centered
790,5.0,0.35751098,centered
1489,5.0,0.3022352,centered
4093,5.0,0.3022352,centered
5632,5.0,0.34144312,centered
1352,5.0,0.39839163,centered
4429,5.0,0.37036178,centered
5095,5.0,0.31448516,centered
4032,5.0,0.27285025,centered
4065,5.0,0.35922495,centered
4797,5.0,0.34978485,centered
6123,5.0,0.38517386,centered
3446,5.0,0.34978485,centered
4971,5.0,0.35751098,centered
4245,5.0,0.37036178,centered
3343,5.0,0.25184697,centered
5621,5.0,0.23085141,centered
3470,5.0,0.34354046,centered
1157,5.0,0.34144312,centered
3104,5.0,0.36076015,centered
4619,5.0,0.38335317,centered
2652,5.0,0.27285025,centered
2662,5.0,0.25184697,centered
612,5.0,0.36076015,centered
2761,5.0,0.37693083,centered
1900,5.0,0.23484936,centered
4463,5.0,0.37036178,centered
1893,5.0,0.25184697,centered
1296,5.0,0.36300668,centered
5574,5.0,0.30170998,centered
5177,5.0,0.36986202,centered
5195,5.0,0.38517386,centered
5769,5.0,0.38517386,centered
3033,5.0,0.23484936,centered
3665,5.0,0.34373182,centered
4729,5.0,0.38335317,centered
3341,5.0,0.37036178,centered
5904,5.0,0.37036178,centered
6127,5.0,0.34354046,centered
3636,5.0,0.36076015,centered
1151,5.0,0.37772942,centered
1731,5.0,0.38517386,centered
355,5.0,0.23484936,centered
1246,5.0,0.34373182,centered
1635,5.0,0.27229467,centered
4426,5.0,0.37036178,centered
994,5.0,0.35922495,centered
5939,5.0,0.37036178,centered
649,5.0,0.38517386,centered
3939,5.0,0.35751098,centered
1410,5.0,0.25184697,centered
5520,5.0,0.27285025,centered
4342,5.0,0.31448516,centered
4468,5.0,0.34373182,centered
1551,5.0,0.25184697,centered
3687,5.0,0.34373182,centered
5611,5.0,0.38335317,centered
4332,5.0,0.27229467,centered
5243,5.0,0.27285025,centered
3401,5.0,0.34978485,centered
214,5.0,0.37728906,centered
4927,5.0,0.34373182,centered
1154,5.0,0.3022352,centered
2524,5.0,0.29870766,centered
1013,5.0,0.3022352,centered
803,5.0,0.35751098,centered
566,5.0,0.3699117,centered
3204,5.0,0.34144312,centered
101,5.0,0.38517386,centered
3077,5.0,0.35751098,centered
4774,5.0,0.3275135,centered
2439,5.0,0.35313278,centered
902,5.0,0.27285025,centered
1935,5.0,0.36986202,centered
2181,5.0,0.38517386,centered
3141,5.0,0.25184697,centered
351,5.0,0.38517386,centered
2054,5.0,0.38517386,centered
5313,5.0,0.34354046,centered
5957,5.0,0.34144312,centered
1568,5.0,0.35751098,centered
3587,5.0,0.27285025,centered
2320,5.0,0.34373182,centered
3479,5.0,0.34373182,centered
5242,5.0,0.34373182,centered
1375,5.0,0.37036178,centered
4964,5.0,0.34373182,centered
782,5.0,0.35751098,centered
2029,5.0,0.23085141,centered
4491,5.0,0.27285025,centered
1391,5.0,0.25184697,centered
2487,5.0,0.38517386,centered
2086,5.0,0.31448516,centered
2826,5.0,0.38517386,centered
4411,5.0,0.36300668,centered
1965,5.0,0.38517386,centered
3091,5.0,0.34388027,centered
677,5.0,0.36076015,centered
1136,5.0,0.27285025,centered
426,5.0,0.25184697,centered
2846,5.0,0.19325347,centered
847,5.0,0.36986202,centered
4595,5.0,0.38517386,centered
6099,5.0,0.28367358,centered
4358,5.0,0.37036178,centered
3318,5.0,0.3022352,centered
4355,5.0,0.34373182,centered
3058,5.0,0.35751098,centered
4852,5.0,0.25184697,centered
1939,5.0,0.35922495,centered
3755,5.0,0.38517386,centered
3111,5.0,0.37036178,centered
2299,5.0,0.37036178,centered
1983,5.0,0.31448516,centered
6045,5.0,0.37036178,centered
2122,5.0,0.37036178,centered
5267,5.0,0.30170998,centered
1737,5.0,0.24043074,centered
4673,5.0,0.23085141,centered
4511,5.0,0.36986202,centered
5711,5.0,0.37772942,centered
5309,5.0,0.35751098,centered
4620,5.0,0.22790033,centered
1528,5.0,0.3022352,centered
3008,5.0,0.34978485,centered
2564,5.0,0.38517386,centered
1024,5.0,0.38517386,centered
228,5.0,0.38335317,centered
1525,5.0,0.37789804,centered
5767,5.0,0.34373182,centered
2265,5.0,0.38517386,centered
1056,5.0,0.3022352,centered
2012,5.0,0.38517386,centered
4064,5.0,0.38517386,centered
5758,5.0,0.34373182,centered
5139,5.0,0.38517386,centered
2699,5.0,0.38517386,centered
701,5.0,0.38335317,centered
5419,5.0,0.35922495,centered
2753,5.0,0.37036178,centered
5130,5.0,0.36076015,centered
83,5.0,0.21165009,centered
5018,5.0,0.36300668,centered
206,5.0,0.37036178,centered
1199,5.0,0.34144312,centered
3732,5.0,0.36076015,centered
5324,5.0,0.37693083,centered
3704,5.0,0.38517386,centered
5222,5.0,0.38517386,centered
995,5.0,0.38517386,centered
2941,5.0,0.32718197,centered
790,6.0,0.39724827,centered
1489,6.0,0.34106684,centered
4093,6.0,0.34106684,centered
5632,6.0,0.3806526,centered
1352,6.0,0.43039075,centered
4429,6.0,0.40087405,centered
5095,6.0,0.33814088,centered
4032,6.0,0.3123094,centered
4065,6.0,0.3972368,centered
4797,6.0,0.3845806,centered
6123,6.0,0.41665334,centered
3446,6.0,0.3845806,centered
4971,6.0,0.39724827,centered
4245,6.0,0.40087405,centered
3343,6.0,0.2980218,centered
5621,6.0,0.27658018,centered
3470,6.0,0.38455138,centered
1157,6.0,0.3806526,centered
3104,6.0,0.38208896,centered
4619,6.0,0.40932786,centered
2652,6.0,0.3123094,centered
2662,6.0,0.2980218,centered
612,6.0,0.38208896,centered
2761,6.0,0.40293968,centered
1900,6.0,0.2817065,centered
4463,6.0,0.40087405,centered
1893,6.0,0.2980218,centered
1296,6.0,0.39291176,centered
5574,6.0,0.33747908,centered
5177,6.0,0.38885874,centered
5195,6.0,0.41665334,centered
5769,6.0,0.41665334,centered
3033,6.0,0.2817065,centered
3665,6.0,0.36193514,centered
4729,6.0,0.40932786,centered
3341,6.0,0.40087405,centered
5904,6.0,0.40087405,centered
6127,6.0,0.38455138,centered
3636,6.0,0.38208896,centered
1151,6.0,0.4088868,centered
1731,6.0,0.41665334,centered
355,6.0,0.2817065,centered
1246,6.0,0.36193514,centered
1635,6.0,0.30621147,centered
4426,6.0,0.40087405,centered
994,6.0,0.3972368,centered
5939,6.0,0.40087405,centered
649,6.0,0.41665334,centered
3939,6.0,0.39724827,centered
1410,6.0,0.2980218,centered
5520,6.0,0.3123094,centered
4342,6.0,0.33814088,centered
4468,6.0,0.36193514,centered
1551,6.0,0.2980218,centered
3687,6.0,0.36193514,centered
5611,6.0,0.40932786,centered
4332,6.0,0.30621147,centered
5243,6.0,0.3123094,centered
3401,6.0,0.3845806,centered
214,6.0,0.41069704,centered
4927,6.0,0.36193514,centered
1154,6.0,0.34106684,centered
2524,6.0,0.3205998,centered
1013,6.0,0.34106684,centered
803,6.0,0.39724827,centered
566,6.0,0.4059507,centered
3204,6.0,0.3806526,centered
101,6.0,0.41665334,centered
3077,6.0,0.39724827,centered
4774,6.0,0.36804822,centered
2439,6.0,0.38158512,centered
902,6.0,0.3123094,centered
1935,6.0,0.38885874,centered
2181,6.0,0.41665334,centered
3141,6.0,0.2980218,centered
351,6.0,0.41665334,centered
2054,6.0,0.41665334,centered
5313,6.0,0.38455138,centered
5957,6.0,0.3806526,centered
1568,6.0,0.39724827,centered
3587,6.0,0.3123094,centered
2320,6.0,0.36193514,centered
3479,6.0,0.36193514,centered
5242,6.0,0.36193514,centered
1375,6.0,0.40087405,centered
4964,6.0,0.36193514,centered
782,6.0,0.39724827,centered
2029,6.0,0.27658018,centered
4491,6.0,0.3123094,centered
1391,6.0,0.2980218,centered
2487,6.0,0.41665334,centered
2086,6.0,0.33814088,centered
2826,6.0,0.41665334,centered
4411,6.0,0.39291176,centered
1965,6.0,0.41665334,centered
3091,6.0,0.38568553,centered
677,6.0,0.38208896,centered
1136,6.0,0.3123094,centered
426,6.0,0.2980218,centered
2846,6.0,0.2336637,centered
847,6.0,0.38885874,centered
4595,6.0,0.41665334,centered
6099,6.0,0.32308426,centered
4358,6.0,0.40087405,centered
3318,6.0,0.34106684,centered
4355,6.0,0.36193514,centered
3058,6.0,0.39724827,centered
4852,6.0,0.2980218,centered
1939,6.0,0.3972368,centered
3755,6.0,0.41665334,centered
3111,6.0,0.40087405,centered
2299,6.0,0.40087405,centered
1983,6.0,0.33814088,centered
6045,6.0,0.40087405,centered
2122,6.0,0.40087405,centered
5267,6.0,0.33747908,centered
1737,6.0,0.27742705,centered
4673,6.0,0.27658018,centered
4511,6.0,0.38885874,centered
5711,6.0,0.4088868,centered
5309,6.0,0.39724827,centered
4620,6.0,0.26277995,centered
1528,6.0,0.34106684,centered
3008,6.0,0.3845806,centered
2564,6.0,0.41665334,centered
1024,6.0,0.41665334,centered
228,6.0,0.40932786,centered
1525,6.0,0.40925717,centered
5767,6.0,0.36193514,centered
2265,6.0,0.41665334,centered
1056,6.0,0.34106684,centered
2012,6.0,0.41665334,centered
4064,6.0,0.41665334,centered
5758,6.0,0.36193514,centered
5139,6.0,0.41665334,centered
2699,6.0,0.41665334,centered
701,6.0,0.40932786,centered
5419,6.0,0.3972368,centered
2753,6.0,0.40087405,centered
5130,6.0,0.38208896,centered
83,6.0,0.25983262,centered
5018,6.0,0.39291176,centered
206,6.0,0.40087405,centered
1199,6.0,0.3806526,centered
3732,6.0,0.38208896,centered
5324,6.0,0.40293968,centered
3704,6.0,0.41665334,centered
5222,6.0,0.41665334,centered
995,6.0,0.41665334,centered
2941,6.0,0.35340926,centered
790,7.0,0.43194646,centered
1489,7.0,0.37009567,centered
4093,7.0,0.37009567,centered
5632,7.0,0.41408223,centered
1352,7.0,0.45669666,centered
4429,7.0,0.42711553,centered
5095,7.0,0.35334268,centered
4032,7.0,0.34457347,centered
4065,7.0,0.42756715,centered
4797,7.0,0.41538644,centered
6123,7.0,0.4399261,centered
3446,7.0,0.41538644,centered
4971,7.0,0.43194646,centered
4245,7.0,0.42711553,centered
3343,7.0,0.33127713,centered
5621,7.0,0.3174352,centered
3470,7.0,0.41093943,centered
1157,7.0,0.41408223,centered
3104,7.0,0.39933038,centered
4619,7.0,0.4280368,centered
2652,7.0,0.34457347,centered
2662,7.0,0.33127713,centered
612,7.0,0.39933038,centered
2761,7.0,0.42431468,centered
1900,7.0,0.31966105,centered
4463,7.0,0.42711553,centered
1893,7.0,0.33127713,centered
1296,7.0,0.41908386,centered
5574,7.0,0.36750758,centered
5177,7.0,0.40659684,centered
5195,7.0,0.4399261,centered
5769,7.0,0.4399261,centered
3033,7.0,0.31966105,centered
3665,7.0,0.37727183,centered
4729,7.0,0.4280368,centered
3341,7.0,0.42711553,centered
5904,7.0,0.42711553,centered
6127,7.0,0.41093943,centered
3636,7.0,0.39933038,centered
1151,7.0,0.43084753,centered
1731,7.0,0.4399261,centered
355,7.0,0.31966105,centered
1246,7.0,0.37727183,centered
1635,7.0,0.33824265,centered
4426,7.0,0.42711553,centered
994,7.0,0.42756715,centered
5939,7.0,0.42711553,centered
649,7.0,0.4399261,centered
3939,7.0,0.43194646,centered
1410,7.0,0.33127713,centered
5520,7.0,0.34457347,centered
4342,7.0,0.35334268,centered
4468,7.0,0.37727183,centered
1551,7.0,0.33127713,centered
3687,7.0,0.37727183,centered
5611,7.0,0.4280368,centered
4332,7.0,0.33824265,centered
5243,7.0,0.34457347,centered
3401,7.0,0.41538644,centered
214,7.0,0.43635547,centered
4927,7.0,0.37727183,centered
1154,7.0,0.37009567,centered
2524,7.0,0.335818,centered
1013,7.0,0.37009567,centered
803,7.0,0.43194646,centered
566,7.0,0.4298096,centered
3204,7.0,0.41408223,centered
101,7.0,0.4399261,centered
3077,7.0,0.43194646,centered
4774,7.0,0.4019216,centered
2439,7.0,0.4050417,centered
902,7.0,0.34457347,centered
1935,7.0,0.40659684,centered
2181,7.0,0.4399261,centered
3141,7.0,0.33127713,centered
351,7.0,0.4399261,centered
2054,7.0,0.4399261,centered
5313,7.0,0.41093943,centered
5957,7.0,0.41408223,centered
1568,7.0,0.43194646,centered
3587,7.0,0.34457347,centered
2320,7.0,0.37727183,centered
3479,7.0,0.37727183,centered
5242,7.0,0.37727183,centered
1375,7.0,0.42711553,centered
4964,7.0,0.37727183,centered
782,7.0,0.43194646,centered
2029,7.0,0.3174352,centered
4491,7.0,0.34457347,centered
1391,7.0,0.33127713,centered
2487,7.0,0.4399261,centered
2086,7.0,0.35334268,centered
2826,7.0,0.4399261,centered
4411,7.0,0.41908386,centered
1965,7.0,0.4399261,centered
3091,7.0,0.41988203,centered
677,7.0,0.39933038,centered
1136,7.0,0.34457347,centered
426,7.0,0.33127713,centered
2846,7.0,0.2707615,centered
847,7.0,0.40659684,centered
4595,7.0,0.4399261,centered
6099,7.0,0.35751113,centered
4358,7.0,0.42711553,centered
3318,7.0,0.37009567,centered
4355,7.0,0.37727183,centered
3058,7.0,0.43194646,centered
4852,7.0,0.33127713,centered
1939,7.0,0.42756715,centered
3755,7.0,0.4399261,centered
3111,7.0,0.42711553,centered
2299,7.0,0.42711553,centered
1983,7.0,0.35334268,centered
6045,7.0,0.42711553,centered
2122,7.0,0.42711553,centered
5267,7.0,0.36750758,centered
1737,7.0,0.30802596,centered
4673,7.0,0.3174352,centered
4511,7.0,0.40659684,centered
5711,7.0,0.43084753,centered
5309,7.0,0.43194646,centered
4620,7.0,0.29175183,centered
1528,7.0,0.37009567,centered
3008,7.0,0.41538644,centered
2564,7.0,0.4399261,centered
1024,7.0,0.4399261,centered
228,7.0,0.4280368,centered
1525,7.0,0.4315793,centered
5767,7.0,0.37727183,centered
2265,7.0,0.4399261,centered
1056,7.0,0.37009567,centered
2012,7.0,0.4399261,centered
4064,7.0,0.4399261,centered
5758,7.0,0.37727183,centered
5139,7.0,0.4399261,centered
2699,7.0,0.4399261,centered
701,7.0,0.4280368,centered
5419,7.0,0.42756715,centered
2753,7.0,0.42711553,centered
5130,7.0,0.39933038,centered
83,7.0,0.30431646,centered
5018,7.0,0.41908386,centered
206,7.0,0.42711553,centered
1199,7.0,0.41408223,centered
3732,7.0,0.39933038,centered
5324,7.0,0.42431468,centered
3704,7.0,0.4399261,centered
5222,7.0,0.4399261,centered
995,7.0,0.4399261,centered
2941,7.0,0.37022528,centered
790,8.0,0.45699435,centered
1489,8.0,0.39320672,centered
4093,8.0,0.39320672,centered
5632,8.0,0.44079024,centered
1352,8.0,0.47482648,centered
4429,8.0,0.4478657,centered
5095,8.0,0.36743876,centered
4032,8.0,0.3696265,centered
4065,8.0,0.45062932,centered
4797,8.0,0.4412101,centered
6123,8.0,0.461667,centered
3446,8.0,0.4412101,centered
4971,8.0,0.45699435,centered
4245,8.0,0.4478657,centered
3343,8.0,0.35819006,centered
5621,8.0,0.35459453,centered
3470,8.0,0.4353902,centered
1157,8.0,0.44079024,centered
3104,8.0,0.411456,centered
4619,8.0,0.44266373,centered
2652,8.0,0.3696265,centered
2662,8.0,0.35819006,centered
612,8.0,0.411456,centered
2761,8.0,0.44090676,centered
1900,8.0,0.3510228,centered
4463,8.0,0.4478657,centered
1893,8.0,0.35819006,centered
1296,8.0,0.43735406,centered
5574,8.0,0.3907398,centered
5177,8.0,0.4193321,centered
5195,8.0,0.461667,centered
5769,8.0,0.461667,centered
3033,8.0,0.3510228,centered
3665,8.0,0.38897693,centered
4729,8.0,0.44266373,centered
3341,8.0,0.4478657,centered
5904,8.0,0.4478657,centered
6127,8.0,0.4353902,centered
3636,8.0,0.411456,centered
1151,8.0,0.45223588,centered
1731,8.0,0.461667,centered
355,8.0,0.3510228,centered
1246,8.0,0.38897693,centered
1635,8.0,0.3639228,centered
4426,8.0,0.4478657,centered
994,8.0,0.45062932,centered
5939,8.0,0.4478657,centered
649,8.0,0.461667,centered
3939,8.0,0.45699435,centered
1410,8.0,0.35819006,centered
5520,8.0,0.3696265,centered
4342,8.0,0.36743876,centered
4468,8.0,0.38897693,centered
1551,8.0,0.35819006,centered
3687,8.0,0.38897693,centered
5611,8.0,0.44266373,centered
4332,8.0,0.3639228,centered
5243,8.0,0.3696265,centered
3401,8.0,0.4412101,centered
214,8.0,0.45651293,centered
4927,8.0,0.38897693,centered
1154,8.0,0.39320672,centered
2524,8.0,0.34758425,centered
1013,8.0,0.39320672,centered
803,8.0,0.45699435,centered
566,8.0,0.44679567,centered
3204,8.0,0.44079024,centered
101,8.0,0.461667,centered
3077,8.0,0.45699435,centered
4774,8.0,0.43201676,centered
2439,8.0,0.42423862,centered
902,8.0,0.3696265,centered
1935,8.0,0.4193321,centered
2181,8.0,0.461667,centered
3141,8.0,0.35819006,centered
351,8.0,0.461667,centered
2054,8.0,0.461667,centered
5313,8.0,0.4353902,centered
5957,8.0,0.44079024,centered
1568,8.0,0.45699435,centered
3587,8.0,0.3696265,centered
2320,8.0,0.38897693,centered
3479,8.0,0.38897693,centered
5242,8.0,0.38897693,centered
1375,8.0,0.4478657,centered
4964,8.0,0.38897693,centered
782,8.0,0.45699435,centered
2029,8.0,0.35459453,centered
4491,8.0,0.3696265,centered
1391,8.0,0.35819006,centered
2487,8.0,0.461667,centered
2086,8.0,0.36743876,centered
2826,8.0,0.461667,centered
4411,8.0,0.43735406,centered
1965,8.0,0.461667,centered
3091,8.0,0.44732735,centered
677,8.0,0.411456,centered
1136,8.0,0.3696265,centered
426,8.0,0.35819006,centered
2846,8.0,0.30936188,centered
847,8.0,0.4193321,centered
4595,8.0,0.461667,centered
6099,8.0,0.38692117,centered
4358,8.0,0.4478657,centered
3318,8.0,0.39320672,centered
4355,8.0,0.38897693,centered
3058,8.0,0.45699435,centered
4852,8.0,0.35819006,centered
1939,8.0,0.45062932,centered
3755,8.0,0.461667,centered
3111,8.0,0.4478657,centered
2299,8.0,0.4478657,centered
1983,8.0,0.36743876,centered
6045,8.0,0.4478657,centered
2122,8.0,0.4478657,centered
5267,8.0,0.3907398,centered
1737,8.0,0.34130922,centered
4673,8.0,0.35459453,centered
4511,8.0,0.4193321,centered
5711,8.0,0.45223588,centered
5309,8.0,0.45699435,centered
4620,8.0,0.31731373,centered
1528,8.0,0.39320672,centered
3008,8.0,0.4412101,centered
2564,8.0,0.461667,centered
1024,8.0,0.461667,centered
228,8.0,0.44266373,centered
1525,8.0,0.44697064,centered
5767,8.0,0.38897693,centered
2265,8.0,0.461667,centered
1056,8.0,0.39320672,centered
2012,8.0,0.461667,centered
4064,8.0,0.461667,centered
5758,8.0,0.38897693,centered
5139,8.0,0.461667,centered
2699,8.0,0.461667,centered
701,8.0,0.44266373,centered
5419,8.0,0.45062932,centered
2753,8.0,0.4478657,centered
5130,8.0,0.411456,centered
83,8.0,0.34171712,centered
5018,8.0,0.43735406,centered
206,8.0,0.4478657,centered
1199,8.0,0.44079024,centered
3732,8.0,0.411456,centered
5324,8.0,0.44090676,centered
3704,8.0,0.461667,centered
5222,8.0,0.461667,centered
995,8.0,0.461667,centered
2941,8.0,0.38646927,centered
790,9.0,0.48091823,centered
1489,9.0,0.41733813,centered
4093,9.0,0.41733813,centered
5632,9.0,0.46259266,centered
1352,9.0,0.4910871,centered
4429,9.0,0.46813092,centered
5095,9.0,0.38280222,centered
4032,9.0,0.39046696,centered
4065,9.0,0.47675756,centered
4797,9.0,0.46245044,centered
6123,9.0,0.483486,centered
3446,9.0,0.46245044,centered
4971,9.0,0.48091823,centered
4245,9.0,0.46813092,centered
3343,9.0,0.3842342,centered
5621,9.0,0.39076385,centered
3470,9.0,0.45408562,centered
1157,9.0,0.46259266,centered
3104,9.0,0.4224056,centered
4619,9.0,0.4585657,centered
2652,9.0,0.39046696,centered
2662,9.0,0.3842342,centered
612,9.0,0.4224056,centered
2761,9.0,0.45346862,centered
1900,9.0,0.37564453,centered
4463,9.0,0.46813092,centered
1893,9.0,0.3842342,centered
1296,9.0,0.4566914,centered
5574,9.0,0.41235536,centered
5177,9.0,0.4315002,centered
5195,9.0,0.483486,centered
5769,9.0,0.483486,centered
3033,9.0,0.37564453,centered
3665,9.0,0.3989693,centered
4729,9.0,0.4585657,centered
3341,9.0,0.46813092,centered
5904,9.0,0.46813092,centered
6127,9.0,0.45408562,centered
3636,9.0,0.4224056,centered
1151,9.0,0.46699005,centered
1731,9.0,0.483486,centered
355,9.0,0.37564453,centered
1246,9.0,0.3989693,centered
1635,9.0,0.38637975,centered
4426,9.0,0.46813092,centered
994,9.0,0.47675756,centered
5939,9.0,0.46813092,centered
649,9.0,0.483486,centered
3939,9.0,0.48091823,centered
1410,9.0,0.3842342,centered
5520,9.0,0.39046696,centered
4342,9.0,0.38280222,centered
4468,9.0,0.3989693,centered
1551,9.0,0.3842342,centered
3687,9.0,0.3989693,centered
5611,9.0,0.4585657,centered
4332,9.0,0.38637975,centered
5243,9.0,0.39046696,centered
3401,9.0,0.46245044,centered
214,9.0,0.47464788,centered
4927,9.0,0.3989693,centered
1154,9.0,0.41733813,centered
2524,9.0,0.36056256,centered
1013,9.0,0.41733813,centered
803,9.0,0.48091823,centered
566,9.0,0.46895656,centered
3204,9.0,0.46259266,centered
101,9.0,0.483486,centered
3077,9.0,0.48091823,centered
4774,9.0,0.45643082,centered
2439,9.0,0.4440663,centered
902,9.0,0.39046696,centered
1935,9.0,0.4315002,centered
2181,9.0,0.483486,centered
3141,9.0,0.3842342,centered
351,9.0,0.483486,centered
2054,9.0,0.483486,centered
5313,9.0,0.45408562,centered
5957,9.0,0.46259266,centered
1568,9.0,0.48091823,centered
3587,9.0,0.39046696,centered
2320,9.0,0.3989693,centered
3479,9.0,0.3989693,centered
5242,9.0,0.3989693,centered
1375,9.0,0.46813092,centered
4964,9.0,0.3989693,centered
782,9.0,0.48091823,centered
2029,9.0,0.39076385,centered
4491,9.0,0.39046696,centered
1391,9.0,0.3842342,centered
2487,9.0,0.483486,centered
2086,9.0,0.38280222,centered
2826,9.0,0.483486,centered
4411,9.0,0.4566914,centered
1965,9.0,0.483486,centered
3091,9.0,0.47209135,centered
677,9.0,0.4224056,centered
1136,9.0,0.39046696,centered
426,9.0,0.3842342,centered
2846,9.0,0.3457709,centered
847,9.0,0.4315002,centered
4595,9.0,0.483486,centered
6099,9.0,0.41112947,centered
4358,9.0,0.46813092,centered
3318,9.0,0.41733813,centered
4355,9.0,0.3989693,centered
3058,9.0,0.48091823,centered
4852,9.0,0.3842342,centered
1939,9.0,0.47675756,centered
3755,9.0,0.483486,centered
3111,9.0,0.46813092,centered
2299,9.0,0.46813092,centered
1983,9.0,0.38280222,centered
6045,9.0,0.46813092,centered
2122,9.0,0.46813092,centered
5267,9.0,0.41235536,centered
1737,9.0,0.36633185,centered
4673,9.0,0.39076385,centered
4511,9.0,0.4315002,centered
5711,9.0,0.46699005,centered
5309,9.0,0.48091823,centered
4620,9.0,0.33764488,centered
1528,9.0,0.41733813,centered
3008,9.0,0.46245044,centered
2564,9.0,0.483486,centered
1024,9.0,0.483486,centered
228,9.0,0.4585657,centered
1525,9.0,0.4629193,centered
5767,9.0,0.3989693,centered
2265,9.0,0.483486,centered
1056,9.0,0.41733813,centered
2012,9.0,0.483486,centered
4064,9.0,0.483486,centered
5758,9.0,0.3989693,centered
5139,9.0,0.483486,centered
2699,9.0,0.483486,centered
701,9.0,0.4585657,centered
5419,9.0,0.47675756,centered
2753,9.0,0.46813092,centered
5130,9.0,0.4224056,centered
83,9.0,0.3751455,centered
5018,9.0,0.4566914,centered
206,9.0,0.46813092,centered
1199,9.0,0.46259266,centered
3732,9.0,0.4224056,centered
5324,9.0,0.45346862,centered
3704,9.0,0.483486,centered
5222,9.0,0.483486,centered
995,9.0,0.483486,centered
2941,9.0,0.40065137,centered
790,10.0,0.5028734,centered
1489,10.0,0.43716043,centered
4093,10.0,0.43716043,centered
5632,10.0,0.48301035,centered
1352,10.0,0.50563025,centered
4429,10.0,0.48438475,centered
5095,10.0,0.39331833,centered
4032,10.0,0.40903535,centered
4065,10.0,0.49490353,centered
4797,10.0,0.48164576,centered
6123,10.0,0.5018454,centered
3446,10.0,0.48164576,centered
4971,10.0,0.5028734,centered
4245,10.0,0.48438475,centered
3343,10.0,0.40368748,centered
5621,10.0,0.4221622,centered
3470,10.0,0.471467,centered
1157,10.0,0.48301035,centered
3104,10.0,0.43236637,centered
4619,10.0,0.4760905,centered
2652,10.0,0.40903535,centered
2662,10.0,0.40368748,centered
612,10.0,0.43236637,centered
2761,10.0,0.46543187,centered
1900,10.0,0.39426687,centered
4463,10.0,0.48438475,centered
1893,10.0,0.40368748,centered
1296,10.0,0.47177014,centered
5574,10.0,0.4303648,centered
5177,10.0,0.4388867,centered
5195,10.0,0.5018454,centered
5769,10.0,0.5018454,centered
3033,10.0,0.39426687,centered
3665,10.0,0.40491122,centered
4729,10.0,0.4760905,centered
3341,10.0,0.48438475,centered
5904,10.0,0.48438475,centered
6127,10.0,0.471467,centered
3636,10.0,0.43236637,centered
1151,10.0,0.48101687,centered
1731,10.0,0.5018454,centered
355,10.0,0.39426687,centered
1246,10.0,0.40491122,centered
1635,10.0,0.4040219,centered
4426,10.0,0.48438475,centered
994,10.0,0.49490353,centered
5939,10.0,0.48438475,centered
649,10.0,0.5018454,centered
3939,10.0,0.5028734,centered
1410,10.0,0.40368748,centered
5520,10.0,0.40903535,centered
4342,10.0,0.39331833,centered
4468,10.0,0.40491122,centered
1551,10.0,0.40368748,centered
3687,10.0,0.40491122,centered
5611,10.0,0.4760905,centered
4332,10.0,0.4040219,centered
5243,10.0,0.40903535,centered
3401,10.0,0.48164576,centered
214,10.0,0.4916191,centered
4927,10.0,0.40491122,centered
1154,10.0,0.43716043,centered
2524,10.0,0.3695674,centered
1013,10.0,0.43716043,centered
803,10.0,0.5028734,centered
566,10.0,0.48649153,centered
3204,10.0,0.48301035,centered
101,10.0,0.5018454,centered
3077,10.0,0.5028734,centered
4774,10.0,0.48371187,centered
2439,10.0,0.4561919,centered
902,10.0,0.40903535,centered
1935,10.0,0.4388867,centered
2181,10.0,0.5018454,centered
3141,10.0,0.40368748,centered
351,10.0,0.5018454,centered
2054,10.0,0.5018454,centered
5313,10.0,0.471467,centered
5957,10.0,0.48301035,centered
1568,10.0,0.5028734,centered
3587,10.0,0.40903535,centered
2320,10.0,0.40491122,centered
3479,10.0,0.40491122,centered
5242,10.0,0.40491122,centered
1375,10.0,0.48438475,centered
4964,10.0,0.40491122,centered
782,10.0,0.5028734,centered
2029,10.0,0.4221622,centered
4491,10.0,0.40903535,centered
1391,10.0,0.40368748,centered
2487,10.0,0.5018454,centered
2086,10.0,0.39331833,centered
2826,10.0,0.5018454,centered
4411,10.0,0.47177014,centered
1965,10.0,0.5018454,centered
3091,10.0,0.49078485,centered
677,10.0,0.43236637,centered
1136,10.0,0.40903535,centered
426,10.0,0.40368748,centered
2846,10.0,0.37989843,centered
847,10.0,0.4388867,centered
4595,10.0,0.5018454,centered
6099,10.0,0.4313076,centered
4358,10.0,0.48438475,centered
3318,10.0,0.43716043,centered
4355,10.0,0.40491122,centered
3058,10.0,0.5028734,centered
4852,10.0,0.40368748,centered
1939,10.0,0.49490353,centered
3755,10.0,0.5018454,centered
3111,10.0,0.48438475,centered
2299,10.0,0.48438475,centered
1983,10.0,0.39331833,centered
6045,10.0,0.48438475,centered
2122,10.0,0.48438475,centered
5267,10.0,0.4303648,centered
1737,10.0,0.3914505,centered
4673,10.0,0.4221622,centered
4511,10.0,0.4388867,centered
5711,10.0,0.48101687,centered
5309,10.0,0.5028734,centered
4620,10.0,0.35406694,centered
1528,10.0,0.43716043,centered
3008,10.0,0.48164576,centered
2564,10.0,0.5018454,centered
1024,10.0,0.5018454,centered
228,10.0,0.4760905,centered
1525,10.0,0.4762202,centered
5767,10.0,0.40491122,centered
2265,10.0,0.5018454,centered
1056,10.0,0.43716043,centered
2012,10.0,0.5018454,centered
4064,10.0,0.5018454,centered
5758,10.0,0.40491122,centered
5139,10.0,0.5018454,centered
2699,10.0,0.5018454,centered
701,10.0,0.4760905,centered
5419,10.0,0.49490353,centered
2753,10.0,0.48438475,centered
5130,10.0,0.43236637,centered
83,10.0,0.3991912,centered
5018,10.0,0.47177014,centered
206,10.0,0.48438475,centered
1199,10.0,0.48301035,centered
3732,10.0,0.43236637,centered
5324,10.0,0.46543187,centered
3704,10.0,0.5018454,centered
5222,10.0,0.5018454,centered
995,10.0,0.5018454,centered
2941,10.0,0.41182724,centered
790,11.0,0.5186984,centered
1489,11.0,0.45533645,centered
4093,11.0,0.45533645,centered
5632,11.0,0.4975394,centered
1352,11.0,0.51969695,centered
4429,11.0,0.49833223,centered
5095,11.0,0.4035764,centered
4032,11.0,0.4244391,centered
4065,11.0,0.50981474,centered
4797,11.0,0.49487936,centered
6123,11.0,0.5164984,centered
3446,11.0,0.49487936,centered
4971,11.0,0.5186984,centered
4245,11.0,0.49833223,centered
3343,11.0,0.42016602,centered
5621,11.0,0.4486229,centered
3470,11.0,0.48619655,centered
1157,11.0,0.4975394,centered
3104,11.0,0.43987852,centered
4619,11.0,0.48886013,centered
2652,11.0,0.4244391,centered
2662,11.0,0.42016602,centered
612,11.0,0.43987852,centered
2761,11.0,0.47414684,centered
1900,11.0,0.40837184,centered
4463,11.0,0.49833223,centered
1893,11.0,0.42016602,centered
1296,11.0,0.4851654,centered
5574,11.0,0.4464206,centered
5177,11.0,0.44962996,centered
5195,11.0,0.5164984,centered
5769,11.0,0.5164984,centered
3033,11.0,0.40837184,centered
3665,11.0,0.41009957,centered
4729,11.0,0.48886013,centered
3341,11.0,0.49833223,centered
5904,11.0,0.49833223,centered
6127,11.0,0.48619655,centered
3636,11.0,0.43987852,centered
1151,11.0,0.49455357,centered
1731,11.0,0.5164984,centered
355,11.0,0.40837184,centered
1246,11.0,0.41009957,centered
1635,11.0,0.4214218,centered
4426,11.0,0.49833223,centered
994,11.0,0.50981474,centered
5939,11.0,0.49833223,centered
649,11.0,0.5164984,centered
3939,11.0,0.5186984,centered
1410,11.0,0.42016602,centered
5520,11.0,0.4244391,centered
4342,11.0,0.4035764,centered
4468,11.0,0.41009957,centered
1551,11.0,0.42016602,centered
3687,11.0,0.41009957,centered
5611,11.0,0.48886013,centered
4332,11.0,0.4214218,centered
5243,11.0,0.4244391,centered
3401,11.0,0.49487936,centered
214,11.0,0.504144,centered
4927,11.0,0.41009957,centered
1154,11.0,0.45533645,centered
2524,11.0,0.3757606,centered
1013,11.0,0.45533645,centered
803,11.0,0.5186984,centered
566,11.0,0.4966971,centered
3204,11.0,0.4975394,centered
101,11.0,0.5164984,centered
3077,11.0,0.5186984,centered
4774,11.0,0.4996021,centered
2439,11.0,0.47202396,centered
902,11.0,0.4244391,centered
1935,11.0,0.44962996,centered
2181,11.0,0.5164984,centered
3141,11.0,0.42016602,centered
351,11.0,0.5164984,centered
2054,11.0,0.5164984,centered
5313,11.0,0.48619655,centered
5957,11.0,0.4975394,centered
1568,11.0,0.5186984,centered
3587,11.0,0.4244391,centered
2320,11.0,0.41009957,centered
3479,11.0,0.41009957,centered
5242,11.0,0.41009957,centered
1375,11.0,0.49833223,centered
4964,11.0,0.41009957,centered
782,11.0,0.5186984,centered
2029,11.0,0.4486229,centered
4491,11.0,0.4244391,centered
1391,11.0,0.42016602,centered
2487,11.0,0.5164984,centered
2086,11.0,0.4035764,centered
2826,11.0,0.5164984,centered
4411,11.0,0.4851654,centered
1965,11.0,0.5164984,centered
3091,11.0,0.5084522,centered
677,11.0,0.43987852,centered
1136,11.0,0.4244391,centered
426,11.0,0.42016602,centered
2846,11.0,0.4098215,centered
847,11.0,0.44962996,centered
4595,11.0,0.5164984,centered
6099,11.0,0.4467318,centered
4358,11.0,0.49833223,centered
3318,11.0,0.45533645,centered
4355,11.0,0.41009957,centered
3058,11.0,0.5186984,centered
4852,11.0,0.42016602,centered
1939,11.0,0.50981474,centered
3755,11.0,0.5164984,centered
3111,11.0,0.49833223,centered
2299,11.0,0.49833223,centered
1983,11.0,0.4035764,centered
6045,11.0,0.49833223,centered
2122,11.0,0.49833223,centered
5267,11.0,0.4464206,centered
1737,11.0,0.41509727,centered
4673,11.0,0.4486229,centered
4511,11.0,0.44962996,centered
5711,11.0,0.49455357,centered
5309,11.0,0.5186984,centered
4620,11.0,0.370367,centered
1528,11.0,0.45533645,centered
3008,11.0,0.49487936,centered
2564,11.0,0.5164984,centered
1024,11.0,0.5164984,centered
228,11.0,0.48886013,centered
1525,11.0,0.4883867,centered
5767,11.0,0.41009957,centered
2265,11.0,0.5164984,centered
1056,11.0,0.45533645,centered
2012,11.0,0.5164984,centered
4064,11.0,0.5164984,centered
5758,11.0,0.41009957,centered
5139,11.0,0.5164984,centered
2699,11.0,0.5164984,centered
701,11.0,0.48886013,centered
5419,11.0,0.50981474,centered
2753,11.0,0.49833223,centered
5130,11.0,0.43987852,centered
83,11.0,0.41887802,centered
5018,11.0,0.4851654,centered
206,11.0,0.49833223,centered
1199,11.0,0.4975394,centered
3732,11.0,0.43987852,centered
5324,11.0,0.47414684,centered
3704,11.0,0.5164984,centered
5222,11.0,0.5164984,centered
995,11.0,0.5164984,centered
2941,11.0,0.42120513,centered
790,12.0,0.53488433,centered
1489,12.0,0.47120917,centered
4093,12.0,0.47120917,centered
5632,12.0,0.51249856,centered
1352,12.0,0.53143954,centered
4429,12.0,0.5111948,centered
5095,12.0,0.41524097,centered
4032,12.0,0.4384769,centered
4065,12.0,0.52315724,centered
4797,12.0,0.5063674,centered
6123,12.0,0.5291918,centered
3446,12.0,0.5063674,centered
4971,12.0,0.53488433,centered
4245,12.0,0.5111948,centered
3343,12.0,0.4390486,centered
5621,12.0,0.4692416,centered
3470,12.0,0.49803272,centered
1157,12.0,0.51249856,centered
3104,12.0,0.44905722,centered
4619,12.0,0.5012603,centered
2652,12.0,0.4384769,centered
2662,12.0,0.4390486,centered
612,12.0,0.44905722,centered
2761,12.0,0.48398107,centered
1900,12.0,0.42104104,centered
4463,12.0,0.5111948,centered
1893,12.0,0.4390486,centered
1296,12.0,0.49695334,centered
5574,12.0,0.4605525,centered
5177,12.0,0.45535332,centered
5195,12.0,0.5291918,centered
5769,12.0,0.5291918,centered
3033,12.0,0.42104104,centered
3665,12.0,0.41583568,centered
4729,12.0,0.5012603,centered
3341,12.0,0.5111948,centered
5904,12.0,0.5111948,centered
6127,12.0,0.49803272,centered
3636,12.0,0.44905722,centered
1151,12.0,0.51215124,centered
1731,12.0,0.5291918,centered
355,12.0,0.42104104,centered
1246,12.0,0.41583568,centered
1635,12.0,0.43674412,centered
4426,12.0,0.5111948,centered
994,12.0,0.52315724,centered
5939,12.0,0.5111948,centered
649,12.0,0.5291918,centered
3939,12.0,0.53488433,centered
1410,12.0,0.4390486,centered
5520,12.0,0.4384769,centered
4342,12.0,0.41524097,centered
4468,12.0,0.41583568,centered
1551,12.0,0.4390486,centered
3687,12.0,0.41583568,centered
5611,12.0,0.5012603,centered
4332,12.0,0.43674412,centered
5243,12.0,0.4384769,centered
3401,12.0,0.5063674,centered
214,12.0,0.5157945,centered
4927,12.0,0.41583568,centered
1154,12.0,0.47120917,centered
2524,12.0,0.3829987,centered
1013,12.0,0.47120917,centered
803,12.0,0.53488433,centered
566,12.0,0.50907815,centered
3204,12.0,0.51249856,centered
101,12.0,0.5291918,centered
3077,12.0,0.53488433,centered
4774,12.0,0.5147084,centered
2439,12.0,0.48043448,centered
902,12.0,0.4384769,centered
1935,12.0,0.45535332,centered
2181,12.0,0.5291918,centered
3141,12.0,0.4390486,centered
351,12.0,0.5291918,centered
2054,12.0,0.5291918,centered
5313,12.0,0.49803272,centered
5957,12.0,0.51249856,centered
1568,12.0,0.53488433,centered
3587,12.0,0.4384769,centered
2320,12.0,0.41583568,centered
3479,12.0,0.41583568,centered
5242,12.0,0.41583568,centered
1375,12.0,0.5111948,centered
4964,12.0,0.41583568,centered
782,12.0,0.53488433,centered
2029,12.0,0.4692416,centered
4491,12.0,0.4384769,centered
1391,12.0,0.4390486,centered
2487,12.0,0.5291918,centered
2086,12.0,0.41524097,centered
2826,12.0,0.5291918,centered
4411,12.0,0.49695334,centered
1965,12.0,0.5291918,centered
3091,12.0,0.52099967,centered
677,12.0,0.44905722,centered
1136,12.0,0.4384769,centered
426,12.0,0.4390486,centered
2846,12.0,0.43627554,centered
847,12.0,0.45535332,centered
4595,12.0,0.5291918,centered
6099,12.0,0.46278358,centered
4358,12.0,0.5111948,centered
3318,12.0,0.47120917,centered
4355,12.0,0.41583568,centered
3058,12.0,0.53488433,centered
4852,12.0,0.4390486,centered
1939,12.0,0.52315724,centered
3755,12.0,0.5291918,centered
3111,12.0,0.5111948,centered
2299,12.0,0.5111948,centered
1983,12.0,0.41524097,centered
6045,12.0,0.5111948,centered
2122,12.0,0.5111948,centered
5267,12.0,0.4605525,centered
1737,12.0,0.43684062,centered
4673,12.0,0.4692416,centered
4511,12.0,0.45535332,centered
5711,12.0,0.51215124,centered
5309,12.0,0.53488433,centered
4620,12.0,0.38112164,centered
1528,12.0,0.47120917,centered
3008,12.0,0.5063674,centered
2564,12.0,0.5291918,centered
1024,12.0,0.5291918,centered
228,12.0,0.5012603,centered
1525,12.0,0.4991002,centered
5767,12.0,0.41583568,centered
2265,12.0,0.5291918,centered
1056,12.0,0.47120917,centered
2012,12.0,0.5291918,centered
4064,12.0,0.5291918,centered
5758,12.0,0.41583568,centered
5139,12.0,0.5291918,centered
2699,12.0,0.5291918,centered
701,12.0,0.5012603,centered
5419,12.0,0.52315724,centered
2753,12.0,0.5111948,centered
5130,12.0,0.44905722,centered
83,12.0,0.4366219,centered
5018,12.0,0.49695334,centered
206,12.0,0.5111948,centered
1199,12.0,0.51249856,centered
3732,12.0,0.44905722,centered
5324,12.0,0.48398107,centered
3704,12.0,0.5291918,centered
5222,12.0,0.5291918,centered
995,12.0,0.5291918,centered
2941,12.0,0.43028,centered
790,16.0,0.58864826,centered
1489,16.0,0.53972554,centered
4093,16.0,0.53972554,centered
5632,16.0,0.57233554,centered
1352,16.0,0.57941234,centered
4429,16.0,0.56007206,centered
5095,16.0,0.45311937,centered
4032,16.0,0.5057342,centered
4065,16.0,0.57352996,centered
4797,16.0,0.55205494,centered
6123,16.0,0.58336526,centered
3446,16.0,0.55205494,centered
4971,16.0,0.58864826,centered
4245,16.0,0.56007206,centered
3343,16.0,0.50777787,centered
5621,16.0,0.53223944,centered
3470,16.0,0.551391,centered
1157,16.0,0.57233554,centered
3104,16.0,0.47800034,centered
4619,16.0,0.54767203,centered
2652,16.0,0.5057342,centered
2662,16.0,0.50777787,centered
612,16.0,0.47800034,centered
2761,16.0,0.5189568,centered
1900,16.0,0.4855136,centered
4463,16.0,0.56007206,centered
1893,16.0,0.50777787,centered
1296,16.0,0.5488932,centered
5574,16.0,0.51616585,centered
5177,16.0,0.4844913,centered
5195,16.0,0.58336526,centered
5769,16.0,0.58336526,centered
3033,16.0,0.4855136,centered
3665,16.0,0.43805844,centered
4729,16.0,0.54767203,centered
3341,16.0,0.56007206,centered
5904,16.0,0.56007206,centered
6127,16.0,0.551391,centered
3636,16.0,0.47800034,centered
1151,16.0,0.5647136,centered
1731,16.0,0.58336526,centered
355,16.0,0.4855136,centered
1246,16.0,0.43805844,centered
1635,16.0,0.49205217,centered
4426,16.0,0.56007206,centered
994,16.0,0.57352996,centered
5939,16.0,0.56007206,centered
649,16.0,0.58336526,centered
3939,16.0,0.58864826,centered
1410,16.0,0.50777787,centered
5520,16.0,0.5057342,centered
4342,16.0,0.45311937,centered
4468,16.0,0.43805844,centered
1551,16.0,0.50777787,centered
3687,16.0,0.43805844,centered
5611,16.0,0.54767203,centered
4332,16.0,0.49205217,centered
5243,16.0,0.5057342,centered
3401,16.0,0.55205494,centered
214,16.0,0.57069117,centered
4927,16.0,0.43805844,centered
1154,16.0,0.53972554,centered
2524,16.0,0.41415018,centered
1013,16.0,0.53972554,centered
803,16.0,0.58864826,centered
566,16.0,0.5590346,centered
3204,16.0,0.57233554,centered
101,16.0,0.58336526,centered
3077,16.0,0.58864826,centered
4774,16.0,0.56745803,centered
2439,16.0,0.5291089,centered
902,16.0,0.5057342,centered
1935,16.0,0.4844913,centered
2181,16.0,0.58336526,centered
3141,16.0,0.50777787,centered
351,16.0,0.58336526,centered
2054,16.0,0.58336526,centered
5313,16.0,0.551391,centered
5957,16.0,0.57233554,centered
1568,16.0,0.58864826,centered
3587,16.0,0.5057342,centered
2320,16.0,0.43805844,centered
3479,16.0,0.43805844,centered
5242,16.0,0.43805844,centered
1375,16.0,0.56007206,centered
4964,16.0,0.43805844,centered
782,16.0,0.58864826,centered
2029,16.0,0.53223944,centered
4491,16.0,0.5057342,centered
1391,16.0,0.50777787,centered
2487,16.0,0.58336526,centered
2086,16.0,0.45311937,centered
2826,16.0,0.58336526,centered
4411,16.0,0.5488932,centered
1965,16.0,0.58336526,centered
3091,16.0,0.5767623,centered
677,16.0,0.47800034,centered
1136,16.0,0.5057342,centered
426,16.0,0.50777787,centered
2846,16.0,0.506028,centered
847,16.0,0.4844913,centered
4595,16.0,0.58336526,centered
6099,16.0,0.5242319,centered
4358,16.0,0.56007206,centered
3318,16.0,0.53972554,centered
4355,16.0,0.43805844,centered
3058,16.0,0.58864826,centered
4852,16.0,0.50777787,centered
1939,16.0,0.57352996,centered
3755,16.0,0.58336526,centered
3111,16.0,0.56007206,centered
2299,16.0,0.56007206,centered
1983,16.0,0.45311937,centered
6045,16.0,0.56007206,centered
2122,16.0,0.56007206,centered
5267,16.0,0.51616585,centered
1737,16.0,0.505504,centered
4673,16.0,0.53223944,centered
4511,16.0,0.4844913,centered
5711,16.0,0.5647136,centered
5309,16.0,0.58864826,centered
4620,16.0,0.42920846,centered
1528,16.0,0.53972554,centered
3008,16.0,0.55205494,centered
2564,16.0,0.58336526,centered
1024,16.0,0.58336526,centered
228,16.0,0.54767203,centered
1525,16.0,0.5496085,centered
5767,16.0,0.43805844,centered
2265,16.0,0.58336526,centered
1056,16.0,0.53972554,centered
2012,16.0,0.58336526,centered
4064,16.0,0.58336526,centered
5758,16.0,0.43805844,centered
5139,16.0,0.58336526,centered
2699,16.0,0.58336526,centered
701,16.0,0.54767203,centered
5419,16.0,0.57352996,centered
2753,16.0,0.56007206,centered
5130,16.0,0.47800034,centered
83,16.0,0.49579173,centered
5018,16.0,0.5488932,centered
206,16.0,0.56007206,centered
1199,16.0,0.57233554,centered
3732,16.0,0.47800034,centered
5324,16.0,0.5189568,centered
3704,16.0,0.58336526,centered
5222,16.0,0.58336526,centered
995,16.0,0.58336526,centered
2941,16.0,0.4671242,centered
790,19.0,0.6276647,centered
1489,19.0,0.59058815,centered
4093,19.0,0.59058815,centered
5632,19.0,0.61943036,centered
1352,19.0,0.60606015,centered
4429,19.0,0.5925611,centered
5095,19.0,0.47456166,centered
4032,19.0,0.54827046,centered
4065,19.0,0.61042607,centered
4797,19.0,0.5898724,centered
6123,19.0,0.6158152,centered
3446,19.0,0.5898724,centered
4971,19.0,0.6276647,centered
4245,19.0,0.5925611,centered
3343,19.0,0.55812013,centered
5621,19.0,0.57778764,centered
3470,19.0,0.59437454,centered
1157,19.0,0.61943036,centered
3104,19.0,0.49383825,centered
4619,19.0,0.57361853,centered
2652,19.0,0.54827046,centered
2662,19.0,0.55812013,centered
612,19.0,0.49383825,centered
2761,19.0,0.5414921,centered
1900,19.0,0.5335343,centered
4463,19.0,0.5925611,centered
1893,19.0,0.55812013,centered
1296,19.0,0.5907949,centered
5574,19.0,0.56400144,centered
5177,19.0,0.5034974,centered
5195,19.0,0.6158152,centered
5769,19.0,0.6158152,centered
3033,19.0,0.5335343,centered
3665,19.0,0.452012,centered
4729,19.0,0.57361853,centered
3341,19.0,0.5925611,centered
5904,19.0,0.5925611,centered
6127,19.0,0.59437454,centered
3636,19.0,0.49383825,centered
1151,19.0,0.59499717,centered
1731,19.0,0.6158152,centered
355,19.0,0.5335343,centered
1246,19.0,0.452012,centered
1635,19.0,0.5366192,centered
4426,19.0,0.5925611,centered
994,19.0,0.61042607,centered
5939,19.0,0.5925611,centered
649,19.0,0.6158152,centered
3939,19.0,0.6276647,centered
1410,19.0,0.55812013,centered
5520,19.0,0.54827046,centered
4342,19.0,0.47456166,centered
4468,19.0,0.452012,centered
1551,19.0,0.55812013,centered
3687,19.0,0.452012,centered
5611,19.0,0.57361853,centered
4332,19.0,0.5366192,centered
5243,19.0,0.54827046,centered
3401,19.0,0.5898724,centered
214,19.0,0.61036736,centered
4927,19.0,0.452012,centered
1154,19.0,0.59058815,centered
2524,19.0,0.4309212,centered
1013,19.0,0.59058815,centered
803,19.0,0.6276647,centered
566,19.0,0.60273206,centered
3204,19.0,0.61943036,centered
101,19.0,0.6158152,centered
3077,19.0,0.6276647,centered
4774,19.0,0.60840523,centered
2439,19.0,0.5602619,centered
902,19.0,0.54827046,centered
1935,19.0,0.5034974,centered
2181,19.0,0.6158152,centered
3141,19.0,0.55812013,centered
351,19.0,0.6158152,centered
2054,19.0,0.6158152,centered
5313,19.0,0.59437454,centered
5957,19.0,0.61943036,centered
1568,19.0,0.6276647,centered
3587,19.0,0.54827046,centered
2320,19.0,0.452012,centered
3479,19.0,0.452012,centered
5242,19.0,0.452012,centered
1375,19.0,0.5925611,centered
4964,19.0,0.452012,centered
782,19.0,0.6276647,centered
2029,19.0,0.57778764,centered
4491,19.0,0.54827046,centered
1391,19.0,0.55812013,centered
2487,19.0,0.6158152,centered
2086,19.0,0.47456166,centered
2826,19.0,0.6158152,centered
4411,19.0,0.5907949,centered
1965,19.0,0.6158152,centered
3091,19.0,0.6191385,centered
677,19.0,0.49383825,centered
1136,19.0,0.54827046,centered
426,19.0,0.55812013,centered
2846,19.0,0.5544287,centered
847,19.0,0.5034974,centered
4595,19.0,0.6158152,centered
6099,19.0,0.57544696,centered
4358,19.0,0.5925611,centered
3318,19.0,0.59058815,centered
4355,19.0,0.452012,centered
3058,19.0,0.6276647,centered
4852,19.0,0.55812013,centered
1939,19.0,0.61042607,centered
3755,19.0,0.6158152,centered
3111,19.0,0.5925611,centered
2299,19.0,0.5925611,centered
1983,19.0,0.47456166,centered
6045,19.0,0.5925611,centered
2122,19.0,0.5925611,centered
5267,19.0,0.56400144,centered
1737,19.0,0.5499536,centered
4673,19.0,0.57778764,centered
4511,19.0,0.5034974,centered
5711,19.0,0.59499717,centered
5309,19.0,0.6276647,centered
4620,19.0,0.47227716,centered
1528,19.0,0.59058815,centered
3008,19.0,0.5898724,centered
2564,19.0,0.6158152,centered
1024,19.0,0.6158152,centered
228,19.0,0.57361853,centered
1525,19.0,0.5902152,centered
5767,19.0,0.452012,centered
2265,19.0,0.6158152,centered
1056,19.0,0.59058815,centered
2012,19.0,0.6158152,centered
4064,19.0,0.6158152,centered
5758,19.0,0.452012,centered
5139,19.0,0.6158152,centered
2699,19.0,0.6158152,centered
701,19.0,0.57361853,centered
5419,19.0,0.61042607,centered
2753,19.0,0.5925611,centered
5130,19.0,0.49383825,centered
83,19.0,0.5487761,centered
5018,19.0,0.5907949,centered
206,19.0,0.5925611,centered
1199,19.0,0.61943036,centered
3732,19.0,0.49383825,centered
5324,19.0,0.5414921,centered
3704,19.0,0.6158152,centered
5222,19.0,0.6158152,centered
995,19.0,0.6158152,centered
2941,19.0,0.48946288,centered
790,21.0,0.6495643,centered
1489,21.0,0.6232001,centered
4093,21.0,0.6232001,centered
5632,21.0,0.6465636,centered
1352,21.0,0.62147486,centered
4429,21.0,0.6126814,centered
5095,21.0,0.48816785,centered
4032,21.0,0.57873726,centered
4065,21.0,0.6335063,centered
4797,21.0,0.613712,centered
6123,21.0,0.63448083,centered
3446,21.0,0.613712,centered
4971,21.0,0.6495643,centered
4245,21.0,0.6126814,centered
3343,21.0,0.59862113,centered
5621,21.0,0.60837543,centered
3470,21.0,0.6243434,centered
1157,21.0,0.6465636,centered
3104,21.0,0.50306535,centered
4619,21.0,0.5883596,centered
2652,21.0,0.57873726,centered
2662,21.0,0.59862113,centered
612,21.0,0.50306535,centered
2761,21.0,0.55276626,centered
1900,21.0,0.56683075,centered
4463,21.0,0.6126814,centered
1893,21.0,0.59862113,centered
1296,21.0,0.6163609,centered
5574,21.0,0.5991642,centered
5177,21.0,0.51370174,centered
5195,21.0,0.63448083,centered
5769,21.0,0.63448083,centered
3033,21.0,0.56683075,centered
3665,21.0,0.4587235,centered
4729,21.0,0.5883596,centered
3341,21.0,0.6126814,centered
5904,21.0,0.6126814,centered
6127,21.0,0.6243434,centered
3636,21.0,0.50306535,centered
1151,21.0,0.6135961,centered
1731,21.0,0.63448083,centered
355,21.0,0.56683075,centered
1246,21.0,0.4587235,centered
1635,21.0,0.5723498,centered
4426,21.0,0.6126814,centered
994,21.0,0.6335063,centered
5939,21.0,0.6126814,centered
649,21.0,0.63448083,centered
3939,21.0,0.6495643,centered
1410,21.0,0.59862113,centered
5520,21.0,0.57873726,centered
4342,21.0,0.48816785,centered
4468,21.0,0.4587235,centered
1551,21.0,0.59862113,centered
3687,21.0,0.4587235,centered
5611,21.0,0.5883596,centered
4332,21.0,0.5723498,centered
5243,21.0,0.57873726,centered
3401,21.0,0.613712,centered
214,21.0,0.6343688,centered
4927,21.0,0.4587235,centered
1154,21.0,0.6232001,centered
2524,21.0,0.44100165,centered
1013,21.0,0.6232001,centered
803,21.0,0.6495643,centered
566,21.0,0.62971365,centered
3204,21.0,0.6465636,centered
101,21.0,0.63448083,centered
3077,21.0,0.6495643,centered
4774,21.0,0.63436615,centered
2439,21.0,0.57866716,centered
902,21.0,0.57873726,centered
1935,21.0,0.51370174,centered
2181,21.0,0.63448083,centered
3141,21.0,0.59862113,centered
351,21.0,0.63448083,centered
2054,21.0,0.63448083,centered
5313,21.0,0.6243434,centered
5957,21.0,0.6465636,centered
1568,21.0,0.6495643,centered
3587,21.0,0.57873726,centered
2320,21.0,0.4587235,centered
3479,21.0,0.4587235,centered
5242,21.0,0.4587235,centered
1375,21.0,0.6126814,centered
4964,21.0,0.4587235,centered
782,21.0,0.6495643,centered
2029,21.0,0.60837543,centered
4491,21.0,0.57873726,centered
1391,21.0,0.59862113,centered
2487,21.0,0.63448083,centered
2086,21.0,0.48816785,centered
2826,21.0,0.63448083,centered
4411,21.0,0.6163609,centered
1965,21.0,0.63448083,centered
3091,21.0,0.64732075,centered
677,21.0,0.50306535,centered
1136,21.0,0.57873726,centered
426,21.0,0.59862113,centered
2846,21.0,0.58669263,centered
847,21.0,0.51370174,centered
4595,21.0,0.63448083,centered
6099,21.0,0.6100246,centered
4358,21.0,0.6126814,centered
3318,21.0,0.6232001,centered
4355,21.0,0.4587235,centered
3058,21.0,0.6495643,centered
4852,21.0,0.59862113,centered
1939,21.0,0.6335063,centered
3755,21.0,0.63448083,centered
3111,21.0,0.6126814,centered
2299,21.0,0.6126814,centered
1983,21.0,0.48816785,centered
6045,21.0,0.6126814,centered
2122,21.0,0.6126814,centered
5267,21.0,0.5991642,centered
1737,21.0,0.5800332,centered
4673,21.0,0.60837543,centered
4511,21.0,0.51370174,centered
5711,21.0,0.6135961,centered
5309,21.0,0.6495643,centered
4620,21.0,0.5056885,centered
1528,21.0,0.6232001,centered
3008,21.0,0.613712,centered
2564,21.0,0.63448083,centered
1024,21.0,0.63448083,centered
228,21.0,0.5883596,centered
1525,21.0,0.61228544,centered
5767,21.0,0.4587235,centered
2265,21.0,0.63448083,centered
1056,21.0,0.6232001,centered
2012,21.0,0.63448083,centered
4064,21.0,0.63448083,centered
5758,21.0,0.4587235,centered
5139,21.0,0.63448083,centered
2699,21.0,0.63448083,centered
701,21.0,0.5883596,centered
5419,21.0,0.6335063,centered
2753,21.0,0.6126814,centered
5130,21.0,0.50306535,centered
83,21.0,0.58493704,centered
5018,21.0,0.6163609,centered
206,21.0,0.6126814,centered
1199,21.0,0.6465636,centered
3732,21.0,0.50306535,centered
5324,21.0,0.55276626,centered
3704,21.0,0.63448083,centered
5222,21.0,0.63448083,centered
995,21.0,0.63448083,centered
2941,21.0,0.50224614,centered
790,24.0,0.6759677,centered
1489,24.0,0.6652919,centered
4093,24.0,0.6652919,centered
5632,24.0,0.676529,centered
1352,24.0,0.6375655,centered
4429,24.0,0.6380371,centered
5095,24.0,0.5038018,centered
4032,24.0,0.62277937,centered
4065,24.0,0.6633444,centered
4797,24.0,0.6438622,centered
6123,24.0,0.6568439,centered
3446,24.0,0.6438622,centered
4971,24.0,0.6759677,centered
4245,24.0,0.6380371,centered
3343,24.0,0.64896953,centered
5621,24.0,0.65516603,centered
3470,24.0,0.6612458,centered
1157,24.0,0.676529,centered
3104,24.0,0.5123249,centered
4619,24.0,0.60340214,centered
2652,24.0,0.62277937,centered
2662,24.0,0.64896953,centered
612,24.0,0.5123249,centered
2761,24.0,0.56642926,centered
1900,24.0,0.6146543,centered
4463,24.0,0.6380371,centered
1893,24.0,0.64896953,centered
1296,24.0,0.6472386,centered
5574,24.0,0.64459527,centered
5177,24.0,0.52239317,centered
5195,24.0,0.6568439,centered
5769,24.0,0.6568439,centered
3033,24.0,0.6146543,centered
3665,24.0,0.46567553,centered
4729,24.0,0.60340214,centered
3341,24.0,0.6380371,centered
5904,24.0,0.6380371,centered
6127,24.0,0.6612458,centered
3636,24.0,0.5123249,centered
1151,24.0,0.6337329,centered
1731,24.0,0.6568439,centered
355,24.0,0.6146543,centered
1246,24.0,0.46567553,centered
1635,24.0,0.6245527,centered
4426,24.0,0.6380371,centered
994,24.0,0.6633444,centered
5939,24.0,0.6380371,centered
649,24.0,0.6568439,centered
3939,24.0,0.6759677,centered
1410,24.0,0.64896953,centered
5520,24.0,0.62277937,centered
4342,24.0,0.5038018,centered
4468,24.0,0.46567553,centered
1551,24.0,0.64896953,centered
3687,24.0,0.46567553,centered
5611,24.0,0.60340214,centered
4332,24.0,0.6245527,centered
5243,24.0,0.62277937,centered
3401,24.0,0.6438622,centered
214,24.0,0.66342825,centered
4927,24.0,0.46567553,centered
1154,24.0,0.6652919,centered
2524,24.0,0.45126522,centered
1013,24.0,0.6652919,centered
803,24.0,0.6759677,centered
566,24.0,0.660866,centered
3204,24.0,0.676529,centered
101,24.0,0.6568439,centered
3077,24.0,0.6759677,centered
4774,24.0,0.6700673,centered
2439,24.0,0.6004379,centered
902,24.0,0.62277937,centered
1935,24.0,0.52239317,centered
2181,24.0,0.6568439,centered
3141,24.0,0.64896953,centered
351,24.0,0.6568439,centered
2054,24.0,0.6568439,centered
5313,24.0,0.6612458,centered
5957,24.0,0.676529,centered
1568,24.0,0.6759677,centered
3587,24.0,0.62277937,centered
2320,24.0,0.46567553,centered
3479,24.0,0.46567553,centered
5242,24.0,0.46567553,centered
1375,24.0,0.6380371,centered
4964,24.0,0.46567553,centered
782,24.0,0.6759677,centered
2029,24.0,0.65516603,centered
4491,24.0,0.62277937,centered
1391,24.0,0.64896953,centered
2487,24.0,0.6568439,centered
2086,24.0,0.5038018,centered
2826,24.0,0.6568439,centered
4411,24.0,0.6472386,centered
1965,24.0,0.6568439,centered
3091,24.0,0.6844274,centered
677,24.0,0.5123249,centered
1136,24.0,0.62277937,centered
426,24.0,0.64896953,centered
2846,24.0,0.6342242,centered
847,24.0,0.52239317,centered
4595,24.0,0.6568439,centered
6099,24.0,0.65900147,centered
4358,24.0,0.6380371,centered
3318,24.0,0.6652919,centered
4355,24.0,0.46567553,centered
3058,24.0,0.6759677,centered
4852,24.0,0.64896953,centered
1939,24.0,0.6633444,centered
3755,24.0,0.6568439,centered
3111,24.0,0.6380371,centered
2299,24.0,0.6380371,centered
1983,24.0,0.5038018,centered
6045,24.0,0.6380371,centered
2122,24.0,0.6380371,centered
5267,24.0,0.64459527,centered
1737,24.0,0.6200355,centered
4673,24.0,0.65516603,centered
4511,24.0,0.52239317,centered
5711,24.0,0.6337329,centered
5309,24.0,0.6759677,centered
4620,24.0,0.54071975,centered
1528,24.0,0.6652919,centered
3008,24.0,0.6438622,centered
2564,24.0,0.6568439,centered
1024,24.0,0.6568439,centered
228,24.0,0.60340214,centered
1525,24.0,0.6402779,centered
5767,24.0,0.46567553,centered
2265,24.0,0.6568439,centered
1056,24.0,0.6652919,centered
2012,24.0,0.6568439,centered
4064,24.0,0.6568439,centered
5758,24.0,0.46567553,centered
5139,24.0,0.6568439,centered
2699,24.0,0.6568439,centered
701,24.0,0.60340214,centered
5419,24.0,0.6633444,centered
2753,24.0,0.6380371,centered
5130,24.0,0.5123249,centered
83,24.0,0.6402658,centered
5018,24.0,0.6472386,centered
206,24.0,0.6380371,centered
1199,24.0,0.676529,centered
3732,24.0,0.5123249,centered
5324,24.0,0.56642926,centered
3704,24.0,0.6568439,centered
5222,24.0,0.6568439,centered
995,24.0,0.6568439,centered
2941,24.0,0.51483095,centered
790,28.0,0.70185876,centered
1489,28.0,0.7080952,centered
4093,28.0,0.7080952,centered
5632,28.0,0.70269215,centered
1352,28.0,0.6497474,centered
4429,28.0,0.6592934,centered
5095,28.0,0.5151992,centered
4032,28.0,0.6682259,centered
4065,28.0,0.6896846,centered
4797,28.0,0.6707012,centered
6123,28.0,0.6762851,centered
3446,28.0,0.6707012,centered
4971,28.0,0.70185876,centered
4245,28.0,0.6592934,centered
3343,28.0,0.69948554,centered
5621,28.0,0.7068634,centered
3470,28.0,0.6941767,centered
1157,28.0,0.70269215,centered
3104,28.0,0.5190116,centered
4619,28.0,0.6141195,centered
2652,28.0,0.6682259,centered
2662,28.0,0.69948554,centered
612,28.0,0.5190116,centered
2761,28.0,0.57774496,centered
1900,28.0,0.66947687,centered
4463,28.0,0.6592934,centered
1893,28.0,0.69948554,centered
1296,28.0,0.67513967,centered
5574,28.0,0.69358504,centered
5177,28.0,0.53065616,centered
5195,28.0,0.6762851,centered
5769,28.0,0.6762851,centered
3033,28.0,0.66947687,centered
3665,28.0,0.47025228,centered
4729,28.0,0.6141195,centered
3341,28.0,0.6592934,centered
5904,28.0,0.6592934,centered
6127,28.0,0.6941767,centered
3636,28.0,0.5190116,centered
1151,28.0,0.65084326,centered
1731,28.0,0.6762851,centered
355,28.0,0.66947687,centered
1246,28.0,0.47025228,centered
1635,28.0,0.68168163,centered
4426,28.0,0.6592934,centered
994,28.0,0.6896846,centered
5939,28.0,0.6592934,centered
649,28.0,0.6762851,centered
3939,28.0,0.70185876,centered
1410,28.0,0.69948554,centered
5520,28.0,0.6682259,centered
4342,28.0,0.5151992,centered
4468,28.0,0.47025228,centered
1551,28.0,0.69948554,centered
3687,28.0,0.47025228,centered
5611,28.0,0.6141195,centered
4332,28.0,0.68168163,centered
5243,28.0,0.6682259,centered
3401,28.0,0.6707012,centered
214,28.0,0.68860245,centered
4927,28.0,0.47025228,centered
1154,28.0,0.7080952,centered
2524,28.0,0.45943904,centered
1013,28.0,0.7080952,centered
803,28.0,0.70185876,centered
566,28.0,0.69216144,centered
3204,28.0,0.70269215,centered
101,28.0,0.6762851,centered
3077,28.0,0.70185876,centered
4774,28.0,0.7036358,centered
2439,28.0,0.61708915,centered
902,28.0,0.6682259,centered
1935,28.0,0.53065616,centered
2181,28.0,0.6762851,centered
3141,28.0,0.69948554,centered
351,28.0,0.6762851,centered
2054,28.0,0.6762851,centered
5313,28.0,0.6941767,centered
5957,28.0,0.70269215,centered
1568,28.0,0.70185876,centered
3587,28.0,0.6682259,centered
2320,28.0,0.47025228,centered
3479,28.0,0.47025228,centered
5242,28.0,0.47025228,centered
1375,28.0,0.6592934,centered
4964,28.0,0.47025228,centered
782,28.0,0.70185876,centered
2029,28.0,0.7068634,centered
4491,28.0,0.6682259,centered
1391,28.0,0.69948554,centered
2487,28.0,0.6762851,centered
2086,28.0,0.5151992,centered
2826,28.0,0.6762851,centered
4411,28.0,0.67513967,centered
1965,28.0,0.6762851,centered
3091,28.0,0.7182884,centered
677,28.0,0.5190116,centered
1136,28.0,0.6682259,centered
426,28.0,0.69948554,centered
2846,28.0,0.6947369,centered
847,28.0,0.53065616,centered
4595,28.0,0.6762851,centered
6099,28.0,0.70948637,centered
4358,28.0,0.6592934,centered
3318,28.0,0.7080952,centered
4355,28.0,0.47025228,centered
3058,28.0,0.70185876,centered
4852,28.0,0.69948554,centered
1939,28.0,0.6896846,centered
3755,28.0,0.6762851,centered
3111,28.0,0.6592934,centered
2299,28.0,0.6592934,centered
1983,28.0,0.5151992,centered
6045,28.0,0.6592934,centered
2122,28.0,0.6592934,centered
5267,28.0,0.69358504,centered
1737,28.0,0.6662853,centered
4673,28.0,0.7068634,centered
4511,28.0,0.53065616,centered
5711,28.0,0.65084326,centered
5309,28.0,0.70185876,centered
4620,28.0,0.596519,centered
1528,28.0,0.7080952,centered
3008,28.0,0.6707012,centered
2564,28.0,0.6762851,centered
1024,28.0,0.6762851,centered
228,28.0,0.6141195,centered
1525,28.0,0.6650651,centered
5767,28.0,0.47025228,centered
2265,28.0,0.6762851,centered
1056,28.0,0.7080952,centered
2012,28.0,0.6762851,centered
4064,28.0,0.6762851,centered
5758,28.0,0.47025228,centered
5139,28.0,0.6762851,centered
2699,28.0,0.6762851,centered
701,28.0,0.6141195,centered
5419,28.0,0.6896846,centered
2753,28.0,0.6592934,centered
5130,28.0,0.5190116,centered
83,28.0,0.70052946,centered
5018,28.0,0.67513967,centered
206,28.0,0.6592934,centered
1199,28.0,0.70269215,centered
3732,28.0,0.5190116,centered
5324,28.0,0.57774496,centered
3704,28.0,0.6762851,centered
5222,28.0,0.6762851,centered
995,28.0,0.6762851,centered
2941,28.0,0.5270107,centered
