permutation,identity,auc,mean_score,fit_seconds
0,True,0.7354662133326749,0.4459894299507141,17.063660042127594
1,False,0.7356202246213497,0.4456192553043365,16.52711149980314
2,False,0.7360763801939132,0.4463608562946319,16.338721458101645
3,False,0.7363773488191097,0.4458337426185608,15.696390917059034
4,False,0.7349971255144976,0.4465048313140869,16.28125966596417
5,False,0.7354415245001393,0.446561723947525,15.778633082984015
6,False,0.735749547077489,0.4456484019756317,15.431113833095878
7,False,0.7359258958813151,0.446844607591629,16.22226991597563
8,False,0.7356413864778087,0.4452094435691833,15.987440708093343
9,False,0.7358130326468661,0.4460125863552093,15.72094541694969
10,False,0.735757776688334,0.446112185716629,15.77966787503101
11,False,0.7358294918685566,0.4454816877841949,16.425803458085284
12,False,0.7360293538462264,0.4454119503498077,15.979615750024095
13,False,0.7361774868414401,0.4465266764163971,15.503479083068669
14,False,0.7355238206085916,0.4461028277873993,15.650640249950811
15,False,0.7358189109403271,0.4464188814163208,15.753088708035648
16,False,0.7357048720471864,0.4455497860908508,16.60312954080291
17,False,0.735066489377336,0.4454147219657898,15.656528249848634
18,False,0.7357001694124176,0.4451508820056915,15.53430441603996
19,False,0.7354086060567585,0.4460413157939911,15.416974833002314
