pair,run_a,run_b,feature_set,model,operating_point,n,l2,rmse,mean_abs_delta,max_abs_delta,correlation,threshold,flip_rate,n_flips,flagged_by_a_only,flagged_by_b_only
X1_vs_X2,X1_to_X3,X2_to_X3,age_blind,TabPFN,0.5,1235,1.4747029239327765,0.041963438046433064,0.03467214259919029,0.09927699000000001,0.9728131015502284,0.5,0.07206477732793522,89,89,0
X1_vs_X2,X1_to_X3,X2_to_X3,age_blind,TabPFN,break_even,1235,1.4747029239327765,0.041963438046433064,0.03467214259919029,0.09927699000000001,0.9728131015502284,0.2523364485981308,0.11093117408906883,137,0,137
X1_vs_X2,X1_to_X3,X2_to_X3,age_blind,COMPAS tool,0.5,1235,0.0,0.0,0.0,0.0,0.9999999999999999,0.5,0.0,0,0,0
X1_vs_X2,X1_to_X3,X2_to_X3,age_blind,COMPAS tool,break_even,1235,0.0,0.0,0.0,0.0,0.9999999999999999,0.2523364485981308,0.0,0,0,0
X1_vs_X2,X1_to_X3,X2_to_X3,protected_blind,TabPFN,0.5,1235,1.3940557575878718,0.03966858101888366,0.034741712963562765,0.0837772,0.9758560847065216,0.5,0.08987854251012145,111,111,0
X1_vs_X2,X1_to_X3,X2_to_X3,protected_blind,TabPFN,break_even,1235,1.3940557575878718,0.03966858101888366,0.034741712963562765,0.0837772,0.9758560847065216,0.2523364485981308,0.0,0,0,0
X1_vs_X2,X1_to_X3,X2_to_X3,protected_blind,COMPAS tool,0.5,1235,0.0,0.0,0.0,0.0,0.9999999999999999,0.5,0.0,0,0,0
X1_vs_X2,X1_to_X3,X2_to_X3,protected_blind,COMPAS tool,break_even,1235,0.0,0.0,0.0,0.0,0.9999999999999999,0.2523364485981308,0.0,0,0,0
X1_vs_X2,X1_to_X3,X2_to_X3,race_aware,TabPFN,0.5,1235,1.2846582826356279,0.036555619019491864,0.030042930639676117,0.09094716000000003,0.9851967624333466,0.5,0.03805668016194332,47,44,3
X1_vs_X2,X1_to_X3,X2_to_X3,race_aware,TabPFN,break_even,1235,1.2846582826356279,0.036555619019491864,0.030042930639676117,0.09094716000000003,0.9851967624333466,0.2523364485981308,0.06558704453441296,81,8,73
X1_vs_X2,X1_to_X3,X2_to_X3,race_aware,COMPAS tool,0.5,1235,0.0,0.0,0.0,0.0,0.9999999999999999,0.5,0.0,0,0,0
X1_vs_X2,X1_to_X3,X2_to_X3,race_aware,COMPAS tool,break_even,1235,0.0,0.0,0.0,0.0,0.9999999999999999,0.2523364485981308,0.0,0,0,0
X1_vs_X2,X1_to_X3,X2_to_X3,race_blind,TabPFN,0.5,1235,1.1210262330763785,0.031899384016052336,0.0269132155222672,0.07938451000000002,0.9886367329232697,0.5,0.03724696356275304,46,43,3
X1_vs_X2,X1_to_X3,X2_to_X3,race_blind,TabPFN,break_even,1235,1.1210262330763785,0.031899384016052336,0.0269132155222672,0.07938451000000002,0.9886367329232697,0.2523364485981308,0.1368421052631579,169,14,155
X1_vs_X2,X1_to_X3,X2_to_X3,race_blind,COMPAS tool,0.5,1235,0.0,0.0,0.0,0.0,0.9999999999999999,0.5,0.0,0,0,0
X1_vs_X2,X1_to_X3,X2_to_X3,race_blind,COMPAS tool,break_even,1235,0.0,0.0,0.0,0.0,0.9999999999999999,0.2523364485981308,0.0,0,0,0
X1_vs_X2,X1_to_X3,X2_to_X3,race_priors_blind,TabPFN,0.5,1235,0.5286780170223432,0.015043807707835994,0.01169550945748987,0.04921770999999997,0.9911908305101745,0.5,0.0,0,0,0
X1_vs_X2,X1_to_X3,X2_to_X3,race_priors_blind,TabPFN,break_even,1235,0.5286780170223432,0.015043807707835994,0.01169550945748987,0.04921770999999997,0.9911908305101745,0.2523364485981308,0.0,0,0,0
X1_vs_X2,X1_to_X3,X2_to_X3,race_priors_blind,COMPAS tool,0.5,1235,0.0,0.0,0.0,0.0,0.9999999999999999,0.5,0.0,0,0,0
X1_vs_X2,X1_to_X3,X2_to_X3,race_priors_blind,COMPAS tool,break_even,1235,0.0,0.0,0.0,0.0,0.9999999999999999,0.2523364485981308,0.0,0,0,0
X1_vs_X2,X1_to_X3,X2_to_X3,race_proxy_blind,TabPFN,0.5,1235,0.07859151418130852,0.0022363623769915586,0.001453196404858262,0.00488909999999998,0.9999751864940308,0.5,0.0,0,0,0
X1_vs_X2,X1_to_X3,X2_to_X3,race_proxy_blind,TabPFN,break_even,1235,0.07859151418130852,0.0022363623769915586,0.001453196404858262,0.00488909999999998,0.9999751864940308,0.2523364485981308,0.0,0,0,0
X1_vs_X2,X1_to_X3,X2_to_X3,race_proxy_blind,COMPAS tool,0.5,1235,0.0,0.0,0.0,0.0,0.9999999999999999,0.5,0.0,0,0,0
X1_vs_X2,X1_to_X3,X2_to_X3,race_proxy_blind,COMPAS tool,break_even,1235,0.0,0.0,0.0,0.0,0.9999999999999999,0.2523364485981308,0.0,0,0,0
X1_vs_X2,X1_to_X3,X2_to_X3,sex_blind,TabPFN,0.5,1235,1.3214760964058596,0.03760328904311397,0.031025188121457485,0.09608984999999992,0.984350391108256,0.5,0.034817813765182185,43,39,4
X1_vs_X2,X1_to_X3,X2_to_X3,sex_blind,TabPFN,break_even,1235,1.3214760964058596,0.03760328904311397,0.031025188121457485,0.09608984999999992,0.984350391108256,0.2523364485981308,0.04696356275303644,58,15,43
X1_vs_X2,X1_to_X3,X2_to_X3,sex_blind,COMPAS tool,0.5,1235,0.0,0.0,0.0,0.0,0.9999999999999999,0.5,0.0,0,0,0
X1_vs_X2,X1_to_X3,X2_to_X3,sex_blind,COMPAS tool,break_even,1235,0.0,0.0,0.0,0.0,0.9999999999999999,0.2523364485981308,0.0,0,0,0
